;Inventário Equipamentos;;;;;;;;;;;;;;;;;;;;;;;;;;;;;;;;
;;;;;;;;;;;;;;;;;;;;;;;;;;;;;;;;;
;"
 Unidade de Saúde: HOSPITAL UNIVERSITÁRIO PROFº. DR. HORÁCIO CARLOS PANEPUCCI";;;;;;;;;;;;;;;;;;;;;;;;;;;;;;;;
;;;;;;;;;;;;;;;;;;;;;;;;;;;;;;;;;
NEC;U.S.;Sigla Órgão;Nome Órgão;Localização;Identificador;N.º Série;Tipo Equipamento;Classe;Marca;Modelo;Fornecedor;Valor (R$);Aquisição;Núm. Doc. da Aquisição;Nota Fiscal;Garantia;Data Desativação;Desativado;Parecer Desativação;Permitir O.S.;Baixado;Contrato;Equipamento Crítico;Equipamento Próprio;Descrição Complementar;N.º Quebras;N.º Serviço Externo;N.º Peças Utilizadas;Custo Serviço Externo (R$);Custo Peça (R$);Vida Útil;Indisponibilidade (dias);Última MP
HU-UFSCAR;HU;LAC;LABORATÓRIO DE ANÁLISES CLÍNICAS;LABORATÓRIO;500031/0010018007;H6CT81002153;AGITADOR AQUECEDOR;EQUIPAMENTO;THERMO SCIENTIFIC;TUBE REVOLVER;DATAMED LTDA;5646;04/05/2020;;38152;04/05/2022;;NÃO;NÃO;SIM;NÃO;NÃO;NÃO;SIM;;;;;;;;;
HU-UFSCAR;HU;LAC;LABORATÓRIO DE ANÁLISES CLÍNICAS;LABORATÓRIO;499754/0010018006;J7KT18381;AGITADOR LAB;EQUIPAMENTO;THERMO SCIENTIFIC;LP VORTEX MIXER;DATAMED LTDA;3340;04/05/2020;;38152;04/05/2022;;NÃO;NÃO;SIM;NÃO;NÃO;NÃO;SIM;;;;;;;;;
HU-UFSCAR;HU;LAC;LABORATÓRIO DE ANÁLISES CLÍNICAS;LABORATÓRIO;500032/0010018008;J7KT18382;AGITADOR LAB;EQUIPAMENTO;THERMO SCIENTIFIC;LP VORTEX MIXER;DATAMED LTDA;3340;04/05/2020;;38152;04/05/2022;;NÃO;NÃO;SIM;NÃO;NÃO;NÃO;SIM;;;;;;;;;
HU-UFSCAR;HU;STEC-ECQ;ECQ/HU-UFSCAR;ENGENHARIA CLÍNICA;ECQ001;1447HF400-;ANA BISTURI;EQUIPAMENTO;SPL ELEKTRONIK;HF-400;ENGEMED INDUSTRIA E COMERCIO LTDA;37000;03/09/2019;;01728;03/09/2020;;NÃO;NÃO;SIM;NÃO;NÃO;NÃO;NÃO;ANALISADOR DE BISTURI;;;;;;;;
HU-UFSCAR;HU;STEC-ECQ;ECQ/HU-UFSCAR;SALA DE CALIBRAÇÃO ;;1447HF400;ANA BISTURI;INSTRUMENTO DE CALIBRAÇÃO;SPL ELEKTRONIK;HF-400;ECQ COMERCIO E MANUTENCAO HOSPITALAR LTDA;0;22/03/2023;;000;22/03/2024;;NÃO;NÃO;SIM;NÃO;NÃO;NÃO;SIM;;;;;;;;;
HU-UFSCAR;HU;STEC-ECQ;ECQ/HU-UFSCAR;SALA DE CALIBRAÇÃO ;;20140610007;ANA DESFIBRILADOR;INSTRUMENTO DE CALIBRAÇÃO;NEOS;JAU-130;TESTE/ AGUARDANDO CADASTRO DE FORNECEDOR;0;22/03/2023;;000;22/03/2024;;NÃO;NÃO;SIM;NÃO;NÃO;NÃO;SIM;;;;;;;;;
HU-UFSCAR;HU;STEC;SETOR DE ENGENHARIA CLÍNICA;SALA DISTRIBUIÇÃO;10022727;MX12CE007703/25;ANA FIS MOBILIDADE PERISTALTICA ESOFAGICA;EQUIPAMENTO;ALACER;MULTIPLEX-12-C;ALACER INDUSTRIA ELETRONICA LTDA;22716;11/03/2026;23763.000952/2026-44;65889;11/03/2028;;NÃO;NÃO;SIM;NÃO;NÃO;NÃO;SIM;"NOTA DE EMPENHO 2025NE001825 - ALACER (56249015)

VERIFICAR OS ITENS ENTREGUES JUNTO AO EQUIPAMENTO CONFORME NOTA FISCAL 65889 ANEXADA.";;;;;;;;
HU-UFSCAR;HU;STEC;SETOR DE ENGENHARIA CLÍNICA;SALA ECQ;10022728;MX24C059501/26;ANA FIS MOBILIDADE PERISTALTICA ESOFAGICA;EQUIPAMENTO;ALACER;MULTIPLEX-24-C;ALACER INDUSTRIA ELETRONICA LTDA;84092,81;11/03/2026;23763.000952/2026-44;65889;11/03/2028;;NÃO;NÃO;SIM;NÃO;NÃO;NÃO;SIM;"NOTA DE EMPENHO 2025NE001825 - ALACER (56249015)

VERIFICAR OS ITENS ENTREGUES JUNTO AO EQUIPAMENTO CONFORME NOTA FISCAL 65889 ANEXADA.";;;;;;;;
HU-UFSCAR;HU;LAC;LABORATÓRIO DE ANÁLISES CLÍNICAS;LABORATÓRIO ;LAB00018;025016254;ANA LAB BIOQUIMICO;EQUIPAMENTO;ORTHO;VITROS-250;CQC TECNOLOGIA EM SISTEMAS DIAGNOSTICOS LTDA;69725,33;08/02/2022;23763.001900/2024-23;138351;08/02/2022;;NÃO;NÃO;SIM;NÃO;NÃO;SIM;NÃO;;;;;;;;;
HU-UFSCAR;HU;LAC;LABORATÓRIO DE ANÁLISES CLÍNICAS;LABORATORIO;LAB0009;T1H12XM900369;ANA LAB GAS SANGUINEO-PH-ELETROLITO;EQUIPAMENTO;SIEMENS;EPOC;CENTERLAB CENTRAL DE LABORATORIOS LTDA;0;04/04/2024;23763.001777/2023-60;193903;04/05/2025;;NÃO;NÃO;SIM;NÃO;NÃO;SIM;NÃO;;;;;;;;;
HU-UFSCAR;HU;LAC;LABORATÓRIO DE ANÁLISES CLÍNICAS;LABORATORIO;LAB0020;57980;ANA LAB GAS SANGUINEO-PH-ELETROLITO;EQUIPAMENTO;SIEMENS;RAPID POINT-500-E;CENTERLAB CENTRAL DE LABORATORIOS LTDA;170351,5;11/06/2024;;198193;11/06/2025;;NÃO;NÃO;SIM;NÃO;NÃO;SIM;NÃO;;;;;;;;;
HU-UFSCAR;HU;LAC;LABORATÓRIO DE ANÁLISES CLÍNICAS;LABORATORIO;LAB0006;26719;ANA LAB HEM COAGULACAO;EQUIPAMENTO;SYSMEX;CA-660;SIEMENS HEALTHCARE DIAGNÓSTICOS SA;0;01/01/2012;;0;01/01/2013;;NÃO;NÃO;SIM;NÃO;NÃO;NÃO;NÃO;;;;;;;;;
HU-UFSCAR;HU;LAC;LABORATÓRIO DE ANÁLISES CLÍNICAS;LABORATÓRIO;498691/0010018817;8938-00;ANA LAB HEM CTG CELULA MANUAL;EQUIPAMENTO;KACIL;CCS-01;FRATELLI COMÉRCIO DE MÁQUINAS E EQUIPAMENTOS LTDA;503,22;27/06/2019;;*;27/06/2020;;NÃO;NÃO;SIM;NÃO;NÃO;NÃO;SIM;;;;;;;;;
HU-UFSCAR;HU;LAC;LABORATÓRIO DE ANÁLISES CLÍNICAS;LABORATÓRIO;498692/0010018818/LAB0022;8935-00;ANA LAB HEM CTG CELULA MANUAL;EQUIPAMENTO;KACIL;CCS-01;FRATELLI COMÉRCIO DE MÁQUINAS E EQUIPAMENTOS LTDA;503,22;27/06/2019;;*;27/06/2020;;NÃO;NÃO;SIM;NÃO;NÃO;NÃO;SIM;;;;;;;;;
HU-UFSCAR;HU;LAC;LABORATÓRIO DE ANÁLISES CLÍNICAS;LABORATÓRIO;498694/0010018820;8937-00;ANA LAB HEM CTG CELULA MANUAL;EQUIPAMENTO;KACIL;CCS-01;FRATELLI COMÉRCIO DE MÁQUINAS E EQUIPAMENTOS LTDA;503,22;27/06/2019;;*;27/06/2020;;NÃO;NÃO;SIM;NÃO;NÃO;NÃO;SIM;;;;;;;;;
HU-UFSCAR;HU;LAC;LABORATÓRIO DE ANÁLISES CLÍNICAS;LABORATÓRIO ;498693/0010018819/LAB0012;893600;ANA LAB HEM CTG CELULA MANUAL;EQUIPAMENTO;KACIL;CCS-01;A C PON LAU COMERCIO DE EQUIPAMENTOS ELETRO-ELETRONICOS;503,22;27/06/2017;;0000;27/06/2018;;NÃO;NÃO;SIM;NÃO;NÃO;NÃO;SIM;;;;;;;;;
HU-UFSCAR;HU;LAC;LABORATÓRIO DE ANÁLISES CLÍNICAS;LABORATORIO;LAB0019;S021211;ANA LAB HEM GRUPO SANGUINEO AUTOMATICO;EQUIPAMENTO;SIEMENS;ADVIA-560;CENTERLAB CENTRAL DE LABORATORIOS LTDA;0;11/06/2024;23763.001777/2023-60;198195;11/06/2025;;NÃO;NÃO;SIM;NÃO;NÃO;SIM;NÃO;;;;;;;;;
HU-UFSCAR;HU;LAC;LABORATÓRIO DE ANÁLISES CLÍNICAS;LABORATORIO;LAB0008;FA20FBITH3624;ANA LAB IMUNOENSAIO FLUORIMETRICO;EQUIPAMENTO;SD BIOSENSOR;STANDARD F-200;ECO DIAGNOSTICA LTDA;10000;15/03/2024;;000.095.160;15/03/2025;;NÃO;NÃO;SIM;NÃO;NÃO;SIM;NÃO;;;;;;;;;
HU-UFSCAR;HU;LAC;LABORATÓRIO DE ANÁLISES CLÍNICAS;LABORATORIO;LAB0013;347690;ANA LAB URINA AUTOMATICO;EQUIPAMENTO;SIEMENS;CLINITEK ADVANTUS;CENTERLAB CENTRAL DE LABORATORIOS LTDA;35750;11/06/2024;;198196;11/06/2025;;NÃO;NÃO;SIM;NÃO;NÃO;SIM;NÃO;;;;;;;;;
HU-UFSCAR;HU;UMULTI;UNIDADE MULTIPROFISSIONAL ;MULTI;PREF-CAL-001;15892;ANA METABOLICO O2 / CO2;EQUIPAMENTO;KORR;METACHECK;SIERDOVSKI & SIERDOVSKI LTDA;115926,67;15/03/2019;;31577;15/03/2020;;NÃO;NÃO;SIM;NÃO;NÃO;NÃO;SIM;;;;;;;;;
HU-UFSCAR;HU;STEC;SETOR DE ENGENHARIA CLÍNICA;SALA DE CALIBRAÇÃO;;20140905002;ANA SEGURANCA ELETRICA;INSTRUMENTO DE CALIBRAÇÃO;NEOS;SEG-100;ECQ COMERCIO E MANUTENCAO HOSPITALAR LTDA;0;01/04/2024;0;00000;01/04/2025;;NÃO;NÃO;SIM;NÃO;NÃO;NÃO;SIM;;;;;;;;;
HU-UFSCAR;HU;STEC-ECQ;ECQ/HU-UFSCAR;SALA DE CALIBRAÇÃO;;0260;ANA VENTILADOR;INSTRUMENTO DE CALIBRAÇÃO;MAGNAMED;VENTMETER-1901509;ECQ COMERCIO E MANUTENCAO HOSPITALAR LTDA;0;27/03/2023;;;27/03/2024;;NÃO;NÃO;SIM;NÃO;NÃO;NÃO;SIM;;;;;;;;;
HU-UFSCAR;HU;AMB;AMBULATÓRIO DE ESPECIALIDADES MÉDICAS;AMBULATÓRIO;499577;4349;APLICADOR CRIOCAUTERIO;EQUIPAMENTO;NITROSPRAY;350 ML;FRATELLI COMÉRCIO DE MÁQUINAS E EQUIPAMENTOS LTDA;3075,87;18/02/2019;;9086;18/02/2022;;NÃO;NÃO;SIM;NÃO;NÃO;NÃO;SIM;;;;;;;;;
HU-UFSCAR;HU;SFHC;FARMÁCIA HOSPITALAR CENTRAL;;10022481;286664010;AQUECEDOR CONTRASTE;EQUIPAMENTO;FANEM;1502;FANEM LTDA;4345,75;12/02/2026;23763.000689/2026-93;91793;12/02/2027;;NÃO;NÃO;SIM;NÃO;NÃO;NÃO;SIM;NOTA DE EMPENHO 2025NE001935 - FANEM (56826889);;;;;;;;
HU-UFSCAR;HU;TOMO;TOMOGRAFIA;SALA DE ENFERMAGEM;10019142/498549/UDIDE0024;17101ECB2;AQUECEDOR CONTRASTE;EQUIPAMENTO;GIGANTE;ECB-1;GIGANTE RECEM NASCIDO LTDA EPP;3054;14/02/2017;;4288;14/02/2019;;NÃO;NÃO;SIM;NÃO;NÃO;NÃO;SIM;;;;;;;;;
HU-UFSCAR;HU;CC;CENTRO CIRÚRGICO;CENTRO CIRURGICO;;005570;AQUECEDOR PACIENTE AR FORCADO;EQUIPAMENTO;SMITHS MEDICAL;LEVEL-1;TESTE/ AGUARDANDO CADASTRO DE FORNECEDOR;0;01/01/2024;;0;01/01/2025;;NÃO;NÃO;SIM;NÃO;NÃO;NÃO;SIM;;;;;;;;;
HU-UFSCAR;HU;CC;CENTRO CIRÚRGICO;CENTRO CIRÚRGICO;501197;FSXXXA19030764;ARCO CIRURGICO MOVEL;EQUIPAMENTO;GE HEALTHCARE;OEC FLUOROSTAR-7900;GE HEALTHCARE DO BRASIL COMÉRCIO E SERVIÇOS PARA EQUIPAMENTOS MÉDICO-HOSPITALARES;340000;16/07/2019;;2008;23/06/2024;;NÃO;NÃO;SIM;NÃO;NÃO;NÃO;SIM;;;;;;;;;
HU-UFSCAR;HU;CC;CENTRO CIRÚRGICO;CENTRO CIRÚRGICO;PREF-VIDEO-001;AVL06-201912-11;ARMARIO ORGANIZADOR AUDIO VIDEO;ACESSÓRIO;CONFIANCE MEDICAL;AVL-06;CONFIANCE MEDICAL PRODUTOS MEDICOS S.A.;4000;03/01/2020;;11313;03/01/2021;;NÃO;NÃO;SIM;NÃO;NÃO;NÃO;SIM;;;;;;;;;
HU-UFSCAR;HU;CC;CENTRO CIRÚRGICO;CENTRO CIRÚRGICO;PREF-VIDEO-002;AVL06-201912-12;ARMARIO ORGANIZADOR AUDIO VIDEO;ACESSÓRIO;CONFIANCE MEDICAL;AVL-06;CONFIANCE MEDICAL PRODUTOS MEDICOS S.A.;4000;03/01/2020;;11313;03/01/2021;;NÃO;NÃO;SIM;NÃO;NÃO;NÃO;SIM;;;;;;;;;
HU-UFSCAR;HU;UCMC;CLÍNICA MÉDICA E CIRÚRGICA;CLÍNICA MÉDICA;498607;EJ-44857;ASPIRADOR BAIXO VOLUME;EQUIPAMENTO;ASPIRAMAX;MA-520 60;M.H.M. DO COUTO;284;15/12/2016;;1943;15/12/2017;;NÃO;NÃO;SIM;NÃO;NÃO;NÃO;SIM;;;;;;;;;
HU-UFSCAR;HU;UCMC;CLÍNICA MÉDICA E CIRÚRGICA;CLÍNICA MÉDICA;498608;EJ-44861;ASPIRADOR BAIXO VOLUME;EQUIPAMENTO;ASPIRAMAX;MA-520 60;M.H.M. DO COUTO;284;15/12/2016;;1943;15/12/2017;;NÃO;NÃO;SIM;NÃO;NÃO;NÃO;SIM;;;;;;;;;
HU-UFSCAR;HU;UCMC;CLÍNICA MÉDICA E CIRÚRGICA;CLÍNICA MÉDICA;498609;EJ-44860;ASPIRADOR BAIXO VOLUME;EQUIPAMENTO;ASPIRAMAX;MA-520 60;M.H.M. DO COUTO;284;15/12/2016;;1943;15/12/2017;;NÃO;NÃO;SIM;NÃO;NÃO;NÃO;SIM;;;;;;;;;
HU-UFSCAR;HU;UCMC;CLÍNICA MÉDICA E CIRÚRGICA;CLÍNICA MÉDICA;498610;EJ-44859;ASPIRADOR BAIXO VOLUME;EQUIPAMENTO;ASPIRAMAX;MA-520 60;M.H.M. DO COUTO;284;15/12/2016;;1943;15/12/2017;;NÃO;NÃO;SIM;NÃO;NÃO;NÃO;SIM;;;;;;;;;
HU-UFSCAR;HU;UCMC;CLÍNICA MÉDICA E CIRÚRGICA;CLÍNICA MÉDICA;498611;EJ-44840;ASPIRADOR BAIXO VOLUME;EQUIPAMENTO;ASPIRAMAX;MA-520 60;M.H.M. DO COUTO;284;15/12/2016;;1943;15/12/2017;;NÃO;NÃO;SIM;NÃO;NÃO;NÃO;SIM;;;;;;;;;
HU-UFSCAR;HU;UCMC;CLÍNICA MÉDICA E CIRÚRGICA;CLÍNICA MÉDICA;498612;EJ-44838;ASPIRADOR BAIXO VOLUME;EQUIPAMENTO;ASPIRAMAX;MA-520 60;M.H.M. DO COUTO;284;15/12/2016;;1943;15/12/2017;;NÃO;NÃO;SIM;NÃO;NÃO;NÃO;SIM;;;;;;;;;
HU-UFSCAR;HU;UCMC;CLÍNICA MÉDICA E CIRÚRGICA;CLÍNICA MÉDICA;498613;EJ-44839;ASPIRADOR BAIXO VOLUME;EQUIPAMENTO;ASPIRAMAX;MA-520 60;M.H.M. DO COUTO;284;15/12/2016;;1943;15/12/2017;;NÃO;NÃO;SIM;NÃO;NÃO;NÃO;SIM;;;;;;;;;
HU-UFSCAR;HU;UCMC;CLÍNICA MÉDICA E CIRÚRGICA;CLÍNICA MÉDICA;498614;EJ-44841;ASPIRADOR BAIXO VOLUME;EQUIPAMENTO;ASPIRAMAX;MA-520 60;M.H.M. DO COUTO;284;15/12/2016;;1943;15/12/2017;;NÃO;NÃO;SIM;NÃO;NÃO;NÃO;SIM;;;;;;;;;
HU-UFSCAR;HU;CC;CENTRO CIRÚRGICO;CC - SALA 01;0010018247/CC0019;081324001010;ASPIRADOR CIRURGICO;EQUIPAMENTO;PROTEC;EVOLUTION-10000;SIERDOVSKI & SIERDOVSKI LTDA;16890;09/07/2020;;36824;01/10/2023;;NÃO;NÃO;SIM;NÃO;NÃO;NÃO;SIM;BIVOLT COM CHAVE SELETORA (NÃO AUTOMÁTICO);;;;;;;;
HU-UFSCAR;HU;CC;CENTRO CIRÚRGICO;CC- SALA 02;501193/CC0046;081324001012;ASPIRADOR CIRURGICO;EQUIPAMENTO;PROTEC;EVOLUTION-10000;SIERDOVSKI & SIERDOVSKI LTDA;16890;09/07/2020;;36824;01/10/2023;;NÃO;NÃO;SIM;NÃO;NÃO;NÃO;SIM;BIVOLT COM CHAVE SELETORA (NÃO AUTOMÁTICO);;;;;;;;
HU-UFSCAR;HU;CC;CENTRO CIRÚRGICO;CC - SALA 03;501132/CC0047;081324001011;ASPIRADOR CIRURGICO;EQUIPAMENTO;PROTEC;EVOLUTION-10000;SIERDOVSKI & SIERDOVSKI LTDA;16890;09/07/2020;;36824;01/10/2023;;NÃO;NÃO;SIM;NÃO;NÃO;NÃO;SIM;BIVOLT COM CHAVE SELETORA (NÃO AUTOMÁTICO);;;;;;;;
HU-UFSCAR;HU;CC;CENTRO CIRÚRGICO;CC - SALA 04;501247/CC0045;081324001014;ASPIRADOR CIRURGICO;EQUIPAMENTO;PROTEC;EVOLUTION-10000;SIERDOVSKI & SIERDOVSKI LTDA;16890;09/07/2020;;36824;01/10/2023;;NÃO;NÃO;SIM;NÃO;NÃO;NÃO;SIM;BIVOLT COM CHAVE SELETORA (NÃO AUTOMÁTICO);;;;;;;;
HU-UFSCAR;HU;CC;CENTRO CIRÚRGICO;CC - SALA 05;501203/CC0013;081324001013;ASPIRADOR CIRURGICO;EQUIPAMENTO;PROTEC;EVOLUTION-10000;SIERDOVSKI & SIERDOVSKI LTDA;16890;09/07/2020;;36824;01/10/2023;;NÃO;NÃO;SIM;NÃO;NÃO;NÃO;SIM;BIVOLT COM CHAVE SELETORA (NÃO AUTOMÁTICO);;;;;;;;
HU-UFSCAR;HU;CC;CENTRO CIRÚRGICO;CENTRO CIRÚRGICO;10018247/499705/CC0028;74152900;ASPIRADOR CIRURGICO;EQUIPAMENTO;GIGANTE;GIGAPUMP G-77;GIGANTE RECEM NASCIDO LTDA EPP;8980;04/12/2019;;6416;04/12/2022;;NÃO;NÃO;SIM;NÃO;NÃO;NÃO;SIM;;;;;;;;;
HU-UFSCAR;HU;CC;CENTRO CIRÚRGICO;SALA 6;10022560;287060001;ASPIRADOR CIRURGICO;EQUIPAMENTO;FANEM;COLIBRI DPM-60;FANEM LTDA;9600;12/02/2026;23763.001087/2026-53;91927;12/02/2029;;NÃO;NÃO;SIM;NÃO;NÃO;NÃO;SIM;"NOTA DE EMPENHO 2025NE001932 - FANEM LTDA (56812048)

NOTA DE EMPENHO 2025NE001952 - FANEM LTDA (56812103)";;;;;;;;
HU-UFSCAR;HU;CC;CENTRO CIRÚRGICO;SALA 6 CENTRO CIRURGICO;10022561;287059001;ASPIRADOR CIRURGICO;EQUIPAMENTO;FANEM;COLIBRI DPM-60;FANEM LTDA;9600;12/02/2026;23763.001087/2026-53;91927;12/02/2029;;NÃO;NÃO;SIM;NÃO;NÃO;NÃO;SIM;"NOTA DE EMPENHO 2025NE001932 - FANEM LTDA (56812048)

NOTA DE EMPENHO 2025NE001952 - FANEM LTDA (56812103)";;;;;;;;
HU-UFSCAR;HU;PAA;PA ADULTO;PA ADULTO;HE-404;647;ASPIRADOR CIRURGICO;EQUIPAMENTO;NEVONI;5005;TESTE/ AGUARDANDO CADASTRO DE FORNECEDOR;0;02/01/2008;;00;02/01/2009;;NÃO;NÃO;SIM;NÃO;NÃO;NÃO;SIM;NÃO HÁ DADOS SOBRE AQUISIÇÃO;;;;;;;;
HU-UFSCAR;HU;STEC;SETOR DE ENGENHARIA CLÍNICA;SALA DISTRIBUIÇÃO;10022705;012026MRM600119;ASPIRADOR CIRURGICO;EQUIPAMENTO;ASPIRAVIDA;MRM-600-C;MRM HOSPITALAR LTDA;3090;07/04/2026;23763.000871/2026-44;476;06/04/2027;;NÃO;NÃO;SIM;NÃO;NÃO;NÃO;SIM;7/2025 - NOTA DE EMPENHO 2025NE001928 - MRM (56809452);;;;;;;;
HU-UFSCAR;HU;STEC;SETOR DE ENGENHARIA CLÍNICA;SALA DISTRIBUIÇÃO;10022706;012026MRM600120;ASPIRADOR CIRURGICO;EQUIPAMENTO;ASPIRAVIDA;MRM-600-C;MRM HOSPITALAR LTDA;3090;07/04/2026;23763.000871/2026-44;476;06/04/2027;;NÃO;NÃO;SIM;NÃO;NÃO;NÃO;SIM;"ORDEM DE SERVIÇO OU DE FORNECIMENTO DE BENS - SEI 7 (SEI Nº 56852971)



NOTA DE EMPENHO 2025NE001928 - MRM (56809452)";;;;;;;;
HU-UFSCAR;HU;STEC;SETOR DE ENGENHARIA CLÍNICA;SALA DISTRIBUIÇÃO;10022707;012026MRM600121;ASPIRADOR CIRURGICO;EQUIPAMENTO;ASPIRAVIDA;MRM-600-C;MRM HOSPITALAR LTDA;3090;07/04/2026;23763.000871/2026-44;476;06/04/2027;;NÃO;NÃO;SIM;NÃO;NÃO;NÃO;SIM;"ORDEM DE SERVIÇO OU DE FORNECIMENTO DE BENS - SEI 7 (SEI Nº 56852971)



NOTA DE EMPENHO 2025NE001928 - MRM (56809452)";;;;;;;;
HU-UFSCAR;HU;STEC;SETOR DE ENGENHARIA CLÍNICA;SALA DISTRIBUIÇÃO;10022708;012026MRM600122;ASPIRADOR CIRURGICO;EQUIPAMENTO;ASPIRAVIDA;MRM-600-C;MRM HOSPITALAR LTDA;3090;07/04/2026;23763.000871/2026-44;476;06/04/2027;;NÃO;NÃO;SIM;NÃO;NÃO;NÃO;SIM;"ORDEM DE SERVIÇO OU DE FORNECIMENTO DE BENS - SEI 7 (SEI Nº 56852971)



NOTA DE EMPENHO 2025NE001928 - MRM (56809452)";;;;;;;;
HU-UFSCAR;HU;STEC;SETOR DE ENGENHARIA CLÍNICA;SALA ESTOQUE;10022704;012026MRM600118;ASPIRADOR CIRURGICO;EQUIPAMENTO;ASPIRAVIDA;MRM-600-C;AAMED COMÉRCIO DE EQUIPAMENTOS EIRELI;3090;07/04/2026;23763.000871/2026-44;476;07/04/2026;;NÃO;NÃO;SIM;NÃO;NÃO;NÃO;SIM;7/2025 - NOTA DE EMPENHO 2025NE001928 - MRM (56809452);;;;;;;;
HU-UFSCAR;HU;UTIPED;UTI PEDIÁTRICA;UTI PED;498748;024524001;ASPIRADOR CIRURGICO;EQUIPAMENTO;OLIDEF;A-45-PLUS;MEDSYSTEM EQUIPAMENTOS MEDICOS LTDA;1580;18/12/2006;;84;17/12/2007;;NÃO;NÃO;SIM;NÃO;NÃO;NÃO;SIM;;;;;;;;;
HU-UFSCAR;HU;CC;CENTRO CIRÚRGICO;CENTRO CIRÚRGICO;499471/0010018246;BTWW-WD;ASPIRADOR FUMACA CIRURGICO;EQUIPAMENTO;LOKTAL;WAVEVAC;LOKTAL MEDIC ELETRONICS INDUSTRIA E COMERCIO LTDA - EPP;3498;29/11/2018;;25697;06/12/2019;;NÃO;NÃO;SIM;NÃO;NÃO;NÃO;SIM;;;;;;;;;
HU-UFSCAR;HU;CME;CENTRAL DE MATERIAIS ESTERILIZADOS;;10022188;G4211101;AUTOCLAVE BANCADA;EQUIPAMENTO;SCICAN;STATIM-5000-G4;H STRATTNER &  CIA LTDA;112531,8;21/02/2025;23763.004577/2024-40;207022;21/02/2027;;NÃO;NÃO;SIM;NÃO;NÃO;NÃO;SIM;" ANEXO 2024NE001634 - H STRATTNER (45656102) 



ATA DE REGISTRO DE PREÇOS - SEI 312 (45380007)";;;;;;;;
HU-UFSCAR;HU;LAC;LABORATÓRIO DE ANÁLISES CLÍNICAS;LABORATÓRIO ;10018249/500033;19051207;AUTOCLAVE BANCADA;EQUIPAMENTO;TUTTNAUER;3870-ELV; LOBOV CIENTIFICA, IMPORTACAO, EXPORTACAO, COMERCIO DE EQUIPAMENTOS PARA LABORATORIOS LTDA;93000;04/05/2020;;24790;03/05/2021;;NÃO;NÃO;SIM;NÃO;NÃO;NÃO;SIM;;;;;;;;;
HU-UFSCAR;HU;STEC;SETOR DE ENGENHARIA CLÍNICA;PRONTO ATENDIMENTO ;497542;2252;AUTOCLAVE BANCADA;EQUIPAMENTO;PHOENIX LUFERCO;AB-42;A C PON LAU COMERCIO DE EQUIPAMENTOS ELETRO-ELETRONICOS;4000;01/01/2008;;0000;01/01/2009;;NÃO;NÃO;SIM;NÃO;NÃO;NÃO;SIM;;;;;;;;;
HU-UFSCAR;HU;CME;CENTRAL DE MATERIAIS ESTERILIZADOS;CME;501471/CME0010(A2);1927106150;AUTOCLAVE GRANDE PORTE;EQUIPAMENTO;BAUMER;HI VAC-2;BAUMER SA;180000;31/07/2019;2703875;163796;08/06/2023;;NÃO;NÃO;SIM;NÃO;SIM;SIM;SIM;;;;;;;;;
HU-UFSCAR;HU;CME;CENTRAL DE MATERIAIS ESTERILIZADOS;CME;501476/CME0011(A1);1927106120;AUTOCLAVE GRANDE PORTE;EQUIPAMENTO;BAUMER;HI VAC-2;BAUMER SA;180000;31/07/2019;2703875;163796;08/06/2023;;NÃO;NÃO;SIM;NÃO;SIM;SIM;SIM;;;;;;;;;
HU-UFSCAR;HU;UCA - INATIVO;UNIDADE DA CRIANÇA E DO ADOLECENTE - INATIVO;LABORATÓRIO;PREF-BAL-006;59494;BALANCA ELETRONICA;EQUIPAMENTO;LIDER;B-160;K.C.R.S. COMERCIO DE EQUIPAMENTOS EIRELI;700;01/01/2018;;*;01/01/2019;;NÃO;NÃO;SIM;NÃO;NÃO;NÃO;SIM;;;;;;;;;
HU-UFSCAR;HU;AT;AGÊNCIA TRANSFUSIONAL;AGÊNCIA TRANSFUSIONAL;499759/0010018256/LAB0041;400262;BALANCA ELETRONICA PRECISAO;EQUIPAMENTO;MARTE;AD-3300;AULAB AUTOMAÇÃO LABORATORIAL LTDA;3450;23/06/2020;;274;23/06/2022;;NÃO;NÃO;SIM;NÃO;NÃO;NÃO;SIM;;;;;;;;;
HU-UFSCAR;HU;HH;HOTELARIA HOSPITALAR;LACTÁRIO;497466;10193032;BALANCA ELETRONICA PRECISAO;EQUIPAMENTO;TOLEDO;9094 4;K.C.R.S. COMERCIO DE EQUIPAMENTOS EIRELI;750;01/01/2007;;*;01/01/2008;;NÃO;NÃO;SIM;NÃO;NÃO;NÃO;SIM;;;;;;;;;
HU-UFSCAR;HU;AMB;AMBULATÓRIO DE ESPECIALIDADES MÉDICAS;AMBULATORIO;501146/AMB0032;47192;BALANCA PACIENTE INFANTIL ELETRONICA;EQUIPAMENTO;RAMUZA;BABY;K.C.R.S. COMERCIO DE EQUIPAMENTOS EIRELI;1000;29/03/2019;;162534;29/03/2021;;NÃO;NÃO;SIM;NÃO;NÃO;NÃO;SIM;;;;;;;;;
HU-UFSCAR;HU;PAI;PA INFANTIL;;UCA0043;142553;BALANCA PACIENTE INFANTIL ELETRONICA;EQUIPAMENTO;LIDER;LD-230-BABY;B. D. R. COMERCIO DE EQUIPAMENTOS LTDA;590;09/04/2025;;738;09/04/2026;;NÃO;NÃO;SIM;NÃO;NÃO;NÃO;SIM;" NOTA DE EMPENHO 2025NE000181 - B. D. R. (47324799) 



";;;;;;;;
HU-UFSCAR;HU;PAI;PA INFANTIL;PEDIATRIA;497692;8831;BALANCA PACIENTE INFANTIL ELETRONICA;EQUIPAMENTO;FILIZOLA;BABY ELETRONICA;K.C.R.S. COMERCIO DE EQUIPAMENTOS EIRELI;620;01/01/2007;;*;01/01/2008;;NÃO;NÃO;SIM;NÃO;NÃO;NÃO;SIM;;;;;;;;;
HU-UFSCAR;HU;PAI;PA INFANTIL;PEDIATRIA;501152/UCA0019;47059;BALANCA PACIENTE INFANTIL ELETRONICA;EQUIPAMENTO;RAMUZA;BABY;K.C.R.S. COMERCIO DE EQUIPAMENTOS EIRELI;1000;29/03/2019;;162534;29/03/2021;;NÃO;NÃO;SIM;NÃO;NÃO;NÃO;SIM;;;;;;;;;
HU-UFSCAR;HU;SGPIT;SETOR DE GESTÃO DA PESQUISA E INOVAÇÃO TECNOLÓGICA;UPC;0010020804/SGPITS0006;052596;BALANCA PACIENTE INFANTIL ELETRONICA;EQUIPAMENTO;BALMAK;ELP-25-BB;OLIMPIO EQUIPAMENTOS HOSPITALARES EIRELI;821,86;31/03/2023;;631;30/03/2025;;NÃO;NÃO;SIM;NÃO;NÃO;NÃO;SIM;;;;;;;;;
HU-UFSCAR;HU;STEC;SETOR DE ENGENHARIA CLÍNICA;SALA ECQ;;161634;BALANCA PACIENTE INFANTIL ELETRONICA;EQUIPAMENTO;LIDER;LD-230-BABY;M.K.R. COMERCIO DE EQUIPAMENTOS LTDA;510;11/03/2026;23763.001710/2026-78;11908;11/03/2029;;NÃO;NÃO;SIM;NÃO;NÃO;NÃO;SIM;NOTA DE EMPENHO 2025NE001916 - M.K.R (56813151) - 2025NE001908 (56813039) - 2025NE001911 (56813087) - 2025NE001912 (56813120);;;;;;;;
HU-UFSCAR;HU;UCAI;UNIDADE DA CRIANÇA E ADOLESCENTE - INTERNAÇÃO;;UCA0044;142552;BALANCA PACIENTE INFANTIL ELETRONICA;EQUIPAMENTO;LIDER;LD-230-BABY;B. D. R. COMERCIO DE EQUIPAMENTOS LTDA;590;09/04/2025;;738;09/04/2026;;NÃO;NÃO;SIM;NÃO;NÃO;NÃO;SIM;" NOTA DE EMPENHO 2025NE000181 - B. D. R. (47324799) 



";;;;;;;;
HU-UFSCAR;HU;UCAI;UNIDADE DA CRIANÇA E ADOLESCENTE - INTERNAÇÃO;PEDIATRIA;497710;8098;BALANCA PACIENTE INFANTIL ELETRONICA;EQUIPAMENTO;WELMY;RI-109-E;K.C.R.S. COMERCIO DE EQUIPAMENTOS EIRELI;616,66;27/10/2006;;359;27/10/2007;;NÃO;NÃO;SIM;NÃO;NÃO;NÃO;SIM;;;;;;;;;
HU-UFSCAR;HU;UCAI;UNIDADE DA CRIANÇA E ADOLESCENTE - INTERNAÇÃO;PEDIATRIA;501496/UCA0012;47183;BALANCA PACIENTE INFANTIL ELETRONICA;EQUIPAMENTO;RAMUZA;BABY;K.C.R.S. COMERCIO DE EQUIPAMENTOS EIRELI;1000;29/03/2019;;162534;29/03/2021;;NÃO;NÃO;SIM;NÃO;NÃO;NÃO;SIM;;;;;;;;;
HU-UFSCAR;HU;AMB;AMBULATÓRIO DE ESPECIALIDADES MÉDICAS;AMBULATÓRIO;PREF-BALA-001/AMB0031;62608;BALANCA PACIENTE PLATAFORMA ELETRONICA;EQUIPAMENTO;LIDER;P-300-C;K.C.R.S. COMERCIO DE EQUIPAMENTOS EIRELI;1000;29/03/2019;;4803;29/07/2021;;NÃO;NÃO;SIM;NÃO;NÃO;NÃO;SIM;;;;;;;;;
HU-UFSCAR;HU;AMB;AMBULATÓRIO DE ESPECIALIDADES MÉDICAS;AMBULATÓRIO (UP);AMB0040;140118;BALANCA PACIENTE PLATAFORMA ELETRONICA;EQUIPAMENTO;LIDER;P-200-M;B. D. R. COMERCIO DE EQUIPAMENTOS LTDA;880;14/02/2025;;479;14/02/2026;;NÃO;NÃO;SIM;NÃO;NÃO;NÃO;SIM;"NOTA DE EMPENHO 2024NE001608 - B. D. R. (45635551)

";;;;;;;;
HU-UFSCAR;HU;AMB;AMBULATÓRIO DE ESPECIALIDADES MÉDICAS;AMBULATÓRIO (UP);AMB0041;140119;BALANCA PACIENTE PLATAFORMA ELETRONICA;EQUIPAMENTO;LIDER;P-200-M;B. D. R. COMERCIO DE EQUIPAMENTOS LTDA;880;14/02/2025;;480;14/02/2026;;NÃO;NÃO;SIM;NÃO;NÃO;NÃO;SIM;"ANEXO 2024NE001629 - B. D. R. COMERCIO D (45652512)

";;;;;;;;
HU-UFSCAR;HU;CC;CENTRO CIRÚRGICO;CONSULTÓRIO CENTRO CIRÚRGICO;10018252/498493;44602;BALANCA PACIENTE PLATAFORMA ELETRONICA;EQUIPAMENTO;LIDER;LD-1050;MEDSYSTEM EQUIPAMENTOS MEDICOS LTDA;975;27/01/2017;;1084;27/01/2018;;NÃO;NÃO;SIM;NÃO;NÃO;NÃO;SIM;;;;;;;;;
HU-UFSCAR;HU;ECG;ELETROCARDIOGRAFIA;SALA DE TRIAGEM 1;498616/0010018254/UDID0019;44600;BALANCA PACIENTE PLATAFORMA ELETRONICA;EQUIPAMENTO;LIDER;LD-1050;K.C.R.S. COMERCIO DE EQUIPAMENTOS EIRELI;975;27/01/2017;;1084;27/01/2018;;NÃO;NÃO;SIM;NÃO;NÃO;NÃO;SIM;;;;;;;;;
HU-UFSCAR;HU;PAA;PA ADULTO;CLINICA MEDICA;498124;110;BALANCA PACIENTE PLATAFORMA ELETRONICA;EQUIPAMENTO;BALMAK;BK-200-F;K.C.R.S. COMERCIO DE EQUIPAMENTOS EIRELI;975;14/12/2006;;405;14/12/2007;;NÃO;NÃO;SIM;NÃO;NÃO;NÃO;SIM;;;;;;;;;
HU-UFSCAR;HU;PAA;PA ADULTO;CONSULTÓRIO 5 PA;498494/0010018253/PA0027;44603;BALANCA PACIENTE PLATAFORMA ELETRONICA;EQUIPAMENTO;LIDER;LD-1050;K.C.R.S. COMERCIO DE EQUIPAMENTOS EIRELI;975;27/01/2017;;1084;27/01/2018;;NÃO;NÃO;SIM;NÃO;NÃO;NÃO;SIM;;;;;;;;;
HU-UFSCAR;HU;PAI;PA INFANTIL;EMERGÊNCIA PEDIÁTRICA;HE-528;112;BALANCA PACIENTE PLATAFORMA ELETRONICA;EQUIPAMENTO;BALMAK;BK-200-F;A C PON LAU COMERCIO DE EQUIPAMENTOS ELETRO-ELETRONICOS;975;14/12/2006;;405;14/12/2007;;NÃO;NÃO;SIM;NÃO;NÃO;NÃO;SIM;;;;;;;;;
HU-UFSCAR;HU;SGPIT;SETOR DE GESTÃO DA PESQUISA E INOVAÇÃO TECNOLÓGICA;UNIDADE DE PESQUISA CLÍNICA;501086/0010020573/SGPITS0005;106120;BALANCA PACIENTE PLATAFORMA ELETRONICA;EQUIPAMENTO;LIDER;P-300-C;K.C.R.S. COMERCIO DE EQUIPAMENTOS EIRELI;1450;13/12/2022;;7944;13/12/2024;;NÃO;NÃO;SIM;NÃO;NÃO;NÃO;SIM;;;;;;;;;
HU-UFSCAR;HU;SGPIT;SETOR DE GESTÃO DA PESQUISA E INOVAÇÃO TECNOLÓGICA;UNIDADE DE PESQUISA CLÍNICA;501088/0010020575/SGPITS0001;106572;BALANCA PACIENTE PLATAFORMA ELETRONICA;EQUIPAMENTO;LIDER;P-300-C;K.C.R.S. COMERCIO DE EQUIPAMENTOS EIRELI;1450;13/12/2022;;7944;13/12/2024;;NÃO;NÃO;SIM;NÃO;NÃO;NÃO;SIM;;;;;;;;;
HU-UFSCAR;HU;SOST;SAÚDE OCUPACIONAL E SEGURANÇA DO TRABALHO;CONSULTÓRIO SOST;10020574/501087;106121;BALANCA PACIENTE PLATAFORMA ELETRONICA;EQUIPAMENTO;LIDER;P-300-C;K.C.R.S. COMERCIO DE EQUIPAMENTOS EIRELI;1450;13/12/2022;;7944;13/12/2024;;NÃO;NÃO;SIM;NÃO;NÃO;NÃO;SIM;;;;;;;;;
HU-UFSCAR;HU;STEC;SETOR DE ENGENHARIA CLÍNICA;SALA ECQ;10022684;161436;BALANCA PACIENTE PLATAFORMA ELETRONICA;EQUIPAMENTO;LIDER;P-300-C;M.K.R. COMERCIO DE EQUIPAMENTOS LTDA;720;11/03/2026;23763.001710/2026-78;11909;11/03/2029;;NÃO;NÃO;SIM;NÃO;NÃO;NÃO;SIM;NOTA DE EMPENHO 2025NE001916 - M.K.R (56813151) - 2025NE001908 (56813039) - 2025NE001911 (56813087) - 2025NE001912 (56813120);;;;;;;;
HU-UFSCAR;HU;STEC;SETOR DE ENGENHARIA CLÍNICA;SALA ECQ;10022685;161437;BALANCA PACIENTE PLATAFORMA ELETRONICA;EQUIPAMENTO;LIDER;P-300-C;M.K.R. COMERCIO DE EQUIPAMENTOS LTDA;720;11/03/2026;23763.001710/2026-78;11909;11/03/2029;;NÃO;NÃO;SIM;NÃO;NÃO;NÃO;SIM;NOTA DE EMPENHO 2025NE001916 - M.K.R (56813151) - 2025NE001908 (56813039) - 2025NE001911 (56813087) - 2025NE001912 (56813120);;;;;;;;
HU-UFSCAR;HU;STEC;SETOR DE ENGENHARIA CLÍNICA;SALA ECQ;10022686;161438;BALANCA PACIENTE PLATAFORMA ELETRONICA;EQUIPAMENTO;LIDER;P-300-C;M.K.R. COMERCIO DE EQUIPAMENTOS LTDA;720;11/03/2026;23763.001710/2026-78;11909;11/03/2029;;NÃO;NÃO;SIM;NÃO;NÃO;NÃO;SIM;NOTA DE EMPENHO 2025NE001916 - M.K.R (56813151) - 2025NE001908 (56813039) - 2025NE001911 (56813087) - 2025NE001912 (56813120);;;;;;;;
HU-UFSCAR;HU;STEC;SETOR DE ENGENHARIA CLÍNICA;SALA ECQ;10022687;161439;BALANCA PACIENTE PLATAFORMA ELETRONICA;EQUIPAMENTO;LIDER;P-300-C;M.K.R. COMERCIO DE EQUIPAMENTOS LTDA;720;11/03/2026;23763.001710/2026-78;11909;11/03/2029;;NÃO;NÃO;SIM;NÃO;NÃO;NÃO;SIM;NOTA DE EMPENHO 2025NE001916 - M.K.R (56813151) - 2025NE001908 (56813039) - 2025NE001911 (56813087) - 2025NE001912 (56813120);;;;;;;;
HU-UFSCAR;HU;STEC;SETOR DE ENGENHARIA CLÍNICA;SALA ECQ;10022688;161440;BALANCA PACIENTE PLATAFORMA ELETRONICA;EQUIPAMENTO;LIDER;P-300-C;M.K.R. COMERCIO DE EQUIPAMENTOS LTDA;720;11/03/2026;23763.001710/2026-78;11909;11/03/2029;;NÃO;NÃO;SIM;NÃO;NÃO;NÃO;SIM;NOTA DE EMPENHO 2025NE001916 - M.K.R (56813151) - 2025NE001908 (56813039) - 2025NE001911 (56813087) - 2025NE001912 (56813120);;;;;;;;
HU-UFSCAR;HU;STEC;SETOR DE ENGENHARIA CLÍNICA;SALA ECQ;10022689;161753;BALANCA PACIENTE PLATAFORMA ELETRONICA;EQUIPAMENTO;LIDER;B-650;M.K.R. COMERCIO DE EQUIPAMENTOS LTDA;4000;11/03/2026;23763.001710/2026-78;11909;11/03/2028;;NÃO;NÃO;SIM;NÃO;NÃO;NÃO;SIM;NOTA DE EMPENHO 2025NE001916 - M.K.R (56813151) - 2025NE001908 (56813039) - 2025NE001911 (56813087) - 2025NE001912 (56813120);;;;;;;;
HU-UFSCAR;HU;UCAI;UNIDADE DA CRIANÇA E ADOLESCENTE - INTERNAÇÃO;PEDIATRIA;497660/UCA0017;90;BALANCA PACIENTE PLATAFORMA ELETRONICA;EQUIPAMENTO;BALMAK;BK-200-F;K.C.R.S. COMERCIO DE EQUIPAMENTOS EIRELI;975;14/12/2006;;405;14/12/2007;;NÃO;NÃO;SIM;NÃO;NÃO;NÃO;SIM;;;;;;;;;
HU-UFSCAR;HU;UCMC;CLÍNICA MÉDICA E CIRÚRGICA;;498348/UCM0005;111;BALANCA PACIENTE PLATAFORMA ELETRONICA;EQUIPAMENTO;BALMAK;BK-200-F;K.C.R.S. COMERCIO DE EQUIPAMENTOS EIRELI;975;14/12/2006;;405;14/12/2007;;NÃO;NÃO;SIM;NÃO;NÃO;NÃO;SIM;;;;;;;;;
HU-UFSCAR;HU;UCMC;CLÍNICA MÉDICA E CIRÚRGICA;CLINICA MEDICA;PREF-BAL-002/UCM0069;62652;BALANCA PACIENTE PLATAFORMA ELETRONICA;EQUIPAMENTO;LIDER;B-520;K.C.R.S. COMERCIO DE EQUIPAMENTOS EIRELI;3850;29/03/2019;;162534;29/03/2021;;NÃO;NÃO;SIM;NÃO;NÃO;NÃO;SIM;;;;;;;;;
HU-UFSCAR;HU;UCMC;CLÍNICA MÉDICA E CIRÚRGICA;CLÍNICA MÉDICA;498617/0010018255/UCM0003;44604;BALANCA PACIENTE PLATAFORMA ELETRONICA;EQUIPAMENTO;LIDER;P-200-C;K.C.R.S. COMERCIO DE EQUIPAMENTOS EIRELI;857;27/01/2017;;1084;27/01/2018;;NÃO;NÃO;SIM;NÃO;NÃO;NÃO;SIM;;;;;;;;;
HU-UFSCAR;HU;UCMC;CLÍNICA MÉDICA E CIRÚRGICA;CLÍNICA MÉDICA;PREF-BAL-001;62613;BALANCA PACIENTE PLATAFORMA ELETRONICA;EQUIPAMENTO;LIDER;P-180-M;K.C.R.S. COMERCIO DE EQUIPAMENTOS EIRELI;1000;29/03/2019;;4803;29/03/2021;;NÃO;NÃO;SIM;NÃO;NÃO;NÃO;SIM;;;;;;;;;
HU-UFSCAR;HU;USM;SAÚDE MENTAL;SAÚDE MENTAL ;10018251/498492/SM0003;44601;BALANCA PACIENTE PLATAFORMA ELETRONICA;EQUIPAMENTO;LIDER;LD-1050;K.C.R.S. COMERCIO DE EQUIPAMENTOS EIRELI;857;27/01/2017;;1084;27/01/2018;;NÃO;NÃO;SIM;NÃO;NÃO;NÃO;SIM;;;;;;;;;
HU-UFSCAR;HU;LAP-LACP;LABORATÓRIO DE ANATOMIA PATOLÓGICA;LABORATÓRIO;PREF-BM-002;190483;BANHO FLUTUACAO TECIDO;EQUIPAMENTO;LUPETEC;BH-2015;LUPE INDUSTRIA TECNOLOGICA DE EQUIPAMENTOS PARA LABORATORIO LTDA;2250;28/05/2019;;6956;25/09/2022;;NÃO;NÃO;SIM;NÃO;NÃO;NÃO;SIM;;;;;;;;;
HU-UFSCAR;HU;LAP-LACP;LABORATÓRIO DE ANATOMIA PATOLÓGICA;LABORATÓRIO;PREF-BM-003;190487;BANHO FLUTUACAO TECIDO;EQUIPAMENTO;LUPETEC;BH-2015;LUPE INDUSTRIA TECNOLOGICA DE EQUIPAMENTOS PARA LABORATORIO LTDA;2250;28/05/2019;;6956;25/09/2022;;NÃO;NÃO;SIM;NÃO;NÃO;NÃO;SIM;;;;;;;;;
HU-UFSCAR;HU;AT;AGÊNCIA TRANSFUSIONAL;;10022233/AT0002;25.020.044;BANHO MARIA LABORATORIAL;EQUIPAMENTO;SOLIDSTEEL;SSD-10 L;FAZ VENDAS LTDA - ME;3153,45;01/04/2025;23763.004574/2024-14;657;01/04/2027;;NÃO;NÃO;SIM;NÃO;NÃO;NÃO;SIM;"NOTA DE EMPENHO 2024NE001594 - FAZ VENDAS (45635545)



TERMO DE REFERÊNCIA - SEI 43643066

";;;;;;;;
HU-UFSCAR;HU;AT;AGÊNCIA TRANSFUSIONAL;AGÊNCIA TRANSFUSIONAL;499755/0010018258/LAB0039;100081019493001;BANHO MARIA LABORATORIAL;EQUIPAMENTO;INBRAS;ALB-800-S;AULAB AUTOMAÇÃO LABORATORIAL LTDA;1650;23/06/2020;;274;23/06/2022;;NÃO;NÃO;SIM;NÃO;NÃO;NÃO;SIM;;;;;;;;;
HU-UFSCAR;HU;HH;HOTELARIA HOSPITALAR;SALA CHEFIA?;10018257/498624;150;BANHO MARIA LABORATORIAL;EQUIPAMENTO;LUCADEMA;LUCA-153/22;LUPE INDUSTRIA TECNOLOGICA DE EQUIPAMENTOS PARA LABORATORIO LTDA;2163;13/01/2017;;2437;13/01/2018;;NÃO;NÃO;SIM;NÃO;NÃO;NÃO;SIM;;;;;;;;;
HU-UFSCAR;HU;LAC;LABORATÓRIO DE ANÁLISES CLÍNICAS;LABORATÓRIO;501408/LAB0017;NI18120954;BANHO MARIA LABORATORIAL;EQUIPAMENTO;NOVA INSTRUMENTS;NI-1225;NOVAINSTRUMENTS EQUIPAMENTOS PARA LABORATORIO LTDA;3314;04/12/2018;;3748;04/12/2020;;NÃO;NÃO;SIM;NÃO;NÃO;NÃO;SIM;;;;;;;;;
HU-UFSCAR;HU;SFHS;FARMÁCIA HOSPITALAR - SATÉLITE CC;LABORATÓRIO;497935;236;BANHO MARIA LABORATORIAL;EQUIPAMENTO;BIOPAR;BMA-02;ATOMOLAB COMERCIAL EIRELI;750;27/03/2007;;*;27/03/2008;;NÃO;NÃO;SIM;NÃO;NÃO;NÃO;SIM;;;;;;;;;
HU-UFSCAR;HU;STEC;SETOR DE ENGENHARIA CLÍNICA;CORREDOR INTERNO;BANHOMARIA;26040130;BANHO MARIA LABORATORIAL;EQUIPAMENTO;SOLIDSTEEL;SSD-15-L;ED SOLUCOES INTEGRADAS LTDA;6999,99;23/04/2026;23763.005450/2025-29;386;23/04/2026;;NÃO;NÃO;SIM;NÃO;NÃO;NÃO;SIM;;;;;;;;;
HU-UFSCAR;HU;UCAI;UNIDADE DA CRIANÇA E ADOLESCENTE - INTERNAÇÃO;UCA;SAHUDES472;GAE-44802;BANHO MARIA LABORATORIAL;EQUIPAMENTO;FANEM;BM-147;FANEM LTDA;1500;22/12/2025;;;22/12/2025;;NÃO;NÃO;SIM;NÃO;NÃO;NÃO;SIM;;;;;;;;;
HU-UFSCAR;HU;STEC;SETOR DE ENGENHARIA CLÍNICA;3 ANDAR;498779;DAC-19894;BERCO AQUECIDO;EQUIPAMENTO;FANEM;MULTISYSTEM-2051;FANEM LTDA;7563,48;18/12/2006;;33331;18/12/2007;;SIM;NÃO;SIM;NÃO;NÃO;NÃO;SIM;;;;;;;;;
HU-UFSCAR;HU;UTIPED;UTI PEDIÁTRICA;UTI PED;498780/UTIP0011;DAC-19893;BERCO AQUECIDO;EQUIPAMENTO;FANEM;MULTISYSTEM-2051;FANEM LTDA;7563,48;18/12/2006;;33331;18/12/2007;;NÃO;NÃO;SIM;NÃO;NÃO;NÃO;SIM;;;;;;;;;
HU-UFSCAR;HU;UTIPED;UTI PEDIÁTRICA;UTIPED;10022739;288798001;BERCO AQUECIDO;EQUIPAMENTO;FANEM;2085;FANEM LTDA;61800;28/04/2026;23763.002655/2026-33;92719;28/04/2029;;NÃO;NÃO;SIM;NÃO;NÃO;NÃO;SIM;ATA DE REGISTRO DE PREÇOS - SEI 312 (53478379);;;;;;;;
HU-UFSCAR;HU;UMULTI;UNIDADE MULTIPROFISSIONAL ;SALA DE REABILITAÇÃO;UFSCAR74322/UMULTI0003;1000001089;BICICLETA ERGOMETRICA;EQUIPAMENTO;ERGO FIT;ERGO CYCLE-167;TESTE/ AGUARDANDO CADASTRO DE FORNECEDOR;0;01/01/2001;;00;01/01/2002;;NÃO;NÃO;NÃO;NÃO;NÃO;NÃO;NÃO;DOAÇÃO UFSCAR;;;;;;;;
HU-UFSCAR;HU;STEC;SETOR DE ENGENHARIA CLÍNICA;SALA DISTRIBUIÇÃO;10022745;H3600943;BILIRRUBINOMETRO CUTANEO;EQUIPAMENTO;DRAGER;JM-105;DRAGER INDUSTRIA E COMERCIO LTDA;24000;17/04/2026;23763.002459/2026-69;19597;17/04/2029;;NÃO;NÃO;SIM;NÃO;NÃO;NÃO;SIM;NOTA DE EMPENHO 2025NE001951 - DRAGER (56806841);;;;;;;;
HU-UFSCAR;HU;AMB;AMBULATÓRIO DE ESPECIALIDADES MÉDICAS;;501560;19H8003;BIOMETRO ULTRASSONICO;EQUIPAMENTO;ACCUTOME;4-SIGHT;AXIS TECNOLOGIA MEDICA LTDA;86000;08/01/2020;Pregão: 121/2018;271;07/01/2025;;NÃO;NÃO;SIM;NÃO;NÃO;NÃO;SIM;;;;;;;;;
HU-UFSCAR;HU;AMB;AMBULATÓRIO DE ESPECIALIDADES MÉDICAS;CONSULTÓRIO OFTALMOLOGIA;0010020763/AMB0035;9020890;BIOMETRO ULTRASSONICO;EQUIPAMENTO;APRAMED;BO-8000;SENSEVIEW COMERCIO DE EQUIPAMENTOS MEDICOS;140000;28/02/2023;23763.001554/2022-11;187;03/03/2026;;NÃO;NÃO;SIM;NÃO;NÃO;SIM;SIM;"MESA CENTRAL SN 9021353

KIT ALL IN ONE: SN: 9021352";;;;;;;;
HU-UFSCAR;HU;AMB;AMBULATÓRIO DE ESPECIALIDADES MÉDICAS;SALA DE EXAMES;HE001/AMB0011;01904;BISTURI ELETRONICO MONOPOLAR-BIPOLAR;EQUIPAMENTO;WEM;SS-501-S;ENGEMED INDUSTRIA E COMERCIO LTDA;10720,86;18/12/2006;;*;18/12/2007;;NÃO;NÃO;SIM;NÃO;NÃO;NÃO;SIM;;;;;;;;;
HU-UFSCAR;HU;CC;CENTRO CIRÚRGICO;CC;10020047/500543/CC0012;CAE-0004744;BISTURI ELETRONICO MONOPOLAR-BIPOLAR;EQUIPAMENTO;WEM;SS-501-SX;WEM EQUIPAMENTOS ELETRÔNICOS LTDA;22000;20/12/2021;;39501;19/12/2024;;NÃO;NÃO;SIM;NÃO;NÃO;NÃO;SIM;;;;;;;;;
HU-UFSCAR;HU;CC;CENTRO CIRÚRGICO;CC- SALA 02;499914/0010018271/CC0005;19101160;BISTURI ELETRONICO MONOPOLAR-BIPOLAR;EQUIPAMENTO;MEDCIR;POWER CUT-300;MAKE LINE COMERCIAL LTDA;20713;19/12/2019;;13864;06/10/2023;;NÃO;NÃO;SIM;NÃO;NÃO;NÃO;SIM;;;;;;;;;
HU-UFSCAR;HU;CC;CENTRO CIRÚRGICO;CC - SALA 04;501194;19121178;BISTURI ELETRONICO MONOPOLAR-BIPOLAR;EQUIPAMENTO;MEDCIR;POWER CUT-300;MAKE LINE COMERCIAL LTDA;15000;22/01/2020;;13877;06/10/2023;;NÃO;NÃO;SIM;NÃO;NÃO;NÃO;SIM;;;;;;;;;
HU-UFSCAR;HU;CC;CENTRO CIRÚRGICO;CC- SALA 05;PREF-BIST-002/CC0052;19121177;BISTURI ELETRONICO MONOPOLAR-BIPOLAR;EQUIPAMENTO;MEDCIR;POWER CUT-300;MAKE LINE COMERCIAL LTDA;15000;22/01/2020;;13877;06/10/2023;;NÃO;NÃO;SIM;NÃO;NÃO;NÃO;SIM;;;;;;;;;
HU-UFSCAR;HU;CC;CENTRO CIRÚRGICO;CENTRO CIRÚRGICO;500544/0010020048/CC0024;CAE-0004552;BISTURI ELETRONICO MONOPOLAR-BIPOLAR;EQUIPAMENTO;WEM;SS-501-SX;WEM EQUIPAMENTOS ELETRÔNICOS LTDA;22000;20/12/2021;;39512;19/12/2024;;NÃO;NÃO;SIM;NÃO;NÃO;NÃO;SIM;;;;;;;;;
HU-UFSCAR;HU;CC;CENTRO CIRÚRGICO;SALA 6 CENTRO CIRURGICO;10022559;T5J97258DX;BISTURI ELETRONICO MONOPOLAR-BIPOLAR;EQUIPAMENTO;COVIDIEN;FT-10;HCENTER COMERCIO DE PRODUTOS HOSPITALARES EIRELI;99800;04/03/2026;23763.006482/2025-41;21192;04/03/2028;;NÃO;NÃO;SIM;NÃO;NÃO;NÃO;SIM;NOTA DE EMPENHO 2025NE001801 - HCENTER (56050801);;;;;;;;
HU-UFSCAR;HU;ENDO;ENDOSCOPIA;ENDOSCOPIA;501435/UDIDE0052;19121176;BISTURI ELETRONICO MONOPOLAR-BIPOLAR;EQUIPAMENTO;MEDCIR;POWER CUT-300;MAKE LINE COMERCIAL LTDA;15000;22/01/2020;;13877;06/10/2023;;NÃO;NÃO;SIM;NÃO;NÃO;NÃO;SIM;;;;;;;;;
HU-UFSCAR;HU;UTIA;UTI ADULTO;;501205/UTIA0057;19121179;BISTURI ELETRONICO MONOPOLAR-BIPOLAR;EQUIPAMENTO;MEDCIR;POWER CUT-300;MAKE LINE COMERCIAL LTDA;15000;22/01/2020;;13877;06/10/2023;;NÃO;NÃO;SIM;NÃO;NÃO;NÃO;SIM;;;;;;;;;
HU-UFSCAR;HU;PAA;PA ADULTO;PA ADULTO;;IO200609152017;BLENDER;ACESSÓRIO;INTERMED;AIR O2-BLENDER;TESTE/ AGUARDANDO CADASTRO DE FORNECEDOR;0;01/12/2006;;00;01/12/2007;;NÃO;NÃO;NÃO;NÃO;NÃO;NÃO;SIM;NÃO HÁ DADOS DA AQUISIÇÃO.;;;;;;;;
HU-UFSCAR;HU;PAA;PA ADULTO;PA ADULTO;;IO200609152018;BLENDER;ACESSÓRIO;INTERMED;AIR O2-BLENDER;TESTE/ AGUARDANDO CADASTRO DE FORNECEDOR;0;01/12/2006;;00;01/12/2007;;NÃO;NÃO;SIM;NÃO;NÃO;NÃO;SIM;NÃO HÁ DADOS SOBRE AQUISIÇÃO.;;;;;;;;
HU-UFSCAR;HU;UCMC;CLÍNICA MÉDICA E CIRÚRGICA;CLÍNICA MÉDICA;;IO200609152016;BLENDER;ACESSÓRIO;INTERMED;AIR O2-BLENDER;TESTE/ AGUARDANDO CADASTRO DE FORNECEDOR;0;01/12/2006;;00;01/12/2007;;NÃO;NÃO;SIM;NÃO;NÃO;NÃO;SIM;SEM DADOS DA AQUISIÇÃO;;;;;;;;
HU-UFSCAR;HU;UCMC;CLÍNICA MÉDICA E CIRÚRGICA;CLÍNICA MÉDICA;;IO20060915220;BLENDER;ACESSÓRIO;INTERMED;AIR O2-BLENDER;TESTE/ AGUARDANDO CADASTRO DE FORNECEDOR;0;01/12/2006;;00;01/12/2007;;NÃO;NÃO;SIM;NÃO;NÃO;NÃO;SIM;NÃO HÁ DADOS SOBRE AQUISIÇÃO;;;;;;;;
HU-UFSCAR;HU;UCMC;CLÍNICA MÉDICA E CIRÚRGICA;CLÍNICA MÉDICA;;IO20060915224;BLENDER;ACESSÓRIO;INTERMED;AIR O2-BLENDER;TESTE/ AGUARDANDO CADASTRO DE FORNECEDOR;0;01/12/2006;;00;01/12/2007;;NÃO;NÃO;SIM;NÃO;NÃO;NÃO;SIM;SEM DADOS DA AQUISIÇÃO;;;;;;;;
HU-UFSCAR;HU;AMB;AMBULATÓRIO DE ESPECIALIDADES MÉDICAS;;COM01-32169P/00;32169P/00;BOMBA INFUSAO SERINGA;EQUIPAMENTO;SAMTRONIC;ST-7000-S TCI;RIBERCARE SOLUÇÃO HOSPITALAR LTDA;1080;17/09/2021;;283496;17/09/2022;;NÃO;NÃO;SIM;NÃO;SIM;NÃO;NÃO;"CONTRATO DE COMODATO - ST7000 S PORT

";;;;;;;;
HU-UFSCAR;HU;AMB;AMBULATÓRIO DE ESPECIALIDADES MÉDICAS;AMBULATORIO 1 ANDAR;COM01-37258P/01;37258P/01;BOMBA INFUSAO SERINGA;EQUIPAMENTO;SAMTRONIC;ST-7000;SAMTRONIC INDUSTRIA E COMERCIO LTDA;1375,65;21/05/2025;;000373226;21/05/2026;;NÃO;NÃO;SIM;NÃO;SIM;NÃO;NÃO;;;;;;;;;
HU-UFSCAR;HU;AMB;AMBULATÓRIO DE ESPECIALIDADES MÉDICAS;AMBULATORIO 1 ANDAR;COM01-40273P/01;40273P/01;BOMBA INFUSAO SERINGA;EQUIPAMENTO;SAMTRONIC;ST-7000;SAMTRONIC INDUSTRIA E COMERCIO LTDA;1375,65;21/05/2025;;000373226;21/05/2026;;NÃO;NÃO;SIM;NÃO;NÃO;NÃO;NÃO;;;;;;;;;
HU-UFSCAR;HU;CC;CENTRO CIRÚRGICO;;COM01-33436P/00/UTIP0040;33436P/00;BOMBA INFUSAO SERINGA;EQUIPAMENTO;SAMTRONIC;ST-7000-S TCI;RIBERCARE SOLUÇÃO HOSPITALAR LTDA;1080;10/02/2021;;261446;10/02/2022;;NÃO;NÃO;SIM;NÃO;SIM;NÃO;NÃO;"CONTRATO DE COMODATO - ST7000 S TCI

";;;;;;;;
HU-UFSCAR;HU;CC;CENTRO CIRÚRGICO;B.T.223;COM01-33331P/00;33331P/00;BOMBA INFUSAO SERINGA;EQUIPAMENTO;SAMTRONIC;ST-7000;RIBERCARE SOLUÇÃO HOSPITALAR LTDA;1080;10/02/2021;;261446;10/02/2022;;NÃO;NÃO;SIM;NÃO;SIM;NÃO;NÃO;"CONTRATO DE COMODATO - ST7000 S TCI

";;;;;;;;
HU-UFSCAR;HU;CC;CENTRO CIRÚRGICO;CENTRO CIRURGICO;;31189P/01;BOMBA INFUSAO SERINGA;EQUIPAMENTO;SAMTRONIC;ST-7000;SAMTRONIC INDUSTRIA E COMERCIO LTDA;1375,65;21/05/2025;;000373226;21/05/2026;;NÃO;NÃO;NÃO;NÃO;NÃO;NÃO;NÃO;;;;;;;;;
HU-UFSCAR;HU;CC;CENTRO CIRÚRGICO;CENTRO CIRURGICO;COM01-40259P/01;40259P/01;BOMBA INFUSAO SERINGA;EQUIPAMENTO;SAMTRONIC;ST-7000;SAMTRONIC INDUSTRIA E COMERCIO LTDA;1375,65;21/05/2025;;000373226;21/05/2026;;NÃO;NÃO;SIM;NÃO;NÃO;NÃO;NÃO;;;;;;;;;
HU-UFSCAR;HU;CC;CENTRO CIRÚRGICO;CENTRO CIRURGICO;COM01-40267P/01;40267P/01;BOMBA INFUSAO SERINGA;EQUIPAMENTO;SAMTRONIC;ST-7000;SAMTRONIC INDUSTRIA E COMERCIO LTDA;1375,65;21/05/2025;;000373226;21/05/2026;;NÃO;NÃO;SIM;NÃO;NÃO;NÃO;NÃO;;;;;;;;;
HU-UFSCAR;HU;CC;CENTRO CIRÚRGICO;CENTRO CIRURGICO;COM01-42356P;42356P/01;BOMBA INFUSAO SERINGA;EQUIPAMENTO;SAMTRONIC;ST-7000;SAMTRONIC INDUSTRIA E COMERCIO LTDA;1507,49;21/05/2025;;000373226;21/05/2026;;NÃO;NÃO;SIM;NÃO;NÃO;NÃO;NÃO;;;;;;;;;
HU-UFSCAR;HU;PAA;PA ADULTO;B.T.20;COM01-34201P/00;34201P/00;BOMBA INFUSAO SERINGA;EQUIPAMENTO;SAMTRONIC;ST-7000-S TCI;RIBERCARE SOLUÇÃO HOSPITALAR LTDA;1080;07/01/2021;;258586;07/01/2022;;NÃO;NÃO;SIM;NÃO;SIM;NÃO;NÃO;"CONTRATO DE COMODATO - ST7000 S PORT

";;;;;;;;
HU-UFSCAR;HU;PAA;PA ADULTO;B.T.20;COM01-34204P/00;34204P/00;BOMBA INFUSAO SERINGA;EQUIPAMENTO;SAMTRONIC;ST-7000-S TCI;RIBERCARE SOLUÇÃO HOSPITALAR LTDA;1080;07/01/2021;;258586;07/01/2022;;NÃO;NÃO;SIM;NÃO;SIM;NÃO;NÃO;"CONTRATO DE COMODATO - ST7000 S PORT

";;;;;;;;
HU-UFSCAR;HU;PAI;PA INFANTIL;;COM01-34176;34176P/00;BOMBA INFUSAO SERINGA;EQUIPAMENTO;SAMTRONIC;ST-7000;SAMTRONIC INDUSTRIA E COMERCIO LTDA;1080;07/01/2021;;258586;07/01/2022;;NÃO;NÃO;SIM;NÃO;SIM;NÃO;NÃO;COMODATO;;;;;;;;
HU-UFSCAR;HU;PAI;PA INFANTIL;PA INFANTIL ;COM01-34115P/00/UCA0008;34115P/00;BOMBA INFUSAO SERINGA;EQUIPAMENTO;SAMTRONIC;ST-7000;RIBERCARE SOLUÇÃO HOSPITALAR LTDA;1080;07/01/2021;;258586;07/01/2022;;NÃO;NÃO;SIM;NÃO;SIM;NÃO;NÃO;"CONTRATO DE COMODATO - ST7000 S PORT

";;;;;;;;
HU-UFSCAR;HU;PAI;PA INFANTIL;UCA PA;COM01-33499P/00/CC0010;33499P/00;BOMBA INFUSAO SERINGA;EQUIPAMENTO;SAMTRONIC;ST-7000-S TCI;RIBERCARE SOLUÇÃO HOSPITALAR LTDA;1080;10/02/2021;;261446;10/02/2022;;NÃO;NÃO;SIM;NÃO;SIM;NÃO;NÃO;"CONTRATO DE COMODATO - ST7000 S TCI

";;;;;;;;
HU-UFSCAR;HU;STEC;SETOR DE ENGENHARIA CLÍNICA;;COM01-36445;36445P/01;BOMBA INFUSAO SERINGA;EQUIPAMENTO;SAMTRONIC;ST-7000;SAMTRONIC INDUSTRIA E COMERCIO LTDA;1375,65;21/05/2025;;000373226;21/05/2026;;NÃO;NÃO;SIM;NÃO;SIM;NÃO;NÃO;;;;;;;;;
HU-UFSCAR;HU;STEC;SETOR DE ENGENHARIA CLÍNICA;;COM01-36491;36491P/01;BOMBA INFUSAO SERINGA;EQUIPAMENTO;SAMTRONIC;ST-7000;SAMTRONIC INDUSTRIA E COMERCIO LTDA;1375,65;21/05/2025;;000373226;21/05/2026;;NÃO;NÃO;SIM;NÃO;SIM;NÃO;NÃO;;;;;;;;;
HU-UFSCAR;HU;STEC;SETOR DE ENGENHARIA CLÍNICA;;COM01-37185;37185P/01;BOMBA INFUSAO SERINGA;EQUIPAMENTO;SAMTRONIC;ST-7000;SAMTRONIC INDUSTRIA E COMERCIO LTDA;1375,65;21/05/2025;;000373226;21/05/2026;;NÃO;NÃO;SIM;NÃO;SIM;NÃO;NÃO;;;;;;;;;
HU-UFSCAR;HU;STEC;SETOR DE ENGENHARIA CLÍNICA;;COM01-37189P/01;37189P/01;BOMBA INFUSAO SERINGA;EQUIPAMENTO;SAMTRONIC;ST-7000;SAMTRONIC INDUSTRIA E COMERCIO LTDA;1375,65;21/05/2025;;373226;21/05/2026;;NÃO;NÃO;SIM;NÃO;SIM;NÃO;NÃO;;;;;;;;;
HU-UFSCAR;HU;STEC;SETOR DE ENGENHARIA CLÍNICA;;COM01-37193P/01;37193P/01;BOMBA INFUSAO SERINGA;EQUIPAMENTO;SAMTRONIC;ST-7000;SAMTRONIC INDUSTRIA E COMERCIO LTDA;1375,65;21/05/2025;;000373226;21/05/2026;;NÃO;NÃO;SIM;NÃO;SIM;NÃO;NÃO;;;;;;;;;
HU-UFSCAR;HU;STEC;SETOR DE ENGENHARIA CLÍNICA;;COM01-37253P/01;37253P/01;BOMBA INFUSAO SERINGA;EQUIPAMENTO;SAMTRONIC;ST-7000;SAMTRONIC INDUSTRIA E COMERCIO LTDA;1375,65;21/05/2025;;000373226;21/05/2026;;NÃO;NÃO;SIM;NÃO;SIM;NÃO;NÃO;;;;;;;;;
HU-UFSCAR;HU;STEC;SETOR DE ENGENHARIA CLÍNICA;;COM01-37271P/01;37271P/01;BOMBA INFUSAO SERINGA;EQUIPAMENTO;SAMTRONIC;ST-7000;SAMTRONIC INDUSTRIA E COMERCIO LTDA;1375,65;21/05/2025;;000373226;21/05/2026;;NÃO;NÃO;SIM;NÃO;SIM;NÃO;NÃO;;;;;;;;;
HU-UFSCAR;HU;STEC;SETOR DE ENGENHARIA CLÍNICA;;COM01-39984P/01;39984P/01;BOMBA INFUSAO SERINGA;EQUIPAMENTO;SAMTRONIC;ST-7000;SAMTRONIC INDUSTRIA E COMERCIO LTDA;1375,65;21/05/2025;;000373226;21/05/2026;;NÃO;NÃO;SIM;NÃO;NÃO;NÃO;NÃO;;;;;;;;;
HU-UFSCAR;HU;STEC;SETOR DE ENGENHARIA CLÍNICA;;COM01-40260P/01;40260P/01;BOMBA INFUSAO SERINGA;EQUIPAMENTO;SAMTRONIC;ST-7000;SAMTRONIC INDUSTRIA E COMERCIO LTDA;1375,65;21/05/2025;;000373226;21/05/2026;;NÃO;NÃO;SIM;NÃO;NÃO;NÃO;NÃO;;;;;;;;;
HU-UFSCAR;HU;STEC;SETOR DE ENGENHARIA CLÍNICA;;COM01-42387P;42387P/01;BOMBA INFUSAO SERINGA;EQUIPAMENTO;SAMTRONIC;ST-7000-S TCI;SAMTRONIC INDUSTRIA E COMERCIO LTDA;1507,49;21/05/2025;;000373226;21/05/2026;;NÃO;NÃO;SIM;NÃO;NÃO;NÃO;NÃO;;;;;;;;;
HU-UFSCAR;HU;STEC;SETOR DE ENGENHARIA CLÍNICA;;COM01-42389P;42389P/01;BOMBA INFUSAO SERINGA;EQUIPAMENTO;SAMTRONIC;ST-7000-S TCI;SAMTRONIC INDUSTRIA E COMERCIO LTDA;1507,49;21/05/2025;;000373226;21/05/2026;;NÃO;NÃO;SIM;NÃO;NÃO;NÃO;NÃO;;;;;;;;;
HU-UFSCAR;HU;STEC;SETOR DE ENGENHARIA CLÍNICA;;COM01-42392P;42392P/01;BOMBA INFUSAO SERINGA;EQUIPAMENTO;SAMTRONIC;ST-7000-S TCI;SAMTRONIC INDUSTRIA E COMERCIO LTDA;1507,49;21/05/2025;;000373226;21/05/2026;;NÃO;NÃO;SIM;NÃO;NÃO;NÃO;NÃO;;;;;;;;;
HU-UFSCAR;HU;STEC;SETOR DE ENGENHARIA CLÍNICA;B.T.232;COM01-34164P/00;34164P/00;BOMBA INFUSAO SERINGA;EQUIPAMENTO;SAMTRONIC;ST-7000-S TCI;RIBERCARE SOLUÇÃO HOSPITALAR LTDA;1080;07/01/2021;;258586;07/01/2022;;NÃO;NÃO;SIM;NÃO;SIM;NÃO;NÃO;"CONTRATO DE COMODATO - ST7000 S PORT

";;;;;;;;
HU-UFSCAR;HU;STEC-ECQ;ECQ/HU-UFSCAR;;COM01-37509;37509P/01;BOMBA INFUSAO SERINGA;EQUIPAMENTO;SAMTRONIC;ST-7000;SAMTRONIC INDUSTRIA E COMERCIO LTDA;1375,65;21/05/2025;;373226;21/05/2026;;NÃO;NÃO;SIM;NÃO;NÃO;NÃO;NÃO;;;;;;;;;
HU-UFSCAR;HU;UCAI;UNIDADE DA CRIANÇA E ADOLESCENTE - INTERNAÇÃO;;COM01-30412P/00/CC0049;30412P/00;BOMBA INFUSAO SERINGA;EQUIPAMENTO;SAMTRONIC;ST-7000-S TCI;RIBERCARE SOLUÇÃO HOSPITALAR LTDA;1080;17/09/2021;;283496;17/09/2022;;NÃO;NÃO;SIM;NÃO;SIM;NÃO;NÃO;"CONTRATO DE COMODATO - ST7000 S PORT

";;;;;;;;
HU-UFSCAR;HU;UCAI;UNIDADE DA CRIANÇA E ADOLESCENTE - INTERNAÇÃO;;COM01-31732P/00;31732P/00;BOMBA INFUSAO SERINGA;EQUIPAMENTO;SAMTRONIC;ST-7000-S INTELLI;RIBERCARE SOLUÇÃO HOSPITALAR LTDA;1080;17/09/2021;;283496;17/09/2022;;NÃO;NÃO;SIM;NÃO;SIM;NÃO;NÃO;"CONTRATO DE COMODATO - ST7000 S PORT

";;;;;;;;
HU-UFSCAR;HU;UCAI;UNIDADE DA CRIANÇA E ADOLESCENTE - INTERNAÇÃO;;COM01-34205P/00;34205P/00;BOMBA INFUSAO SERINGA;EQUIPAMENTO;SAMTRONIC;ST-7000;RIBERCARE SOLUÇÃO HOSPITALAR LTDA;1080;07/01/2021;;258586;07/01/2022;;NÃO;NÃO;SIM;NÃO;SIM;NÃO;NÃO;"CONTRATO DE COMODATO - ST7000 S PORT

";;;;;;;;
HU-UFSCAR;HU;UCAI;UNIDADE DA CRIANÇA E ADOLESCENTE - INTERNAÇÃO;;COM01-37928P/01;37928P/01;BOMBA INFUSAO SERINGA;EQUIPAMENTO;SAMTRONIC;ST-7000;SAMTRONIC INDUSTRIA E COMERCIO LTDA;1375,65;21/05/2025;;000373226;21/05/2026;;NÃO;NÃO;SIM;NÃO;NÃO;NÃO;NÃO;;;;;;;;;
HU-UFSCAR;HU;UCAI;UNIDADE DA CRIANÇA E ADOLESCENTE - INTERNAÇÃO;UCA PA;COM01-34198P/00/CC0048;34198P/00;BOMBA INFUSAO SERINGA;EQUIPAMENTO;SAMTRONIC;ST-7000;RIBERCARE SOLUÇÃO HOSPITALAR LTDA;1080;07/01/2021;;258586;07/01/2022;;NÃO;NÃO;SIM;NÃO;SIM;NÃO;NÃO;"CONTRATO DE COMODATO - ST7000 S PORT

";;;;;;;;
HU-UFSCAR;HU;UCMC;CLÍNICA MÉDICA E CIRÚRGICA;CLÍNICA MÉDICA;COM01-37056Q;37056Q/01;BOMBA INFUSAO SERINGA;EQUIPAMENTO;SAMTRONIC;ST-7000-TCI;SAMTRONIC INDUSTRIA E COMERCIO LTDA;1290;07/02/2023;;000321976;07/02/2024;;NÃO;NÃO;SIM;NÃO;SIM;NÃO;NÃO;COMODATO;;;;;;;;
HU-UFSCAR;HU;UTIA;UTI ADULTO;;COM01-34118P/00;34118P/00;BOMBA INFUSAO SERINGA;EQUIPAMENTO;SAMTRONIC;ST-7000-S TCI;RIBERCARE SOLUÇÃO HOSPITALAR LTDA;1080;07/01/2021;;258586;07/01/2022;;NÃO;NÃO;SIM;NÃO;SIM;NÃO;NÃO;"CONTRATO DE COMODATO - ST7000 S PORT

";;;;;;;;
HU-UFSCAR;HU;UTIA;UTI ADULTO;;COM01-34162P/00;34162P/00;BOMBA INFUSAO SERINGA;EQUIPAMENTO;SAMTRONIC;ST-7000-S TCI;RIBERCARE SOLUÇÃO HOSPITALAR LTDA;1080;07/01/2021;;258586;07/01/2022;;NÃO;NÃO;SIM;NÃO;SIM;NÃO;NÃO;"CONTRATO DE COMODATO - ST7000 S PORT

";;;;;;;;
HU-UFSCAR;HU;UTIA;UTI ADULTO;ENG. CLINICA ;COM01-34120P/00/UTIP0045;34120P/00;BOMBA INFUSAO SERINGA;EQUIPAMENTO;SAMTRONIC;ST-7000-S TCI;RIBERCARE SOLUÇÃO HOSPITALAR LTDA;1080;07/01/2021;;258586;07/01/2022;;NÃO;NÃO;SIM;NÃO;SIM;NÃO;NÃO;"CONTRATO DE COMODATO - ST7000 S PORT

";;;;;;;;
HU-UFSCAR;HU;UTIA;UTI ADULTO;UTI ADULTO;COM01-31578P/00;31578P/00;BOMBA INFUSAO SERINGA;EQUIPAMENTO;SAMTRONIC;ST-7000-S TCI;RIBERCARE SOLUÇÃO HOSPITALAR LTDA;1080;17/09/2021;;283496;17/09/2022;;NÃO;NÃO;SIM;NÃO;SIM;NÃO;NÃO;"CONTRATO DE COMODATO - ST7000 S PORT

";;;;;;;;
HU-UFSCAR;HU;UTIA;UTI ADULTO;UTI ADULTO;COM01-31625P/00/UTI0047;31625P/00;BOMBA INFUSAO SERINGA;EQUIPAMENTO;SAMTRONIC;ST-7000;RIBERCARE SOLUÇÃO HOSPITALAR LTDA;1080;17/09/2021;;283496;17/09/2022;;NÃO;NÃO;SIM;NÃO;SIM;NÃO;NÃO;"CONTRATO DE COMODATO - ST7000 S PORT

";;;;;;;;
HU-UFSCAR;HU;UTIA;UTI ADULTO;UTI ADULTO;COM01-34099P/00/UTIA0010;34099P/00;BOMBA INFUSAO SERINGA;EQUIPAMENTO;SAMTRONIC;ST-7000-S TCI;RIBERCARE SOLUÇÃO HOSPITALAR LTDA;1080;07/01/2021;;258586;07/01/2022;;NÃO;NÃO;SIM;NÃO;SIM;NÃO;NÃO;"CONTRATO DE COMODATO - ST7000 S PORT - DATA DE FABRICAÇÃO: 09/2020

";;;;;;;;
HU-UFSCAR;HU;UTIA;UTI ADULTO;UTI ADULTO;COM01-34109P/00/UTIP0039;34109P/00;BOMBA INFUSAO SERINGA;EQUIPAMENTO;SAMTRONIC;ST-7000-S TCI;RIBERCARE SOLUÇÃO HOSPITALAR LTDA;1080;07/01/2021;;258586;07/01/2022;;NÃO;NÃO;SIM;NÃO;SIM;NÃO;NÃO;"CONTRATO DE COMODATO - ST7000 S PORT - DATA DE FABRICAÇÃO: 09/2020

";;;;;;;;
HU-UFSCAR;HU;UTIA;UTI ADULTO;UTI ADULTO;COM01-34121P/00/CC0029;34121P/00;BOMBA INFUSAO SERINGA;EQUIPAMENTO;SAMTRONIC;ST-7000-S TCI;RIBERCARE SOLUÇÃO HOSPITALAR LTDA;1080;07/01/2021;;258586;07/01/2022;;NÃO;NÃO;SIM;NÃO;SIM;NÃO;NÃO;"CONTRATO DE COMODATO - ST7000 S PORT

";;;;;;;;
HU-UFSCAR;HU;UTIA;UTI ADULTO;UTI ADULTO;COM01-34177P/00/CC0014;34177P/00;BOMBA INFUSAO SERINGA;EQUIPAMENTO;SAMTRONIC;ST-7000;RIBERCARE SOLUÇÃO HOSPITALAR LTDA;1080;07/01/2021;;258586;07/01/2022;;NÃO;NÃO;SIM;NÃO;SIM;NÃO;NÃO;"CONTRATO DE COMODATO - ST7000 S PORT - DATA DE FABRICAÇÃO: 10/2020

";;;;;;;;
HU-UFSCAR;HU;UTIA;UTI ADULTO;UTI ADULTO;COM01-36840;36840P/01;BOMBA INFUSAO SERINGA;EQUIPAMENTO;SAMTRONIC;ST-7000;SAMTRONIC INDUSTRIA E COMERCIO LTDA;1375,65;21/05/2025;;000373226;21/05/2026;;NÃO;NÃO;SIM;NÃO;SIM;NÃO;NÃO;;;;;;;;;
HU-UFSCAR;HU;UTIA;UTI ADULTO;UTI ADULTO;COM01-37050;37050Q/00;BOMBA INFUSAO SERINGA;EQUIPAMENTO;SAMTRONIC;ST-7000;SAMTRONIC INDUSTRIA E COMERCIO LTDA;0;27/05/2021;;00;27/05/2022;;NÃO;NÃO;SIM;NÃO;SIM;NÃO;NÃO;;;;;;;;;
HU-UFSCAR;HU;UTIPED;UTI PEDIÁTRICA;;COM01-30008P/00;30008P/00;BOMBA INFUSAO SERINGA;EQUIPAMENTO;SAMTRONIC;ST-7000-S TCI;RIBERCARE SOLUÇÃO HOSPITALAR LTDA;1080;17/09/2021;;283496;17/09/2022;;NÃO;NÃO;SIM;NÃO;SIM;NÃO;NÃO;"CONTRATO DE COMODATO - ST7000 S PORT

";;;;;;;;
HU-UFSCAR;HU;UTIPED;UTI PEDIÁTRICA;;COM01-31611P/00;31611P/00;BOMBA INFUSAO SERINGA;EQUIPAMENTO;SAMTRONIC;ST-7000-S TCI;RIBERCARE SOLUÇÃO HOSPITALAR LTDA;1080;17/09/2021;;283496;17/09/2022;;NÃO;NÃO;SIM;NÃO;SIM;NÃO;NÃO;"CONTRATO DE COMODATO - ST7000 S PORT

";;;;;;;;
HU-UFSCAR;HU;UTIPED;UTI PEDIÁTRICA;;COM01-32402P/00;32402P/00;BOMBA INFUSAO SERINGA;EQUIPAMENTO;SAMTRONIC;ST-7000-S TCI;RIBERCARE SOLUÇÃO HOSPITALAR LTDA;1080;17/09/2021;;283496;17/09/2022;;NÃO;NÃO;SIM;NÃO;SIM;NÃO;NÃO;"CONTRATO DE COMODATO - ST7000 S PORT

";;;;;;;;
HU-UFSCAR;HU;UTIPED;UTI PEDIÁTRICA;;COM01-32455P/00;32455P/00;BOMBA INFUSAO SERINGA;EQUIPAMENTO;SAMTRONIC;ST-7000-S TCI;RIBERCARE SOLUÇÃO HOSPITALAR LTDA;1080;17/09/2021;;283496;17/09/2022;;NÃO;NÃO;SIM;NÃO;SIM;NÃO;NÃO;"CONTRATO DE COMODATO - ST7000 S PORT

";;;;;;;;
HU-UFSCAR;HU;UTIPED;UTI PEDIÁTRICA;;COM01-34104P/00;34104P/00;BOMBA INFUSAO SERINGA;EQUIPAMENTO;SAMTRONIC;ST-7000-S TCI;RIBERCARE SOLUÇÃO HOSPITALAR LTDA;1080;07/01/2021;;258586;07/01/2022;;NÃO;NÃO;SIM;NÃO;SIM;NÃO;NÃO;"CONTRATO DE COMODATO - ST7000 S PORT

";;;;;;;;
HU-UFSCAR;HU;UTIPED;UTI PEDIÁTRICA;;COM01-34105P/00/UTIA0028;34105P/00;BOMBA INFUSAO SERINGA;EQUIPAMENTO;SAMTRONIC;ST-7000-S TCI;RIBERCARE SOLUÇÃO HOSPITALAR LTDA;1080;07/01/2021;;258586;07/01/2022;;NÃO;NÃO;SIM;NÃO;SIM;NÃO;NÃO;"CONTRATO DE COMODATO - ST7000 S PORT - DATA DE FABRICAÇÃO: 09/2020

";;;;;;;;
HU-UFSCAR;HU;UTIPED;UTI PEDIÁTRICA;;COM01-34117P/00;34117P/00;BOMBA INFUSAO SERINGA;EQUIPAMENTO;SAMTRONIC;ST-7000-S TCI;RIBERCARE SOLUÇÃO HOSPITALAR LTDA;1080;07/01/2021;;258586;07/01/2022;;NÃO;NÃO;SIM;NÃO;SIM;NÃO;NÃO;"CONTRATO DE COMODATO - ST7000 S PORT - DATA DE FABRICAÇÃO: 09/2020

";;;;;;;;
HU-UFSCAR;HU;UTIPED;UTI PEDIÁTRICA;;COM01-34174P/00;34174P/00;BOMBA INFUSAO SERINGA;EQUIPAMENTO;SAMTRONIC;ST-7000-S TCI;RIBERCARE SOLUÇÃO HOSPITALAR LTDA;1080;07/01/2021;;258586;07/01/2022;;NÃO;NÃO;SIM;NÃO;SIM;NÃO;NÃO;"CONTRATO DE COMODATO - ST7000 S PORT - DATA DE FABRICAÇÃO: 10/2020

";;;;;;;;
HU-UFSCAR;HU;UTIPED;UTI PEDIÁTRICA;ENG. CLINICA ;COM01-34187;34187P/00;BOMBA INFUSAO SERINGA;EQUIPAMENTO;SAMTRONIC;ST-7000;SAMTRONIC INDUSTRIA E COMERCIO LTDA;1290;27/11/2020;;00;27/11/2021;;NÃO;NÃO;SIM;NÃO;SIM;NÃO;NÃO;;;;;;;;;
HU-UFSCAR;HU;UTIPED;UTI PEDIÁTRICA;UTI PED;;34100P/0009/2020;BOMBA INFUSAO SERINGA;EQUIPAMENTO;SAMTRONIC;ST-7000;SAMTRONIC INDUSTRIA E COMERCIO LTDA;1988,68;18/11/2025;23763.001603/2023-05;349552;18/11/2026;;NÃO;NÃO;SIM;NÃO;SIM;NÃO;NÃO;;;;;;;;;
HU-UFSCAR;HU;UTIPED;UTI PEDIÁTRICA;UTI PED;COM01-33472P/00/UTIP0032;33472P/00;BOMBA INFUSAO SERINGA;EQUIPAMENTO;SAMTRONIC;ST-7000;ZAFALON SOLUCOES HOSPITALARES LTDA;3300;06/06/2023;;38382;06/06/2025;;NÃO;NÃO;SIM;NÃO;SIM;NÃO;NÃO;;;;;;;;;
HU-UFSCAR;HU;UTIPED;UTI PEDIÁTRICA;UTI PED;COM01-34101P/00/UTIP0018;34101P/00;BOMBA INFUSAO SERINGA;EQUIPAMENTO;SAMTRONIC;ST-7000-S TCI;RIBERCARE SOLUÇÃO HOSPITALAR LTDA;1080;07/01/2021;;258586;07/01/2022;;NÃO;NÃO;SIM;NÃO;SIM;NÃO;NÃO;"CONTRATO DE COMODATO - ST7000 S PORT - DATA DE FABRICAÇÃO: 09/2020

";;;;;;;;
HU-UFSCAR;HU;UTIPED;UTI PEDIÁTRICA;UTI PED;COM01-34102P/00;34102P/00;BOMBA INFUSAO SERINGA;EQUIPAMENTO;SAMTRONIC;ST-7000-S TCI;RIBERCARE SOLUÇÃO HOSPITALAR LTDA;1080;07/01/2021;;258586;07/01/2022;;NÃO;NÃO;SIM;NÃO;SIM;NÃO;NÃO;"CONTRATO DE COMODATO - ST7000 S PORT

";;;;;;;;
HU-UFSCAR;HU;UTIPED;UTI PEDIÁTRICA;UTI PED;COM01-34106P/00/UTIP0020;34106P/00;BOMBA INFUSAO SERINGA;EQUIPAMENTO;SAMTRONIC;ST-7000-S TCI;RIBERCARE SOLUÇÃO HOSPITALAR LTDA;1080;07/01/2021;;258586;07/01/2022;;NÃO;NÃO;SIM;NÃO;SIM;NÃO;NÃO;"CONTRATO DE COMODATO - ST7000 S PORT - DATA DE FABRICAÇÃO: 09/2020

";;;;;;;;
HU-UFSCAR;HU;UTIPED;UTI PEDIÁTRICA;UTI PED;COM01-34152P/00/UTIP0022;34152P/00;BOMBA INFUSAO SERINGA;EQUIPAMENTO;SAMTRONIC;ST-7000-S TCI;RIBERCARE SOLUÇÃO HOSPITALAR LTDA;1080;07/01/2021;;258586;07/01/2022;;NÃO;NÃO;SIM;NÃO;SIM;NÃO;NÃO;"CONTRATO DE COMODATO - ST7000 S PORT

";;;;;;;;
HU-UFSCAR;HU;UTIPED;UTI PEDIÁTRICA;UTI PED;COM01-34167P/00/UTIP0019;34167P/00;BOMBA INFUSAO SERINGA;EQUIPAMENTO;SAMTRONIC;ST-7000-S TCI;RIBERCARE SOLUÇÃO HOSPITALAR LTDA;1080;07/01/2021;;258586;07/01/2022;;NÃO;NÃO;SIM;NÃO;SIM;NÃO;NÃO;"CONTRATO DE COMODATO - ST7000 S PORT

";;;;;;;;
HU-UFSCAR;HU;UTIPED;UTI PEDIÁTRICA;UTI PED;COM01-34185P/00/UTIP0031;34185P/00;BOMBA INFUSAO SERINGA;EQUIPAMENTO;SAMTRONIC;ST-7000-S TCI;RIBERCARE SOLUÇÃO HOSPITALAR LTDA;1080;07/01/2021;;258586;07/01/2022;;NÃO;NÃO;SIM;NÃO;SIM;NÃO;NÃO;"CONTRATO DE COMODATO - ST7000 S PORT

";;;;;;;;
HU-UFSCAR;HU;UTIPED;UTI PEDIÁTRICA;UTI PED.;COM01-31752P/00;31752P/00;BOMBA INFUSAO SERINGA;EQUIPAMENTO;SAMTRONIC;ST-7000-S TCI;RIBERCARE SOLUÇÃO HOSPITALAR LTDA;1080;17/09/2021;;283496;17/09/2022;;NÃO;NÃO;SIM;NÃO;SIM;NÃO;NÃO;"CONTRATO DE COMODATO - ST7000 S PORT

";;;;;;;;
HU-UFSCAR;HU;AMB;AMBULATÓRIO DE ESPECIALIDADES MÉDICAS;;COM01-58102;58102V/00;BOMBA INFUSAO USO GERAL;EQUIPAMENTO;SAMTRONIC;ICATU S-4.0;SAMTRONIC INDUSTRIA E COMERCIO LTDA;0;19/03/2024;;0;19/03/2025;;NÃO;NÃO;SIM;NÃO;SIM;NÃO;NÃO;;;;;;;;;
HU-UFSCAR;HU;AMB;AMBULATÓRIO DE ESPECIALIDADES MÉDICAS;;COM01-61813V/01;61813V/01;BOMBA INFUSAO USO GERAL;EQUIPAMENTO;SAMTRONIC;ICATU S-4.0;SAMTRONIC INDUSTRIA E COMERCIO LTDA;1957,35;20/09/2024;;000363103;20/09/2025;;NÃO;NÃO;SIM;NÃO;SIM;NÃO;NÃO;;;;;;;;;
HU-UFSCAR;HU;AMB;AMBULATÓRIO DE ESPECIALIDADES MÉDICAS;;COM01-71040;71040V/01;BOMBA INFUSAO USO GERAL;EQUIPAMENTO;SAMTRONIC;ICATU S-4.0;SAMTRONIC INDUSTRIA E COMERCIO LTDA;1290;27/05/2021;;272287;27/05/2022;;NÃO;NÃO;SIM;NÃO;SIM;NÃO;NÃO;;;;;;;;;
HU-UFSCAR;HU;AMB;AMBULATÓRIO DE ESPECIALIDADES MÉDICAS;AMBULATÓRIO;COM01-58865;58865V/00;BOMBA INFUSAO USO GERAL;EQUIPAMENTO;SAMTRONIC;ICATU S-4.0;SAMTRONIC INDUSTRIA E COMERCIO LTDA;1290;27/05/2021;;000272287;27/05/2022;;NÃO;NÃO;NÃO;SIM;NÃO;NÃO;NÃO;DEVOLUÇÃO COMODATO 17/06/2024.;;;;;;;;
HU-UFSCAR;HU;AMB;AMBULATÓRIO DE ESPECIALIDADES MÉDICAS;AMBULATORIO 2 ANDAR;COM01-42434V/00;42434V/00;BOMBA INFUSAO USO GERAL;EQUIPAMENTO;SAMTRONIC;ICATU S-3-ED;SAMTRONIC INDUSTRIA E COMERCIO LTDA;0;01/01/2015;;0;01/01/2016;;NÃO;NÃO;SIM;NÃO;SIM;NÃO;SIM;;;;;;;;;
HU-UFSCAR;HU;CC;CENTRO CIRÚRGICO;;COM01-58034V/00;58034V/00;BOMBA INFUSAO USO GERAL;EQUIPAMENTO;SAMTRONIC;ICATU S-4.0;RIBERCARE SOLUÇÃO HOSPITALAR LTDA;1290;21/01/2021;;259726;21/01/2022;;NÃO;NÃO;SIM;NÃO;SIM;NÃO;NÃO;"CONTRATO DE COMODATO - ICATU S 3ED PORTUGUES - DATA DE FABRICAÇÃO: 08/2020

";;;;;;;;
HU-UFSCAR;HU;CC;CENTRO CIRÚRGICO;;COM01-58911V/00/UCA0040;58911V/00;BOMBA INFUSAO USO GERAL;EQUIPAMENTO;SAMTRONIC;ICATU S-4.0;RIBERCARE SOLUÇÃO HOSPITALAR LTDA;1290;21/01/2021;;259726;21/01/2022;;NÃO;NÃO;SIM;NÃO;SIM;NÃO;NÃO;"CONTRATO DE COMODATO 



ICATU S 3ED PORTUGUES

";;;;;;;;
HU-UFSCAR;HU;CC;CENTRO CIRÚRGICO;;COM01-65282V/01;65282V/01;BOMBA INFUSAO USO GERAL;EQUIPAMENTO;SAMTRONIC;ICATU S-4.0;RIBERCARE SOLUÇÃO HOSPITALAR LTDA;1290;27/11/2020;;;27/11/2021;;NÃO;NÃO;SIM;NÃO;SIM;NÃO;NÃO;;;;;;;;;
HU-UFSCAR;HU;CC;CENTRO CIRÚRGICO;;COM01-69722;69722V/01;BOMBA INFUSAO USO GERAL;EQUIPAMENTO;SAMTRONIC;ICATU S-4.0;ZAFALON SOLUCOES HOSPITALARES LTDA;1290;27/11/2020;;255746;27/11/2021;;NÃO;NÃO;SIM;NÃO;SIM;NÃO;SIM;;;;;;;;;
HU-UFSCAR;HU;ECG;ELETROCARDIOGRAFIA;;COM01-66011V/01/UTIA0060;66011V/01;BOMBA INFUSAO USO GERAL;EQUIPAMENTO;SAMTRONIC;ICATU S-4.0-INTELLI WIFI;SAMTRONIC INDUSTRIA E COMERCIO LTDA;1957,35;21/05/2025;;000373226;21/05/2026;;NÃO;NÃO;SIM;NÃO;NÃO;NÃO;NÃO;;;;;;;;;
HU-UFSCAR;HU;PAA;PA ADULTO;;COM01-71028/PA0003;71028V/01;BOMBA INFUSAO USO GERAL;EQUIPAMENTO;SAMTRONIC;ICATU S-4.0;SAMTRONIC INDUSTRIA E COMERCIO LTDA;1290;27/05/2021;;272287;27/05/2022;;NÃO;NÃO;SIM;NÃO;SIM;NÃO;NÃO;;;;;;;;;
HU-UFSCAR;HU;PAA;PA ADULTO;;COM01-74953;74953V/01;BOMBA INFUSAO USO GERAL;EQUIPAMENTO;SAMTRONIC;ICATU S-4.0;SAMTRONIC INDUSTRIA E COMERCIO LTDA;1957,35;20/09/2024;;000363103;20/09/2025;;NÃO;NÃO;SIM;NÃO;SIM;NÃO;NÃO;;;;;;;;;
HU-UFSCAR;HU;PAA;PRONTO ATENDIMENTO ADULTO_INATIVO;B.T.20;COM01-08586R/08;08586R/08;BOMBA INFUSAO USO GERAL;EQUIPAMENTO;SAMTRONIC;ST-550-T-2;RIBERCARE SOLUÇÃO HOSPITALAR LTDA;550;07/01/2021;;258587;07/01/2022;;SIM;NÃO;SIM;SIM;NÃO;NÃO;NÃO;"CONTRATO DE COMODATO - ST550T2 PLUS

";;;;;;;;
HU-UFSCAR;HU;PAA;PRONTO ATENDIMENTO ADULTO_INATIVO;B.T.20;COM01-58103V/00;58103V/00;BOMBA INFUSAO USO GERAL;EQUIPAMENTO;SAMTRONIC;ICATU S-4.0;RIBERCARE SOLUÇÃO HOSPITALAR LTDA;1290;21/01/2021;;259726;21/01/2022;;NÃO;NÃO;NÃO;SIM;NÃO;NÃO;NÃO;"CONTRATO DE COMODATO - ICATU S 3ED PORTUGUES

DEVOLUÇÃO EM 29/02/2024";;;;;;;;
HU-UFSCAR;HU;PAA;PRONTO ATENDIMENTO ADULTO_INATIVO;B.T.20;COM01-58940V/00;58940V/00;BOMBA INFUSAO USO GERAL;EQUIPAMENTO;SAMTRONIC;ICATU S-4.0;RIBERCARE SOLUÇÃO HOSPITALAR LTDA;1290;21/01/2021;;259726;21/01/2022;;NÃO;NÃO;NÃO;SIM;NÃO;NÃO;NÃO;"CONTRATO DE COMODATO - ICATU S 3ED PORTUGUES - DATA DE FABRICAÇÃO: 09/2020

DEVOLUÇÃO 29/02/2024";;;;;;;;
HU-UFSCAR;HU;PAA;PA ADULTO;EMERGENCIA ADULTO;COM01-65237/UCA0034;65237V/01;BOMBA INFUSAO USO GERAL;EQUIPAMENTO;SAMTRONIC;ICATU S-4.0;SAMTRONIC INDUSTRIA E COMERCIO LTDA;1290;27/05/2021;;272287;27/05/2022;;NÃO;NÃO;SIM;NÃO;SIM;NÃO;NÃO;;;;;;;;;
HU-UFSCAR;HU;PAA;PA ADULTO;PA ADULTO;;71023V/01;BOMBA INFUSAO USO GERAL;EQUIPAMENTO;SAMTRONIC;ICATU S-3-ED;SAMTRONIC INDUSTRIA E COMERCIO LTDA;0;09/04/2025;"23763.003529/2024-34	";0;08/04/2026;;NÃO;NÃO;SIM;NÃO;SIM;NÃO;NÃO;TERMO DE COMODATO Nº 02/2025;;;;;;;;
HU-UFSCAR;HU;PAA;PRONTO ATENDIMENTO ADULTO_INATIVO;PA ADULTO;65325V/01;65325V/01;BOMBA INFUSAO USO GERAL;EQUIPAMENTO;SAMTRONIC;ICATU-4.0-INTELLI PCA;SAMTRONIC INDUSTRIA E COMERCIO LTDA;0;01/08/2020;;0;01/09/2020;;NÃO;NÃO;NÃO;SIM;NÃO;NÃO;NÃO;;;;;;;;;
HU-UFSCAR;HU;PAA;PA ADULTO;PA ADULTO;COM01-01658BC/PA0013;01658BC/00;BOMBA INFUSAO USO GERAL;EQUIPAMENTO;SAMTRONIC;ICATU S-4.0-ENTERAL;SAMTRONIC INDUSTRIA E COMERCIO LTDA;1988,68;19/03/2024;23763.001603/2023-05;349552;19/03/2025;;NÃO;NÃO;SIM;NÃO;SIM;NÃO;NÃO;COMODATO;;;;;;;;
HU-UFSCAR;HU;PAA;PA ADULTO;PA ADULTO;COM01-01665BC/PA0007;01665BC/00;BOMBA INFUSAO USO GERAL;EQUIPAMENTO;SAMTRONIC;ICATU S-4.0-ENTERAL;SAMTRONIC INDUSTRIA E COMERCIO LTDA;1988,68;19/03/2024;23763.001603/2023-05;349552;19/03/2025;;NÃO;NÃO;SIM;NÃO;SIM;NÃO;NÃO;COMODATO;;;;;;;;
HU-UFSCAR;HU;PAA;PA ADULTO;PA ADULTO;COM01-01667BC/PA0012;01667BC/00;BOMBA INFUSAO USO GERAL;EQUIPAMENTO;SAMTRONIC;ICATU S-4.0-ENTERAL;SAMTRONIC INDUSTRIA E COMERCIO LTDA;1988,68;19/03/2024;23763.001603/2023-05;349552;19/03/2025;;NÃO;NÃO;SIM;NÃO;SIM;NÃO;NÃO;COMODATO;;;;;;;;
HU-UFSCAR;HU;PAA;PA ADULTO;PA ADULTO;COM01-03399/UTIA0015;03399BC/00;BOMBA INFUSAO USO GERAL;EQUIPAMENTO;SAMTRONIC;ICATU S-4.0-ENTERAL;SAMTRONIC INDUSTRIA E COMERCIO LTDA;1,63;21/05/2025;;000373226;21/05/2026;;NÃO;NÃO;SIM;NÃO;SIM;NÃO;NÃO;;;;;;;;;
HU-UFSCAR;HU;PAA;PA ADULTO;PA ADULTO;COM01-43335V/00;43335V/00;BOMBA INFUSAO USO GERAL;EQUIPAMENTO;SAMTRONIC;ICATU S-4.0;RIBERCARE SOLUÇÃO HOSPITALAR LTDA;1290;27/11/2020;;255746;27/11/2021;;NÃO;NÃO;SIM;NÃO;SIM;NÃO;NÃO;"CONTRATO DE COMODATO - ICATU S 3ED PORTUGUES - DATA DE FABRICAÇÃO: 07/2019

";;;;;;;;
HU-UFSCAR;HU;PAA;PA ADULTO;PA ADULTO;COM01-43350V/00;43350V/00;BOMBA INFUSAO USO GERAL;EQUIPAMENTO;SAMTRONIC;ICATU S-4.0;RIBERCARE SOLUÇÃO HOSPITALAR LTDA;1290;27/11/2020;;255746;27/11/2021;;NÃO;NÃO;SIM;NÃO;SIM;NÃO;NÃO;"CONTRATO DE COMODATO - ICATU S 3ED PORTUGUES - DATA DE FABRICAÇÃO: 07/2019

";;;;;;;;
HU-UFSCAR;HU;PAA;PA ADULTO;PA ADULTO;COM01-58907;58907V/00;BOMBA INFUSAO USO GERAL;EQUIPAMENTO;SAMTRONIC;ICATU S-4.0;RIBERCARE SOLUÇÃO HOSPITALAR LTDA;1290;21/01/2021;;00000;21/01/2022;;NÃO;NÃO;SIM;NÃO;SIM;NÃO;NÃO;;;;;;;;;
HU-UFSCAR;HU;PAA;PA ADULTO;PA ADULTO;COM01-65300;65300V/01;BOMBA INFUSAO USO GERAL;EQUIPAMENTO;SAMTRONIC;ICATU S-4.0;SAMTRONIC INDUSTRIA E COMERCIO LTDA;1290;27/05/2021;;255746;27/05/2022;;NÃO;NÃO;SIM;NÃO;SIM;NÃO;NÃO;;;;;;;;;
HU-UFSCAR;HU;PAA;PA ADULTO;PA ADULTO;COM01-65315/UTIA0005;65315V/01;BOMBA INFUSAO USO GERAL;EQUIPAMENTO;SAMTRONIC;ICATU S-4.0;SAMTRONIC INDUSTRIA E COMERCIO LTDA;1290;27/05/2021;;272287;27/05/2022;;NÃO;NÃO;SIM;NÃO;SIM;NÃO;NÃO;;;;;;;;;
HU-UFSCAR;HU;PAA;PA ADULTO;PA ADULTO;COM01-65333/UTIP0037;65333V/01;BOMBA INFUSAO USO GERAL;EQUIPAMENTO;SAMTRONIC;ICATU S-4.0;SAMTRONIC INDUSTRIA E COMERCIO LTDA;1290;27/11/2020;;255746;27/11/2021;;NÃO;NÃO;SIM;NÃO;SIM;NÃO;NÃO;COMODATO;;;;;;;;
HU-UFSCAR;HU;PAA;PA ADULTO;PA ADULTO;COM01-65350/PA0019;65350V/01;BOMBA INFUSAO USO GERAL;EQUIPAMENTO;SAMTRONIC;ICATU S-4.0;SAMTRONIC INDUSTRIA E COMERCIO LTDA;1290;27/05/2021;;272287;27/05/2022;;NÃO;NÃO;SIM;NÃO;SIM;NÃO;NÃO;;;;;;;;;
HU-UFSCAR;HU;PAA;PA ADULTO;PA ADULTO;COM01-69534/UTIP0035;69534V/01;BOMBA INFUSAO USO GERAL;EQUIPAMENTO;SAMTRONIC;ICATU S-4.0;SAMTRONIC INDUSTRIA E COMERCIO LTDA;1290;16/09/2021;;283406;16/09/2022;;NÃO;NÃO;SIM;NÃO;SIM;NÃO;NÃO;;;;;;;;;
HU-UFSCAR;HU;PAA;PA ADULTO;PA ADULTO;COM01-69669;69669V/00;BOMBA INFUSAO USO GERAL;EQUIPAMENTO;SAMTRONIC;ICATU S-4.0;ZAFALON SOLUCOES HOSPITALARES LTDA;1290;27/11/2020;;255746;27/11/2021;;NÃO;NÃO;SIM;NÃO;SIM;NÃO;SIM;;;;;;;;;
HU-UFSCAR;HU;PAA;PA ADULTO;PA ADULTO;COM01-74926;74926V/01;BOMBA INFUSAO USO GERAL;EQUIPAMENTO;SAMTRONIC;ICATU S-4.0;SAMTRONIC INDUSTRIA E COMERCIO LTDA;1957,35;20/09/2024;;000363103;20/09/2025;;NÃO;NÃO;SIM;NÃO;SIM;NÃO;NÃO;;;;;;;;;
HU-UFSCAR;HU;PAI;PA INFANTIL;;COM01-57956V;57956V/00;BOMBA INFUSAO USO GERAL;EQUIPAMENTO;SAMTRONIC;ICATU-4.0-INTELLI PCA;SAMTRONIC INDUSTRIA E COMERCIO LTDA;0;01/01/2025;;0;01/01/2025;;NÃO;NÃO;SIM;NÃO;SIM;NÃO;SIM;;;;;;;;;
HU-UFSCAR;HU;PAI;PA INFANTIL;;COM01-61812V/01;61812V/01;BOMBA INFUSAO USO GERAL;EQUIPAMENTO;SAMTRONIC;ICATU S-4.0;SAMTRONIC INDUSTRIA E COMERCIO LTDA;1957,35;20/09/2024;;000363103;20/09/2025;;NÃO;NÃO;SIM;NÃO;SIM;NÃO;NÃO;;;;;;;;;
HU-UFSCAR;HU;PAI;PA INFANTIL;EMERGÊNCIA UCA;COM01-01644BC;01644BC/00;BOMBA INFUSAO USO GERAL;EQUIPAMENTO;SAMTRONIC;ICATU S-4.0-ENTERAL;SAMTRONIC INDUSTRIA E COMERCIO LTDA;1988,68;19/03/2024;23763.001603/2023-05;349552;19/03/2025;;NÃO;NÃO;SIM;NÃO;SIM;NÃO;NÃO;COMODATO;;;;;;;;
HU-UFSCAR;HU;PAI;PA INFANTIL;UCA;COM01-66534V/01;66534V/01;BOMBA INFUSAO USO GERAL;EQUIPAMENTO;SAMTRONIC;ICATU S-4.0-INTELLI WIFI;SAMTRONIC INDUSTRIA E COMERCIO LTDA;1957,35;21/05/2025;;000373226;21/05/2026;;NÃO;NÃO;SIM;NÃO;NÃO;NÃO;NÃO;;;;;;;;;
HU-UFSCAR;HU;PAI;PA INFANTIL;UCA PA;COM01-69737V/UTIA0023;69737V/01;BOMBA INFUSAO USO GERAL;EQUIPAMENTO;SAMTRONIC;ICATU S-4.0;SAMTRONIC INDUSTRIA E COMERCIO LTDA;1290;27/05/2021;;272287;27/05/2022;;NÃO;NÃO;SIM;NÃO;SIM;NÃO;NÃO;;;;;;;;;
HU-UFSCAR;HU;PAI;PA INFANTIL;UCA PA;COM01-80011V;80011V/01;BOMBA INFUSAO USO GERAL;EQUIPAMENTO;SAMTRONIC;ICATU S-3-ED;SAMTRONIC INDUSTRIA E COMERCIO LTDA;1957,35;21/05/2025;;000373226;21/05/2026;;NÃO;NÃO;SIM;NÃO;SIM;NÃO;NÃO;;;;;;;;;
HU-UFSCAR;HU;STEC;SETOR DE ENGENHARIA CLÍNICA;;COM01-03391BC;03391BC/00;BOMBA INFUSAO USO GERAL;EQUIPAMENTO;SAMTRONIC;ICATU S-4.0-ENTERAL;SAMTRONIC INDUSTRIA E COMERCIO LTDA;1630,71;21/05/2025;;000373226;21/05/2026;;NÃO;NÃO;SIM;NÃO;NÃO;NÃO;NÃO;;;;;;;;;
HU-UFSCAR;HU;STEC;SETOR DE ENGENHARIA CLÍNICA;;COM01-03405BC;03405BC/00;BOMBA INFUSAO USO GERAL;EQUIPAMENTO;SAMTRONIC;ICATU S-4.0-ENTERAL;SAMTRONIC INDUSTRIA E COMERCIO LTDA;1630,71;21/05/2025;;000373226;21/05/2026;;NÃO;NÃO;SIM;NÃO;NÃO;NÃO;NÃO;;;;;;;;;
HU-UFSCAR;HU;STEC;SETOR DE ENGENHARIA CLÍNICA;;COM01-03424BC/00;03424BC/00;BOMBA INFUSAO USO GERAL;EQUIPAMENTO;SAMTRONIC;ICATU S-4.0-ENTERAL;SAMTRONIC INDUSTRIA E COMERCIO LTDA;1630,71;21/05/2025;;000373226;21/05/2026;;NÃO;NÃO;SIM;NÃO;NÃO;NÃO;NÃO;;;;;;;;;
HU-UFSCAR;HU;STEC;SETOR DE ENGENHARIA CLÍNICA;;COM01-03425BC;03425BC/00;BOMBA INFUSAO USO GERAL;EQUIPAMENTO;SAMTRONIC;ICATU S-4.0-ENTERAL;SAMTRONIC INDUSTRIA E COMERCIO LTDA;1,63;21/05/2025;;000373226;21/05/2026;;NÃO;NÃO;SIM;NÃO;NÃO;NÃO;NÃO;;;;;;;;;
HU-UFSCAR;HU;STEC;SETOR DE ENGENHARIA CLÍNICA;;COM01-03427BC/00;03427BC/00;BOMBA INFUSAO USO GERAL;EQUIPAMENTO;SAMTRONIC;ICATU S-4.0-ENTERAL;SAMTRONIC INDUSTRIA E COMERCIO LTDA;1630,71;21/05/2025;;000373226;21/05/2026;;NÃO;NÃO;SIM;NÃO;NÃO;NÃO;NÃO;;;;;;;;;
HU-UFSCAR;HU;STEC;SETOR DE ENGENHARIA CLÍNICA;;COM01-03429BC;03429BC/00;BOMBA INFUSAO USO GERAL;EQUIPAMENTO;SAMTRONIC;ICATU S-4.0-ENTERAL;SAMTRONIC INDUSTRIA E COMERCIO LTDA;1630,71;21/05/2025;;000373226;21/05/2026;;NÃO;NÃO;SIM;NÃO;NÃO;NÃO;NÃO;;;;;;;;;
HU-UFSCAR;HU;STEC;SETOR DE ENGENHARIA CLÍNICA;;COM01-03434BC;03434BC/00;BOMBA INFUSAO USO GERAL;EQUIPAMENTO;SAMTRONIC;ICATU S-4.0-ENTERAL;SAMTRONIC INDUSTRIA E COMERCIO LTDA;1630,71;21/05/2025;;000373226;21/05/2026;;NÃO;NÃO;SIM;NÃO;NÃO;NÃO;NÃO;;;;;;;;;
HU-UFSCAR;HU;STEC;SETOR DE ENGENHARIA CLÍNICA;;COM01-03438BC;03438BC/00;BOMBA INFUSAO USO GERAL;EQUIPAMENTO;SAMTRONIC;ICATU S-4.0-ENTERAL;SAMTRONIC INDUSTRIA E COMERCIO LTDA;1630,71;21/05/2025;;000373226;21/05/2026;;NÃO;NÃO;SIM;NÃO;NÃO;NÃO;NÃO;;;;;;;;;
HU-UFSCAR;HU;STEC;SETOR DE ENGENHARIA CLÍNICA;;COM01-03445BC;03445BC/00;BOMBA INFUSAO USO GERAL;EQUIPAMENTO;SAMTRONIC;ICATU S-4.0-ENTERAL;SAMTRONIC INDUSTRIA E COMERCIO LTDA;1630,71;21/05/2025;;000373226;21/05/2026;;NÃO;NÃO;SIM;NÃO;NÃO;NÃO;NÃO;;;;;;;;;
HU-UFSCAR;HU;STEC;SETOR DE ENGENHARIA CLÍNICA;;COM01-03481BC/00;03481BC/00;BOMBA INFUSAO USO GERAL;EQUIPAMENTO;SAMTRONIC;ICATU S-4.0-ENTERAL;SAMTRONIC INDUSTRIA E COMERCIO LTDA;1630,71;21/05/2025;;000373226;21/05/2026;;NÃO;NÃO;SIM;NÃO;NÃO;NÃO;NÃO;;;;;;;;;
HU-UFSCAR;HU;STEC;SETOR DE ENGENHARIA CLÍNICA;;COM01-03486;03486BC/00;BOMBA INFUSAO USO GERAL;EQUIPAMENTO;SAMTRONIC;ICATU S-4.0-ENTERAL;SAMTRONIC INDUSTRIA E COMERCIO LTDA;1630,71;21/05/2025;;000373226;21/05/2026;;NÃO;NÃO;SIM;NÃO;NÃO;NÃO;NÃO;;;;;;;;;
HU-UFSCAR;HU;STEC;SETOR DE ENGENHARIA CLÍNICA;;COM01-03487BC;03487BC/00;BOMBA INFUSAO USO GERAL;EQUIPAMENTO;SAMTRONIC;ICATU S-4.0-ENTERAL;SAMTRONIC INDUSTRIA E COMERCIO LTDA;1630,71;21/05/2025;;000373226;21/05/2026;;NÃO;NÃO;SIM;NÃO;NÃO;NÃO;NÃO;;;;;;;;;
HU-UFSCAR;HU;STEC;SETOR DE ENGENHARIA CLÍNICA;;COM01-03490BC;03490BC/00;BOMBA INFUSAO USO GERAL;EQUIPAMENTO;SAMTRONIC;ICATU S-4.0-ENTERAL;SAMTRONIC INDUSTRIA E COMERCIO LTDA;1630,71;21/05/2025;;000373226;21/05/2026;;NÃO;NÃO;SIM;NÃO;NÃO;NÃO;NÃO;;;;;;;;;
HU-UFSCAR;HU;STEC;SETOR DE ENGENHARIA CLÍNICA;;COM01-58131V/00;58131V/00;BOMBA INFUSAO USO GERAL;EQUIPAMENTO;SAMTRONIC;ICATU S-4.0;RIBERCARE SOLUÇÃO HOSPITALAR LTDA;1290;21/01/2021;;259726;21/01/2022;;NÃO;NÃO;NÃO;SIM;NÃO;NÃO;NÃO;"CONTRATO DE COMODATO - ICATU S 3ED PORTUGUES

DEVOLUÇÃO COMODATO 17/06/2024

";;;;;;;;
HU-UFSCAR;HU;STEC;SETOR DE ENGENHARIA CLÍNICA;;COM01-63564V/01;63564V/01;BOMBA INFUSAO USO GERAL;EQUIPAMENTO;SAMTRONIC;ICATU-4.0-INTELLI PCA;SAMTRONIC INDUSTRIA E COMERCIO LTDA;1957,35;21/05/2025;;000373226;21/05/2026;;NÃO;NÃO;SIM;NÃO;NÃO;NÃO;NÃO;;;;;;;;;
HU-UFSCAR;HU;STEC;SETOR DE ENGENHARIA CLÍNICA;;COM01-65352/UDIDE0032;65352V/01;BOMBA INFUSAO USO GERAL;EQUIPAMENTO;SAMTRONIC;ICATU S-4.0;SAMTRONIC INDUSTRIA E COMERCIO LTDA;1290;27/05/2021;;272287;27/05/2022;;NÃO;NÃO;SIM;NÃO;SIM;NÃO;NÃO;;;;;;;;;
HU-UFSCAR;HU;STEC;SETOR DE ENGENHARIA CLÍNICA;;COM01-65665V/01;65665V/01;BOMBA INFUSAO USO GERAL;EQUIPAMENTO;SAMTRONIC;ICATU S-4.0-INTELLI WIFI;SAMTRONIC INDUSTRIA E COMERCIO LTDA;1957,35;21/05/2025;;000373226;21/05/2026;;NÃO;NÃO;SIM;NÃO;NÃO;NÃO;NÃO;;;;;;;;;
HU-UFSCAR;HU;STEC;SETOR DE ENGENHARIA CLÍNICA;;COM01-66030V/01;66030V/01;BOMBA INFUSAO USO GERAL;EQUIPAMENTO;SAMTRONIC;ICATU S-4.0-ENTERAL;SAMTRONIC INDUSTRIA E COMERCIO LTDA;1957,35;21/05/2025;;000373226;21/05/2026;;NÃO;NÃO;SIM;NÃO;NÃO;NÃO;NÃO;;;;;;;;;
HU-UFSCAR;HU;STEC;SETOR DE ENGENHARIA CLÍNICA;;COM01-66034V/01;66034V/01;BOMBA INFUSAO USO GERAL;EQUIPAMENTO;SAMTRONIC;ICATU S-4.0-INTELLI WIFI;SAMTRONIC INDUSTRIA E COMERCIO LTDA;1957,35;21/05/2025;;000373226;21/05/2026;;NÃO;NÃO;SIM;NÃO;NÃO;NÃO;NÃO;;;;;;;;;
HU-UFSCAR;HU;STEC;SETOR DE ENGENHARIA CLÍNICA;;COM01-66584V/01;66584V/01;BOMBA INFUSAO USO GERAL;EQUIPAMENTO;SAMTRONIC;ICATU S-4.0-INTELLI WIFI;SAMTRONIC INDUSTRIA E COMERCIO LTDA;1957,35;21/05/2025;;000373226;21/05/2026;;NÃO;NÃO;SIM;NÃO;NÃO;NÃO;NÃO;;;;;;;;;
HU-UFSCAR;HU;STEC;SETOR DE ENGENHARIA CLÍNICA;;COM01-74272V/01;74272V/01;BOMBA INFUSAO USO GERAL;EQUIPAMENTO;SAMTRONIC;ICATU S-4.0-INTELLI WIFI;SAMTRONIC INDUSTRIA E COMERCIO LTDA;1957,35;21/05/2025;;000373226;21/05/2026;;NÃO;NÃO;SIM;NÃO;SIM;NÃO;NÃO;;;;;;;;;
HU-UFSCAR;HU;STEC;SETOR DE ENGENHARIA CLÍNICA;;COM01-74390;74390V/01;BOMBA INFUSAO USO GERAL;EQUIPAMENTO;SAMTRONIC;ICATU S-4.0;SAMTRONIC INDUSTRIA E COMERCIO LTDA;1957,35;20/09/2024;;000363103;20/09/2025;;NÃO;NÃO;SIM;NÃO;SIM;NÃO;NÃO;;;;;;;;;
HU-UFSCAR;HU;STEC;SETOR DE ENGENHARIA CLÍNICA;;COM01-74915;74915V/01;BOMBA INFUSAO USO GERAL;EQUIPAMENTO;SAMTRONIC;ICATU S-4.0;SAMTRONIC INDUSTRIA E COMERCIO LTDA;1957,35;20/09/2024;;000363103;20/09/2025;;NÃO;NÃO;NÃO;NÃO;NÃO;NÃO;NÃO;;;;;;;;;
HU-UFSCAR;HU;STEC;SETOR DE ENGENHARIA CLÍNICA;;COM01-74934V/01;74934V/01;BOMBA INFUSAO USO GERAL;EQUIPAMENTO;SAMTRONIC;ICATU S-4.0;SAMTRONIC INDUSTRIA E COMERCIO LTDA;1957,35;20/09/2024;;000363103;20/09/2025;;NÃO;NÃO;SIM;NÃO;SIM;NÃO;NÃO;;;;;;;;;
HU-UFSCAR;HU;STEC;SETOR DE ENGENHARIA CLÍNICA;;COM01-74945;74945V/01;BOMBA INFUSAO USO GERAL;EQUIPAMENTO;SAMTRONIC;ICATU S-4.0;SAMTRONIC INDUSTRIA E COMERCIO LTDA;1957,35;20/09/2024;;000363103;20/09/2025;;NÃO;NÃO;SIM;NÃO;SIM;NÃO;NÃO;;;;;;;;;
HU-UFSCAR;HU;STEC;SETOR DE ENGENHARIA CLÍNICA;;COM01-79260V/01;79260V/01;BOMBA INFUSAO USO GERAL;EQUIPAMENTO;SAMTRONIC;ICATU S-4.0-INTELLI WIFI;SAMTRONIC INDUSTRIA E COMERCIO LTDA;1957,35;21/05/2025;;000373226;21/05/2026;;NÃO;NÃO;SIM;NÃO;NÃO;NÃO;NÃO;;;;;;;;;
HU-UFSCAR;HU;STEC;SETOR DE ENGENHARIA CLÍNICA;;COM01-79425V/01;79425V/01;BOMBA INFUSAO USO GERAL;EQUIPAMENTO;SAMTRONIC;ICATU S-4.0-INTELLI WIFI;SAMTRONIC INDUSTRIA E COMERCIO LTDA;1957,35;21/05/2025;;000373226;21/05/2026;;NÃO;NÃO;SIM;NÃO;NÃO;NÃO;NÃO;;;;;;;;;
HU-UFSCAR;HU;STEC;SETOR DE ENGENHARIA CLÍNICA;;COM01-79802V/01;79802V/01;BOMBA INFUSAO USO GERAL;EQUIPAMENTO;SAMTRONIC;ICATU S-4.0-INTELLI WIFI;SAMTRONIC INDUSTRIA E COMERCIO LTDA;1957,35;21/05/2025;;000373226;21/05/2026;;NÃO;NÃO;SIM;NÃO;NÃO;NÃO;NÃO;;;;;;;;;
HU-UFSCAR;HU;STEC;SETOR DE ENGENHARIA CLÍNICA;;COM01-79949V/01;79949V/01;BOMBA INFUSAO USO GERAL;EQUIPAMENTO;SAMTRONIC;ICATU S-4.0-INTELLI WIFI;SAMTRONIC INDUSTRIA E COMERCIO LTDA;1957,35;21/05/2025;;000373226;21/05/2026;;NÃO;NÃO;SIM;NÃO;NÃO;NÃO;NÃO;;;;;;;;;
HU-UFSCAR;HU;STEC;SETOR DE ENGENHARIA CLÍNICA;;COM01-79956V/01;79956V/01;BOMBA INFUSAO USO GERAL;EQUIPAMENTO;SAMTRONIC;ICATU S-4.0-INTELLI WIFI;SAMTRONIC INDUSTRIA E COMERCIO LTDA;1957,35;21/05/2025;;000373226;21/05/2026;;NÃO;NÃO;SIM;NÃO;NÃO;NÃO;NÃO;;;;;;;;;
HU-UFSCAR;HU;STEC;SETOR DE ENGENHARIA CLÍNICA;;COM01-79986V;79986V/01;BOMBA INFUSAO USO GERAL;EQUIPAMENTO;SAMTRONIC;ICATU S-3-ED;SAMTRONIC INDUSTRIA E COMERCIO LTDA;1957,35;21/05/2025;;000373226;21/05/2026;;NÃO;NÃO;SIM;NÃO;NÃO;NÃO;NÃO;;;;;;;;;
HU-UFSCAR;HU;STEC;SETOR DE ENGENHARIA CLÍNICA;;COM01-80170V;80170V/01;BOMBA INFUSAO USO GERAL;EQUIPAMENTO;SAMTRONIC;ICATU S-3-ED;SAMTRONIC INDUSTRIA E COMERCIO LTDA;1957,35;21/05/2025;;000373226;21/05/2026;;NÃO;NÃO;SIM;NÃO;NÃO;NÃO;NÃO;;;;;;;;;
HU-UFSCAR;HU;STEC;SETOR DE ENGENHARIA CLÍNICA;;COM01-80296V;80296V/01;BOMBA INFUSAO USO GERAL;EQUIPAMENTO;SAMTRONIC;ICATU S-3-ED;SAMTRONIC INDUSTRIA E COMERCIO LTDA;1957,35;21/05/2025;;000373226;21/05/2026;;NÃO;NÃO;SIM;NÃO;NÃO;NÃO;NÃO;;;;;;;;;
HU-UFSCAR;HU;STEC;SETOR DE ENGENHARIA CLÍNICA;B.T.232;COM01-08644R/08;08644R/08;BOMBA INFUSAO USO GERAL;EQUIPAMENTO;SAMTRONIC;ST-550-T-2;RIBERCARE SOLUÇÃO HOSPITALAR LTDA;550;07/01/2021;;258587;07/01/2022;;SIM;NÃO;SIM;SIM;NÃO;NÃO;NÃO;"CONTRATO DE COMODATO - ST550T2 PLUS

";;;;;;;;
HU-UFSCAR;HU;STEC;SETOR DE ENGENHARIA CLÍNICA;B.T.232;COM01-08651R/08;08651R/08;BOMBA INFUSAO USO GERAL;EQUIPAMENTO;SAMTRONIC;ST-550-T-2;RIBERCARE SOLUÇÃO HOSPITALAR LTDA;550;07/01/2021;;258587;07/01/2022;;SIM;NÃO;NÃO;SIM;NÃO;NÃO;NÃO;"CONTRATO DE COMODATO - ST550T2 PLUS

";;;;;;;;
HU-UFSCAR;HU;STEC;SETOR DE ENGENHARIA CLÍNICA;B.T.232;COM01-09654R/08;09654R/08;BOMBA INFUSAO USO GERAL;EQUIPAMENTO;SAMTRONIC;ST-550-T-2;RIBERCARE SOLUÇÃO HOSPITALAR LTDA;550;07/01/2021;;258587;07/01/2022;;SIM;NÃO;NÃO;SIM;NÃO;NÃO;NÃO;"CONTRATO DE COMODATO - ST550T2 PLUS

";;;;;;;;
HU-UFSCAR;HU;STEC;SETOR DE ENGENHARIA CLÍNICA;B.T.232;COM01-09776R/08;09776R/08;BOMBA INFUSAO USO GERAL;EQUIPAMENTO;SAMTRONIC;ST-550-T-2;RIBERCARE SOLUÇÃO HOSPITALAR LTDA;550;17/01/2020;;228624;17/01/2021;;SIM;NÃO;NÃO;SIM;NÃO;NÃO;NÃO;"CONTRATO DE COMODATO - ST550T2 PLUS - DATA DE FABRICAÇÃO: 05/2019

";;;;;;;;
HU-UFSCAR;HU;STEC;SETOR DE ENGENHARIA CLÍNICA;B.T.232;COM01-09780R/08;09780R/08;BOMBA INFUSAO USO GERAL;EQUIPAMENTO;SAMTRONIC;ST-550-T-2;RIBERCARE SOLUÇÃO HOSPITALAR LTDA;550;17/01/2020;;228624;17/01/2021;;SIM;NÃO;NÃO;SIM;NÃO;NÃO;NÃO;"CONTRATO DE COMODATO - ST550T2 PLUS - DATA DE FABRICAÇÃO: 05/2019

";;;;;;;;
HU-UFSCAR;HU;STEC;SETOR DE ENGENHARIA CLÍNICA;B.T.232;COM01-09782R/08;09782R/08;BOMBA INFUSAO USO GERAL;EQUIPAMENTO;SAMTRONIC;ST-550-T-2;RIBERCARE SOLUÇÃO HOSPITALAR LTDA;550;17/01/2020;;228624;17/01/2021;;SIM;NÃO;NÃO;SIM;NÃO;NÃO;NÃO;"CONTRATO DE COMODATO - ST550T2 PLUS - DATA DE FABRICAÇÃO: 05/2019



";;;;;;;;
HU-UFSCAR;HU;STEC;SETOR DE ENGENHARIA CLÍNICA;B.T.232;COM01-09784R/08;09784R/08;BOMBA INFUSAO USO GERAL;EQUIPAMENTO;SAMTRONIC;ST-550-T-2;RIBERCARE SOLUÇÃO HOSPITALAR LTDA;550;17/01/2020;;228624;17/01/2021;;SIM;NÃO;NÃO;SIM;NÃO;NÃO;NÃO;"CONTRATO DE COMODATO - ST550T2 PLUS - DATA DE FABRICAÇÃO: 05/2019

";;;;;;;;
HU-UFSCAR;HU;STEC;SETOR DE ENGENHARIA CLÍNICA;B.T.232;COM01-09787R/08;09787R/08;BOMBA INFUSAO USO GERAL;EQUIPAMENTO;SAMTRONIC;ST-550-T-2;RIBERCARE SOLUÇÃO HOSPITALAR LTDA;550;17/01/2020;;228624;17/01/2021;;SIM;NÃO;NÃO;SIM;NÃO;NÃO;NÃO;"CONTRATO DE COMODATO - ST550T2 PLUS - DATA DE FABRICAÇÃO: 05/2019

";;;;;;;;
HU-UFSCAR;HU;STEC;SETOR DE ENGENHARIA CLÍNICA;B.T.232;COM01-43312V/00;43312V/00;BOMBA INFUSAO USO GERAL;EQUIPAMENTO;SAMTRONIC;ICATU S-4.0;RIBERCARE SOLUÇÃO HOSPITALAR LTDA;1290;27/11/2020;;255746;27/11/2021;;NÃO;NÃO;SIM;NÃO;SIM;NÃO;NÃO;"CONTRATO DE COMODATO 



ICATU S 3ED PORTUGUES

";;;;;;;;
HU-UFSCAR;HU;STEC;SETOR DE ENGENHARIA CLÍNICA;B.T.232;COM01-43397V/00;43397V/00;BOMBA INFUSAO USO GERAL;EQUIPAMENTO;SAMTRONIC;ICATU S-4.0;RIBERCARE SOLUÇÃO HOSPITALAR LTDA;1290;27/11/2020;;255746;27/11/2021;;NÃO;NÃO;NÃO;SIM;NÃO;NÃO;NÃO;"CONTRATO DE COMODATO - ICATU S 3ED PORTUGUES - DATA DE FABRICAÇÃO: 07/2019

DEVOLUÇÃO EM 29/02/2024";;;;;;;;
HU-UFSCAR;HU;STEC;SETOR DE ENGENHARIA CLÍNICA;B.T.232;COM01-45432M/00;45432M/00;BOMBA INFUSAO USO GERAL;EQUIPAMENTO;SAMTRONIC;ST-1000;RIBERCARE SOLUÇÃO HOSPITALAR LTDA;761;15/05/2017;;155839;15/05/2018;;SIM;NÃO;NÃO;SIM;NÃO;NÃO;NÃO;"CONTRATO DE COMODATO - ST1000 SET PO

";;;;;;;;
HU-UFSCAR;HU;STEC;SETOR DE ENGENHARIA CLÍNICA;B.T.232;COM01-45455M/00;45455M/00;BOMBA INFUSAO USO GERAL;EQUIPAMENTO;SAMTRONIC;ST-1000;RIBERCARE SOLUÇÃO HOSPITALAR LTDA;761;15/05/2017;;155839;15/05/2018;;SIM;NÃO;NÃO;SIM;NÃO;NÃO;NÃO;"CONTRATO DE COMODATO - ST1000 SET PO

";;;;;;;;
HU-UFSCAR;HU;STEC;SETOR DE ENGENHARIA CLÍNICA;B.T.232;COM01-45513M/00;45513M/00;BOMBA INFUSAO USO GERAL;EQUIPAMENTO;SAMTRONIC;ST-1000;RIBERCARE SOLUÇÃO HOSPITALAR LTDA;761;15/05/2017;;155839;15/05/2018;;SIM;NÃO;NÃO;SIM;NÃO;NÃO;NÃO;"CONTRATO DE COMODATO - ST1000 SET PO

DEVOLUÇÃO EM 29/02/2024";;;;;;;;
HU-UFSCAR;HU;STEC;SETOR DE ENGENHARIA CLÍNICA;B.T.232;COM01-45525M/00;45525M/00;BOMBA INFUSAO USO GERAL;EQUIPAMENTO;SAMTRONIC;ST-1000;RIBERCARE SOLUÇÃO HOSPITALAR LTDA;761;15/05/2017;;155839;15/05/2018;;SIM;NÃO;NÃO;SIM;NÃO;NÃO;NÃO;"CONTRATO DE COMODATO - ST1000 SET PO

";;;;;;;;
HU-UFSCAR;HU;STEC;SETOR DE ENGENHARIA CLÍNICA;B.T.232;COM01-45528M/00;45528M/00;BOMBA INFUSAO USO GERAL;EQUIPAMENTO;SAMTRONIC;ST-1000;RIBERCARE SOLUÇÃO HOSPITALAR LTDA;761;15/05/2017;;155839;15/05/2018;;SIM;NÃO;NÃO;SIM;NÃO;NÃO;NÃO;"CONTRATO DE COMODATO - ST1000 SET PO

DEVOLUÇÃO EM 29/02/2024";;;;;;;;
HU-UFSCAR;HU;STEC;SETOR DE ENGENHARIA CLÍNICA;B.T.232;COM01-45540M/00;45540M/00;BOMBA INFUSAO USO GERAL;EQUIPAMENTO;SAMTRONIC;ST-1000;RIBERCARE SOLUÇÃO HOSPITALAR LTDA;761;15/05/2017;;155839;15/05/2018;;SIM;NÃO;NÃO;SIM;NÃO;NÃO;NÃO;"CONTRATO DE COMODATO - ST1000 SET PO

";;;;;;;;
HU-UFSCAR;HU;STEC;SETOR DE ENGENHARIA CLÍNICA;B.T.232;COM01-45543M/00;45543M/00;BOMBA INFUSAO USO GERAL;EQUIPAMENTO;SAMTRONIC;ST-1000;RIBERCARE SOLUÇÃO HOSPITALAR LTDA;761;15/05/2017;;155839;15/05/2018;;SIM;NÃO;NÃO;SIM;NÃO;NÃO;NÃO;"CONTRATO DE COMODATO - ST1000 SET PO

";;;;;;;;
HU-UFSCAR;HU;STEC;SETOR DE ENGENHARIA CLÍNICA;B.T.232;COM01-45554M/00;45554M/00;BOMBA INFUSAO USO GERAL;EQUIPAMENTO;SAMTRONIC;ST-1000;RIBERCARE SOLUÇÃO HOSPITALAR LTDA;761;15/05/2017;;155839;15/05/2018;;SIM;NÃO;NÃO;SIM;NÃO;NÃO;NÃO;"CONTRATO DE COMODATO - ST1000 SET PO

DEVOLUÇÃO EM 29/02/2024";;;;;;;;
HU-UFSCAR;HU;STEC;SETOR DE ENGENHARIA CLÍNICA;B.T.232;COM01-45629M/00;45629M/00;BOMBA INFUSAO USO GERAL;EQUIPAMENTO;SAMTRONIC;ST-1000;RIBERCARE SOLUÇÃO HOSPITALAR LTDA;761;15/05/2017;;155839;15/05/2018;;NÃO;SIM;SIM;SIM;NÃO;NÃO;NÃO;"CONTRATO DE COMODATO - ST1000 SET PO

DEVOLUÇÃO COMODATO 17/06/2024";;;;;;;;
HU-UFSCAR;HU;STEC;SETOR DE ENGENHARIA CLÍNICA;B.T.232;COM01-45741M/00;45741M/00;BOMBA INFUSAO USO GERAL;EQUIPAMENTO;SAMTRONIC;ST-1000;RIBERCARE SOLUÇÃO HOSPITALAR LTDA;761;15/05/2017;;155839;15/05/2018;;SIM;NÃO;NÃO;SIM;NÃO;NÃO;NÃO;"CONTRATO DE COMODATO - ST1000 SET PO

DEVOLUÇÃO EM 29/02/2024";;;;;;;;
HU-UFSCAR;HU;STEC;SETOR DE ENGENHARIA CLÍNICA;B.T.232;COM01-45744M/00;45744M/00;BOMBA INFUSAO USO GERAL;EQUIPAMENTO;SAMTRONIC;ST-1000;RIBERCARE SOLUÇÃO HOSPITALAR LTDA;761;15/05/2017;;155839;15/05/2018;;SIM;NÃO;NÃO;SIM;NÃO;NÃO;NÃO;"CONTRATO DE COMODATO - ST1000 SET PO

";;;;;;;;
HU-UFSCAR;HU;STEC;SETOR DE ENGENHARIA CLÍNICA;B.T.232;COM01-45745M/00;45745M/00;BOMBA INFUSAO USO GERAL;EQUIPAMENTO;SAMTRONIC;ST-1000;RIBERCARE SOLUÇÃO HOSPITALAR LTDA;761;15/05/2017;;155839;15/05/2018;;SIM;NÃO;NÃO;SIM;NÃO;NÃO;NÃO;"CONTRATO DE COMODATO - ST1000 SET PO

DEVOLUÇÃO EM 29/02/2024";;;;;;;;
HU-UFSCAR;HU;STEC;SETOR DE ENGENHARIA CLÍNICA;B.T.232;COM01-45749M/00;45749M/00;BOMBA INFUSAO USO GERAL;EQUIPAMENTO;SAMTRONIC;ST-1000;RIBERCARE SOLUÇÃO HOSPITALAR LTDA;761;15/05/2017;;155839;15/05/2018;23/05/2024;NÃO;NÃO;NÃO;SIM;NÃO;NÃO;NÃO;"CONTRATO DE COMODATO - ST1000 SET PO

DEVOLUÇÃO EM 29/02/2024";;;;;;7 ANOS, 8 DIAS;;
HU-UFSCAR;HU;STEC;SETOR DE ENGENHARIA CLÍNICA;B.T.232;COM01-45751M/00;45751M/00;BOMBA INFUSAO USO GERAL;EQUIPAMENTO;SAMTRONIC;ST-1000;RIBERCARE SOLUÇÃO HOSPITALAR LTDA;761;15/05/2017;;155839;15/05/2018;;SIM;NÃO;NÃO;SIM;NÃO;NÃO;NÃO;"CONTRATO DE COMODATO - ST1000 SET PO

";;;;;;;;
HU-UFSCAR;HU;STEC;SETOR DE ENGENHARIA CLÍNICA;B.T.232;COM01-45753M/00;45753M/00;BOMBA INFUSAO USO GERAL;EQUIPAMENTO;SAMTRONIC;ST-1000;RIBERCARE SOLUÇÃO HOSPITALAR LTDA;761;15/05/2017;;155839;15/05/2018;;SIM;NÃO;NÃO;SIM;NÃO;NÃO;NÃO;"CONTRATO DE COMODATO - ST1000 SET PO

DEVOLUÇÃO EM 29/02/2024";;;;;;;;
HU-UFSCAR;HU;STEC;SETOR DE ENGENHARIA CLÍNICA;B.T.232;COM01-45758M/00;45758M/00;BOMBA INFUSAO USO GERAL;EQUIPAMENTO;SAMTRONIC;ST-1000;RIBERCARE SOLUÇÃO HOSPITALAR LTDA;761;15/05/2017;;155839;15/05/2018;;SIM;NÃO;NÃO;SIM;NÃO;NÃO;NÃO;"CONTRATO DE COMODATO - ST1000 SET PO

DEVOLUÇÃO EM 29/02/2024";;;;;;;;
HU-UFSCAR;HU;STEC;SETOR DE ENGENHARIA CLÍNICA;B.T.232;COM01-45759M/00;45759M/00;BOMBA INFUSAO USO GERAL;EQUIPAMENTO;SAMTRONIC;ST-1000;RIBERCARE SOLUÇÃO HOSPITALAR LTDA;761;15/05/2017;;155839;15/05/2018;;NÃO;SIM;SIM;SIM;NÃO;NÃO;NÃO;"CONTRATO DE COMODATO - ST1000 SET PO

DEVOLUÇÃO COMODATO 17/06/2024";;;;;;;;
HU-UFSCAR;HU;STEC;SETOR DE ENGENHARIA CLÍNICA;B.T.232;COM01-45761M/00;45761M/00;BOMBA INFUSAO USO GERAL;EQUIPAMENTO;SAMTRONIC;ST-1000;RIBERCARE SOLUÇÃO HOSPITALAR LTDA;761;15/05/2017;;155839;15/05/2018;;SIM;NÃO;NÃO;SIM;NÃO;NÃO;NÃO;"CONTRATO DE COMODATO - ST1000 SET PO

DEVOLUÇÃO EM 29/02/2024";;;;;;;;
HU-UFSCAR;HU;STEC;SETOR DE ENGENHARIA CLÍNICA;B.T.232;COM01-45763M/00;45763M/00;BOMBA INFUSAO USO GERAL;EQUIPAMENTO;SAMTRONIC;ST-1000;RIBERCARE SOLUÇÃO HOSPITALAR LTDA;761;15/05/2017;;155839;15/05/2018;;SIM;NÃO;NÃO;SIM;NÃO;NÃO;NÃO;"CONTRATO DE COMODATO - ST1000 SET PO

";;;;;;;;
HU-UFSCAR;HU;STEC;SETOR DE ENGENHARIA CLÍNICA;B.T.232;COM01-51028R;51028R;BOMBA INFUSAO USO GERAL;EQUIPAMENTO;SAMTRONIC;ST-550-T-2;RIBERCARE SOLUÇÃO HOSPITALAR LTDA;550;17/01/2020;;-;17/01/2021;;SIM;NÃO;NÃO;SIM;NÃO;NÃO;NÃO;NÃO HÁ DADOS SOBRE AQUISIÇÃO;;;;;;;;
HU-UFSCAR;HU;STEC;SETOR DE ENGENHARIA CLÍNICA;B.T.232;COM01-51029R/04;51029R/04;BOMBA INFUSAO USO GERAL;EQUIPAMENTO;SAMTRONIC;ST-550-T-2;RIBERCARE SOLUÇÃO HOSPITALAR LTDA;550;17/01/2020;;-;17/01/2021;;SIM;NÃO;NÃO;SIM;NÃO;NÃO;NÃO;"NÃO HÁ DADOS SOBRE AQUISIÇÃO

";;;;;;;;
HU-UFSCAR;HU;STEC;SETOR DE ENGENHARIA CLÍNICA;B.T.232;COM01-51032R/04;51032R/04;BOMBA INFUSAO USO GERAL;EQUIPAMENTO;SAMTRONIC;ST-550-T-2;RIBERCARE SOLUÇÃO HOSPITALAR LTDA;550;17/07/2019;;-;17/07/2020;;SIM;NÃO;NÃO;SIM;NÃO;NÃO;NÃO;"NÃO HÁ DADOS SOBRE AQUISIÇÃO

";;;;;;;;
HU-UFSCAR;HU;STEC;SETOR DE ENGENHARIA CLÍNICA;B.T.232;COM01-51057R;51057R;BOMBA INFUSAO USO GERAL;EQUIPAMENTO;SAMTRONIC;ST-550-T-2;RIBERCARE SOLUÇÃO HOSPITALAR LTDA;550;17/01/2020;;-;17/01/2021;;SIM;NÃO;NÃO;SIM;NÃO;NÃO;NÃO;"NÃO HÁ DADOS SOBRE AQUISIÇÃO

";;;;;;;;
HU-UFSCAR;HU;STEC;SETOR DE ENGENHARIA CLÍNICA;B.T.232;COM01-51059R/04;51059R/04;BOMBA INFUSAO USO GERAL;EQUIPAMENTO;SAMTRONIC;ST-550-T-2;RIBERCARE SOLUÇÃO HOSPITALAR LTDA;550;17/01/2020;;-;17/01/2021;;SIM;NÃO;NÃO;SIM;NÃO;NÃO;NÃO;"NÃO HÁ DADOS SOBRE AQUISIÇÃO

";;;;;;;;
HU-UFSCAR;HU;STEC;SETOR DE ENGENHARIA CLÍNICA;B.T.232;COM01-57900V/00;57900V/00;BOMBA INFUSAO USO GERAL;EQUIPAMENTO;SAMTRONIC;ICATU S-4.0;RIBERCARE SOLUÇÃO HOSPITALAR LTDA;1290;21/01/2021;;259726;21/01/2022;;NÃO;NÃO;SIM;NÃO;SIM;NÃO;NÃO;"CONTRATO DE COMODATO - ICATU S 3ED PORTUGUES - DATA DE FABRICAÇÃO: 08/2020

";;;;;;;;
HU-UFSCAR;HU;STEC;SETOR DE ENGENHARIA CLÍNICA;B.T.232;COM01-58030V/00;58030V/00;BOMBA INFUSAO USO GERAL;EQUIPAMENTO;SAMTRONIC;ICATU S-4.0;RIBERCARE SOLUÇÃO HOSPITALAR LTDA;1290;21/01/2021;;259726;21/01/2022;;NÃO;NÃO;SIM;NÃO;SIM;NÃO;NÃO;"CONTRATO DE COMODATO - ICATU S 3ED PORTUGUES - DATA DE FABRICAÇÃO: 08/2020

";;;;;;;;
HU-UFSCAR;HU;STEC;SETOR DE ENGENHARIA CLÍNICA;B.T.232;COM01-58032V/00;58032V/00;BOMBA INFUSAO USO GERAL;EQUIPAMENTO;SAMTRONIC;ICATU S-4.0;RIBERCARE SOLUÇÃO HOSPITALAR LTDA;1290;21/01/2021;;259726;21/01/2022;;NÃO;NÃO;SIM;NÃO;SIM;NÃO;NÃO;"CONTRATO DE COMODATO - ICATU S 3ED PORTUGUES - DATA DE FABRICAÇÃO: 08/2020

";;;;;;;;
HU-UFSCAR;HU;STEC;SETOR DE ENGENHARIA CLÍNICA;B.T.232;COM01-58608V/00;58608V/00;BOMBA INFUSAO USO GERAL;EQUIPAMENTO;SAMTRONIC;ICATU S-4.0;RIBERCARE SOLUÇÃO HOSPITALAR LTDA;1290;21/01/2021;;259726;21/01/2022;;NÃO;NÃO;NÃO;SIM;NÃO;NÃO;NÃO;"CONTRATO DE COMODATO - ICATU S 3ED PORTUGUES - DATA DE FABRICAÇÃO: 09/2020

DEVOLUÇÃO EM 29/02/2024";;;;;;;;
HU-UFSCAR;HU;STEC;SETOR DE ENGENHARIA CLÍNICA;B.T.232;COM01-58801V/00;58801V/00;BOMBA INFUSAO USO GERAL;EQUIPAMENTO;SAMTRONIC;ICATU S-4.0;RIBERCARE SOLUÇÃO HOSPITALAR LTDA;1290;21/01/2021;;259726;21/01/2022;;SIM;NÃO;NÃO;SIM;NÃO;NÃO;NÃO;"CONTRATO DE COMODATO - ICATU S 3ED PORTUGUES - DATA DE FABRICAÇÃO: 09/2020

DEVOLUÇÃO EM 29/01/2024";;;;;;;;
HU-UFSCAR;HU;STEC;SETOR DE ENGENHARIA CLÍNICA;B.T.232;COM01-58831V/00;58831V/00;BOMBA INFUSAO USO GERAL;EQUIPAMENTO;SAMTRONIC;ICATU S-4.0;RIBERCARE SOLUÇÃO HOSPITALAR LTDA;1290;21/01/2021;;259726;21/01/2022;;NÃO;NÃO;SIM;NÃO;SIM;NÃO;NÃO;"CONTRATO DE COMODATO - ICATU S 3ED PORTUGUES - DATA DE FABRICAÇÃO: 09/2020

";;;;;;;;
HU-UFSCAR;HU;STEC;SETOR DE ENGENHARIA CLÍNICA;B.T.232;COM01-58876V/00;58876V/00;BOMBA INFUSAO USO GERAL;EQUIPAMENTO;SAMTRONIC;ICATU S-4.0;RIBERCARE SOLUÇÃO HOSPITALAR LTDA;1290;21/01/2021;;259726;21/01/2022;;NÃO;NÃO;NÃO;SIM;NÃO;NÃO;NÃO;"CONTRATO DE COMODATO - ICATU S 3ED PORTUGUES - DATA DE FABRICAÇÃO: 09/2020

DEVOLUÇÃO EM 29/02/2024";;;;;;;;
HU-UFSCAR;HU;STEC;SETOR DE ENGENHARIA CLÍNICA;B.T.232;COM01-58889V/00;58889V/00;BOMBA INFUSAO USO GERAL;EQUIPAMENTO;SAMTRONIC;ICATU S-4.0;RIBERCARE SOLUÇÃO HOSPITALAR LTDA;1290;21/01/2021;;259726;21/01/2022;;NÃO;NÃO;NÃO;SIM;NÃO;NÃO;NÃO;"CONTRATO DE COMODATO - ICATU S 3ED PORTUGUES - DATA DE FABRICAÇÃO: 09/2020

DEVOLUÇÃO EM 29/02/2024";;;;;;;;
HU-UFSCAR;HU;STEC;SETOR DE ENGENHARIA CLÍNICA;B.T.232;COM01-58897V/00;58897V/00;BOMBA INFUSAO USO GERAL;EQUIPAMENTO;SAMTRONIC;ICATU S-4.0;RIBERCARE SOLUÇÃO HOSPITALAR LTDA;1290;21/01/2021;;259726;21/01/2022;;NÃO;NÃO;NÃO;SIM;NÃO;NÃO;NÃO;"CONTRATO DE COMODATO - ICATU S 3ED PORTUGUES - DATA DE FABRICAÇÃO: 09/2020

DEVOLUÇÃO EM 29/02/2024";;;;;;;;
HU-UFSCAR;HU;STEC;SETOR DE ENGENHARIA CLÍNICA;B.T.232;COM01-58904V/00;58904V/00;BOMBA INFUSAO USO GERAL;EQUIPAMENTO;SAMTRONIC;ICATU S-4.0;RIBERCARE SOLUÇÃO HOSPITALAR LTDA;1290;21/01/2021;;259726;21/01/2022;;NÃO;NÃO;NÃO;SIM;SIM;NÃO;NÃO;"CONTRATO DE COMODATO - ICATU S 3ED PORTUGUES - DATA DE FABRICAÇÃO: 09/2020

";;;;;;;;
HU-UFSCAR;HU;STEC;SETOR DE ENGENHARIA CLÍNICA;B.T.232;COM01-58968V/00;58968V/00;BOMBA INFUSAO USO GERAL;EQUIPAMENTO;SAMTRONIC;ICATU S-4.0;RIBERCARE SOLUÇÃO HOSPITALAR LTDA;1290;21/01/2021;;259726;21/01/2022;;NÃO;NÃO;SIM;NÃO;SIM;NÃO;NÃO;"CONTRATO DE COMODATO - ICATU S 3ED PORTUGUES - DATA DE FABRICAÇÃO: 09/2020

";;;;;;;;
HU-UFSCAR;HU;STEC;SETOR DE ENGENHARIA CLÍNICA;B.T.232;COM01-58996V/00;58996V/00;BOMBA INFUSAO USO GERAL;EQUIPAMENTO;SAMTRONIC;ICATU S-4.0;RIBERCARE SOLUÇÃO HOSPITALAR LTDA;1290;21/01/2021;;259726;21/01/2022;;NÃO;NÃO;NÃO;SIM;NÃO;NÃO;NÃO;"CONTRATO DE COMODATO - ICATU S 3ED PORTUGUES - DATA DE FABRICAÇÃO: 07/2019

DEVOLUÇÃO EM 29/02/2024";;;;;;;;
HU-UFSCAR;HU;STEC;SETOR DE ENGENHARIA CLÍNICA;B.T.232;COM01-65321V/00;65321V/00;BOMBA INFUSAO USO GERAL;EQUIPAMENTO;SAMTRONIC;ICATU S-4.0;RIBERCARE SOLUÇÃO HOSPITALAR LTDA;1290;27/05/2021;;272287;27/05/2022;;NÃO;NÃO;NÃO;SIM;NÃO;NÃO;NÃO;"CONTRATO DE COMODATO - ICATU S INTEL

DEVOLUÇÃO EM 29/02/2024";;;;;;;;
HU-UFSCAR;HU;STEC;SETOR DE ENGENHARIA CLÍNICA;B.T.232;COM01-65331V/01;65331V/01;BOMBA INFUSAO USO GERAL;EQUIPAMENTO;SAMTRONIC;ICATU-4.0-INTELLI PCA;RIBERCARE SOLUÇÃO HOSPITALAR LTDA;1290;27/11/2020;;255746;27/11/2021;;NÃO;NÃO;NÃO;SIM;NÃO;NÃO;NÃO;"CONTRATO DE COMODATO



ICATU S 3ED PORTUGUES";;;;;;;;
HU-UFSCAR;HU;STEC;SETOR DE ENGENHARIA CLÍNICA;B.T.232;COM01-65352V/00;65352V/00;BOMBA INFUSAO USO GERAL;EQUIPAMENTO;SAMTRONIC;ICATU S-4.0;RIBERCARE SOLUÇÃO HOSPITALAR LTDA;1290;21/01/2021;;259726;21/01/2022;;NÃO;NÃO;NÃO;SIM;NÃO;NÃO;NÃO;"CONTRATO DE COMODATO - ICATU S 3ED PORTUGUES - DATA DE FABRICAÇÃO: 05/2021

";;;;;;;;
HU-UFSCAR;HU;STEC;SETOR DE ENGENHARIA CLÍNICA;B.T.232;COM01-69956V/01;69956V/01;BOMBA INFUSAO USO GERAL;EQUIPAMENTO;SAMTRONIC;ICATU-4.0-INTELLI PCA;RIBERCARE SOLUÇÃO HOSPITALAR LTDA;1290;27/11/2020;;255746;27/11/2021;;NÃO;NÃO;NÃO;SIM;NÃO;NÃO;NÃO;"CONTRATO DE COMODATO 



ICATU S 3ED PORTUGUES

";;;;;;;;
HU-UFSCAR;HU;STEC;SETOR DE ENGENHARIA CLÍNICA;SALA DE DISTRIBUIÇÃO;COM01-65325V;65325V/01;BOMBA INFUSAO USO GERAL;EQUIPAMENTO;SAMTRONIC;ICATU S-4.0;SAMTRONIC INDUSTRIA E COMERCIO LTDA;1290;27/05/2021;;272287;27/05/2022;;NÃO;NÃO;SIM;NÃO;SIM;NÃO;NÃO;;;;;;;;;
HU-UFSCAR;HU;STEC;SETOR DE ENGENHARIA CLÍNICA;SALA DE DISTRIBUIÇÃO;COM01-69550V;69550V/01;BOMBA INFUSAO USO GERAL;EQUIPAMENTO;SAMTRONIC;ICATU S-4.0;SAMTRONIC INDUSTRIA E COMERCIO LTDA;1290;27/05/2021;;272287;27/05/2022;;NÃO;NÃO;SIM;NÃO;SIM;NÃO;NÃO;;;;;;;;;
HU-UFSCAR;HU;STEC;SETOR DE ENGENHARIA CLÍNICA;SALA DE DISTRIBUIÇÃO;COM01-69944;69944V/01;BOMBA INFUSAO USO GERAL;EQUIPAMENTO;SAMTRONIC;ICATU S-4.0;SAMTRONIC INDUSTRIA E COMERCIO LTDA;1290;27/05/2021;;272287;27/05/2022;;NÃO;NÃO;SIM;NÃO;SIM;NÃO;NÃO;;;;;;;;;
HU-UFSCAR;HU;STEC;SETOR DE ENGENHARIA CLÍNICA;SALA DE DISTRIBUIÇÃO;COM01-69956;69956V/01;BOMBA INFUSAO USO GERAL;EQUIPAMENTO;SAMTRONIC;ICATU S-4.0;SAMTRONIC INDUSTRIA E COMERCIO LTDA;1290;27/05/2021;;272287;27/05/2022;;NÃO;NÃO;SIM;NÃO;SIM;NÃO;NÃO;;;;;;;;;
HU-UFSCAR;HU;STEC-ECQ;ECQ/HU-UFSCAR;;69427V/01;69427V/01;BOMBA INFUSAO USO GERAL;EQUIPAMENTO;SAMTRONIC;ICATU S-3-ED;SAMTRONIC INDUSTRIA E COMERCIO LTDA;0;20/09/2024;;0;20/09/2025;;NÃO;NÃO;SIM;NÃO;NÃO;NÃO;NÃO;;;;;;;;;
HU-UFSCAR;HU;STEC-ECQ;ECQ/HU-UFSCAR;;COM01-01685BC/UTIA0043;01685BC/00;BOMBA INFUSAO USO GERAL;EQUIPAMENTO;SAMTRONIC;ICATU S-4.0-ENTERAL;SAMTRONIC INDUSTRIA E COMERCIO LTDA;1988,68;19/03/2024;23763.001603/2023-05;349552;19/03/2025;;NÃO;NÃO;SIM;NÃO;SIM;NÃO;NÃO;COMODATO;;;;;;;;
HU-UFSCAR;HU;STEC-ECQ;ECQ/HU-UFSCAR;;COM01-61825V/01;61825V/01;BOMBA INFUSAO USO GERAL;EQUIPAMENTO;SAMTRONIC;ICATU S-4.0;SAMTRONIC INDUSTRIA E COMERCIO LTDA;1957,35;20/09/2024;;000363103;20/09/2025;;NÃO;NÃO;SIM;NÃO;SIM;NÃO;NÃO;;;;;;;;;
HU-UFSCAR;HU;STEC-ECQ;ECQ/HU-UFSCAR;;COM01-69758;69758V/01;BOMBA INFUSAO USO GERAL;EQUIPAMENTO;SAMTRONIC;ICATU S-4.0;SAMTRONIC INDUSTRIA E COMERCIO LTDA;1290;27/05/2021;;272287;27/05/2022;;NÃO;NÃO;SIM;NÃO;SIM;NÃO;NÃO;;;;;;;;;
HU-UFSCAR;HU;UCAI;UNIDADE DA CRIANÇA E ADOLESCENTE - INTERNAÇÃO;;COM01-03440BC/00/UCA0045;03440BC/00;BOMBA INFUSAO USO GERAL;EQUIPAMENTO;SAMTRONIC;ICATU S-4.0-ENTERAL;SAMTRONIC INDUSTRIA E COMERCIO LTDA;1630,71;21/05/2025;;000373226;21/05/2026;;NÃO;NÃO;SIM;NÃO;NÃO;NÃO;NÃO;;;;;;;;;
HU-UFSCAR;HU;UCAI;UNIDADE DA CRIANÇA E ADOLESCENTE - INTERNAÇÃO;;COM01-63131V/01;63131V/01;BOMBA INFUSAO USO GERAL;EQUIPAMENTO;SAMTRONIC;ICATU-4.0-INTELLI PCA;SAMTRONIC INDUSTRIA E COMERCIO LTDA;1957,35;21/05/2025;;000373226;21/05/2026;;NÃO;NÃO;SIM;NÃO;NÃO;NÃO;NÃO;;;;;;;;;
HU-UFSCAR;HU;UCAI;UNIDADE DA CRIANÇA E ADOLESCENTE - INTERNAÇÃO;;COM01-69549/UCA0042;69549V/01;BOMBA INFUSAO USO GERAL;EQUIPAMENTO;SAMTRONIC;ICATU S-4.0;SAMTRONIC INDUSTRIA E COMERCIO LTDA;1290;27/05/2021;;00000;27/05/2022;;NÃO;NÃO;SIM;NÃO;SIM;NÃO;NÃO;;;;;;;;;
HU-UFSCAR;HU;UCAI;UNIDADE DA CRIANÇA E ADOLESCENTE - INTERNAÇÃO;;COM01-79508V/01;79508V/01;BOMBA INFUSAO USO GERAL;EQUIPAMENTO;SAMTRONIC;ICATU S-4.0-INTELLI WIFI;SAMTRONIC INDUSTRIA E COMERCIO LTDA;1957,35;21/05/2025;;000373226;21/05/2026;;NÃO;NÃO;SIM;NÃO;NÃO;NÃO;NÃO;;;;;;;;;
HU-UFSCAR;HU;UCAI;UNIDADE DA CRIANÇA E ADOLESCENTE - INTERNAÇÃO;UCA;COM01-61661V/01;61661V/01;BOMBA INFUSAO USO GERAL;EQUIPAMENTO;SAMTRONIC;ICATU S-4.0;SAMTRONIC INDUSTRIA E COMERCIO LTDA;1957,35;20/09/2024;;000363103;20/05/2025;;NÃO;NÃO;SIM;NÃO;SIM;NÃO;NÃO;;;;;;;;;
HU-UFSCAR;HU;UCA - INATIVO;UNIDADE DA CRIANÇA E DO ADOLECENTE - INATIVO;UTI PED;COM01-45405M/00;45405M/00;BOMBA INFUSAO USO GERAL;EQUIPAMENTO;SAMTRONIC;ST-1000;RIBERCARE SOLUÇÃO HOSPITALAR LTDA;761;15/05/2017;;155839;15/05/2018;;SIM;NÃO;NÃO;SIM;NÃO;NÃO;NÃO;"CONTRATO DE COMODATO - ST1000 SET PO

";;;;;;;;
HU-UFSCAR;HU;UCA - INATIVO;UNIDADE DA CRIANÇA E DO ADOLECENTE - INATIVO;UTI PED;COM01-45444M/00;45444M/00;BOMBA INFUSAO USO GERAL;EQUIPAMENTO;SAMTRONIC;ST-1000;RIBERCARE SOLUÇÃO HOSPITALAR LTDA;761;15/05/2017;;155839;15/05/2018;;SIM;NÃO;NÃO;SIM;NÃO;NÃO;NÃO;"CONTRATO DE COMODATO - ST1000 SET PO

";;;;;;;;
HU-UFSCAR;HU;UCA - INATIVO;UNIDADE DA CRIANÇA E DO ADOLECENTE - INATIVO;UTI PED;COM01-45537M/00;45537M/00;BOMBA INFUSAO USO GERAL;EQUIPAMENTO;SAMTRONIC;ST-1000;RIBERCARE SOLUÇÃO HOSPITALAR LTDA;761;15/05/2017;;155839;15/05/2018;;SIM;NÃO;NÃO;SIM;NÃO;NÃO;NÃO;"CONTRATO DE COMODATO - ST1000 SET PO

";;;;;;;;
HU-UFSCAR;HU;UCA - INATIVO;UNIDADE DA CRIANÇA E DO ADOLECENTE - INATIVO;UTI PED;COM01-45713M/00;45713M/00;BOMBA INFUSAO USO GERAL;EQUIPAMENTO;SAMTRONIC;ST-1000;RIBERCARE SOLUÇÃO HOSPITALAR LTDA;761;15/05/2017;;155839;15/05/2018;;SIM;NÃO;NÃO;SIM;NÃO;NÃO;NÃO;"CONTRATO DE COMODATO - ST1000 SET PO

";;;;;;;;
HU-UFSCAR;HU;UCA - INATIVO;UNIDADE DA CRIANÇA E DO ADOLECENTE - INATIVO;UTI PED;COM01-45742M/00;45742M/00;BOMBA INFUSAO USO GERAL;EQUIPAMENTO;SAMTRONIC;ST-1000;RIBERCARE SOLUÇÃO HOSPITALAR LTDA;761;15/05/2017;;155839;15/05/2018;;SIM;NÃO;NÃO;SIM;NÃO;NÃO;NÃO;"CONTRATO DE COMODATO - ST1000 SET PO

DEVOLUÇÃO EM 29/02/2024";;;;;;;;
HU-UFSCAR;HU;UCA - INATIVO;UNIDADE DA CRIANÇA E DO ADOLECENTE - INATIVO;UTI PED;COM01-45764M/00;45764M/00;BOMBA INFUSAO USO GERAL;EQUIPAMENTO;SAMTRONIC;ST-1000;RIBERCARE SOLUÇÃO HOSPITALAR LTDA;761;15/05/2017;;155839;15/05/2018;;SIM;NÃO;NÃO;SIM;NÃO;NÃO;NÃO;"CONTRATO DE COMODATO - ST1000 SET PO

";;;;;;;;
HU-UFSCAR;HU;UCA - INATIVO;UNIDADE DA CRIANÇA E DO ADOLECENTE - INATIVO;UTI PED;COM01-57929V/00;57929V/00;BOMBA INFUSAO USO GERAL;EQUIPAMENTO;SAMTRONIC;ICATU S-4.0;RIBERCARE SOLUÇÃO HOSPITALAR LTDA;1290;21/01/2021;;259726;21/01/2022;;NÃO;NÃO;NÃO;SIM;NÃO;NÃO;NÃO;"CONTRATO DE COMODATO - ICATU S 3ED PORTUGUES - DATA DE FABRICAÇÃO: 08/2020

DEVOLUÇÃO EM 29/02/2024";;;;;;;;
HU-UFSCAR;HU;UCA - INATIVO;UNIDADE DA CRIANÇA E DO ADOLECENTE - INATIVO;UTI PED;COM01-58989V/00;58989V/00;BOMBA INFUSAO USO GERAL;EQUIPAMENTO;SAMTRONIC;ICATU S-4.0;RIBERCARE SOLUÇÃO HOSPITALAR LTDA;1290;21/01/2021;;259726;21/01/2022;;NÃO;NÃO;NÃO;SIM;NÃO;NÃO;NÃO;"CONTRATO DE COMODATO - ICATU S 3ED PORTUGUES

DEVOLUÇÃO EM 29/02/2024";;;;;;;;
HU-UFSCAR;HU;UCA - INATIVO;UNIDADE DA CRIANÇA E DO ADOLECENTE - INATIVO;UTI PED;COM01-65436M/00;65436M/00;BOMBA INFUSAO USO GERAL;EQUIPAMENTO;SAMTRONIC;ST-1000;RIBERCARE SOLUÇÃO HOSPITALAR LTDA;761;17/07/2019;;214032;17/07/2020;;SIM;NÃO;NÃO;SIM;NÃO;NÃO;NÃO;"CONTRATO DE COMODATO - ST1000 SET PO

DEVOLUÇÃO EM 29/02/2024";;;;;;;;
HU-UFSCAR;HU;UCA - INATIVO;UNIDADE DA CRIANÇA E DO ADOLECENTE - INATIVO;UTI PED;COM01-65438M/00;65438M/00;BOMBA INFUSAO USO GERAL;EQUIPAMENTO;SAMTRONIC;ST-1000;RIBERCARE SOLUÇÃO HOSPITALAR LTDA;761;17/07/2019;;214032;17/07/2020;;SIM;NÃO;NÃO;SIM;NÃO;NÃO;NÃO;"CONTRATO DE COMODATO - ST1000 SET PO

DEVOLUÇÃO EM 29/02/2024";;;;;;;;
HU-UFSCAR;HU;UCMC;CLÍNICA MÉDICA E CIRÚRGICA;;COM01-65288V/01/UCM0049;65288V/01;BOMBA INFUSAO USO GERAL;EQUIPAMENTO;SAMTRONIC;ICATU S-4.0;RIBERCARE SOLUÇÃO HOSPITALAR LTDA;1290;27/05/2021;;272287;27/05/2022;;NÃO;NÃO;SIM;NÃO;SIM;NÃO;NÃO;"CONTRATO DE COMODATO 



ICATU S INTEL

";;;;;;;;
HU-UFSCAR;HU;UCMC;CLÍNICA MÉDICA E CIRÚRGICA;;COM01-65328;65328V/01;BOMBA INFUSAO USO GERAL;EQUIPAMENTO;SAMTRONIC;ICATU S-4.0;SAMTRONIC INDUSTRIA E COMERCIO LTDA;1290;27/05/2021;;255746;27/05/2022;;NÃO;NÃO;SIM;NÃO;SIM;NÃO;NÃO;;;;;;;;;
HU-UFSCAR;HU;UCMC;CLÍNICA MÉDICA E CIRÚRGICA;B.T.141;;51051R;BOMBA INFUSAO USO GERAL;EQUIPAMENTO;SAMTRONIC;ST-550-T-2;RIBERCARE SOLUÇÃO HOSPITALAR LTDA;550;17/01/2017;;-;17/01/2018;;SIM;NÃO;SIM;SIM;NÃO;NÃO;NÃO;"NÃO HÁ DADOS SOBRE AQUISIÇÃO

";;;;;;;;
HU-UFSCAR;HU;UCMC;CLÍNICA MÉDICA E CIRÚRGICA;B.T.20;COM01-65312V/01/UCM0015;65312V/01;BOMBA INFUSAO USO GERAL;EQUIPAMENTO;SAMTRONIC;ICATU S-4.0;RIBERCARE SOLUÇÃO HOSPITALAR LTDA;1290;27/05/2021;;272287;27/05/2022;;NÃO;NÃO;SIM;NÃO;SIM;NÃO;NÃO;"CONTRATO DE COMODATO - ICATU S INTEL

";;;;;;;;
HU-UFSCAR;HU;UCMC;UNIDADE DE CLÍNICA MÉDICA E CLÍNICA CIRÚRGICA_INATIVO;B.T.232;COM01-58892V/00;58892V/00;BOMBA INFUSAO USO GERAL;EQUIPAMENTO;SAMTRONIC;ICATU S-4.0;RIBERCARE SOLUÇÃO HOSPITALAR LTDA;1290;21/01/2021;;259726;21/01/2022;;NÃO;NÃO;NÃO;SIM;NÃO;NÃO;NÃO;"CONTRATO DE COMODATO - ICATU S 3ED PORTUGUES - DATA DE FABRICAÇÃO: 09/2020

";;;;;;;;
HU-UFSCAR;HU;UCMC;UNIDADE DE CLÍNICA MÉDICA E CLÍNICA CIRÚRGICA_INATIVO;B.T.232;COM01-69427V/01;69427V/01;BOMBA INFUSAO USO GERAL;EQUIPAMENTO;SAMTRONIC;ICATU-4.0-INTELLI PCA;RIBERCARE SOLUÇÃO HOSPITALAR LTDA;1290;21/01/2021;;259726;27/11/2022;;NÃO;NÃO;NÃO;SIM;NÃO;NÃO;NÃO;"CONTRATO DE COMODATO - ICATU S 3ED PORTUGUES - DATA DE FABRICAÇÃO: 08/2020

";;;;;;;;
HU-UFSCAR;HU;UCMC;UNIDADE DE CLÍNICA MÉDICA E CLÍNICA CIRÚRGICA_INATIVO;C.1.144;COM01-08519R/08;08519R/08;BOMBA INFUSAO USO GERAL;EQUIPAMENTO;SAMTRONIC;ST-550-T-2;RIBERCARE SOLUÇÃO HOSPITALAR LTDA;550;07/01/2021;;258587;07/01/2022;15/05/2024;SIM;SIM;NÃO;NÃO;NÃO;NÃO;NÃO;"CONTRATO DE COMODATO - ST550T2 PLUS

";;;;;;3 ANOS, 4 MESES E 8 DIAS;;
HU-UFSCAR;HU;UCMC;UNIDADE DE CLÍNICA MÉDICA E CLÍNICA CIRÚRGICA_INATIVO;C.1.144;COM01-09401R/08;09401R/08;BOMBA INFUSAO USO GERAL;EQUIPAMENTO;SAMTRONIC;ST-550-T-2;RIBERCARE SOLUÇÃO HOSPITALAR LTDA;550;07/01/2021;;258587;07/01/2022;;SIM;NÃO;NÃO;SIM;NÃO;NÃO;NÃO;"CONTRATO DE COMODATO - ST550T2 PLUS

";;;;;;;;
HU-UFSCAR;HU;UCMC;UNIDADE DE CLÍNICA MÉDICA E CLÍNICA CIRÚRGICA_INATIVO;C.1.144;COM01-09779R/08;09779R/08;BOMBA INFUSAO USO GERAL;EQUIPAMENTO;SAMTRONIC;ST-550-T-2;RIBERCARE SOLUÇÃO HOSPITALAR LTDA;550;17/01/2020;;228624;17/01/2021;;SIM;NÃO;NÃO;SIM;NÃO;NÃO;NÃO;"CONTRATO DE COMODATO - ST550T2 PLUS

";;;;;;;;
HU-UFSCAR;HU;UCMC;UNIDADE DE CLÍNICA MÉDICA E CLÍNICA CIRÚRGICA_INATIVO;C.1.144;COM01-10064R/08;10064R/08;BOMBA INFUSAO USO GERAL;EQUIPAMENTO;SAMTRONIC;ST-550-T-2;RIBERCARE SOLUÇÃO HOSPITALAR LTDA;550;07/01/2021;;258587;07/01/2022;;SIM;NÃO;NÃO;SIM;NÃO;NÃO;NÃO;"CONTRATO DE COMODATO - ST550T2 PLUS

";;;;;;;;
HU-UFSCAR;HU;UCMC;UNIDADE DE CLÍNICA MÉDICA E CLÍNICA CIRÚRGICA_INATIVO;C.1.144;COM01-43282V/00;43282V/00;BOMBA INFUSAO USO GERAL;EQUIPAMENTO;SAMTRONIC;ICATU S-4.0;RIBERCARE SOLUÇÃO HOSPITALAR LTDA;1290;27/11/2020;;255746;27/11/2021;;NÃO;NÃO;NÃO;SIM;NÃO;NÃO;NÃO;"CONTRATO DE COMODATO 



ICATU S 3ED PORTUGUES

";;;;;;;;
HU-UFSCAR;HU;UCMC;UNIDADE DE CLÍNICA MÉDICA E CLÍNICA CIRÚRGICA_INATIVO;C.1.144;COM01-58088V/00;58088V/00;BOMBA INFUSAO USO GERAL;EQUIPAMENTO;SAMTRONIC;ICATU S-4.0;RIBERCARE SOLUÇÃO HOSPITALAR LTDA;1290;21/01/2021;;259726;21/01/2022;;NÃO;NÃO;NÃO;SIM;NÃO;NÃO;NÃO;"CONTRATO DE COMODATO 



ICATU S 3ED PORTUGUES

DEVOLUÇÃO EM 29/02/2029";;;;;;;;
HU-UFSCAR;HU;UCMC;CLÍNICA MÉDICA E CIRÚRGICA;C.1.144;COM01-65328V/00;65328V/00;BOMBA INFUSAO USO GERAL;EQUIPAMENTO;SAMTRONIC;ICATU S-4.0;RIBERCARE SOLUÇÃO HOSPITALAR LTDA;1290;27/05/2021;;272287;27/05/2022;;NÃO;NÃO;SIM;NÃO;SIM;NÃO;NÃO;"CONTRATO DE COMODATO 



ICATU S INTEL

";;;;;;;;
HU-UFSCAR;HU;UCMC;CLÍNICA MÉDICA E CIRÚRGICA;C.1.144;COM01-69677/01;69677V/01;BOMBA INFUSAO USO GERAL;EQUIPAMENTO;SAMTRONIC;ICATU-4.0-INTELLI PCA;RIBERCARE SOLUÇÃO HOSPITALAR LTDA;1290;27/11/2020;;255746;27/11/2021;;NÃO;NÃO;SIM;NÃO;SIM;NÃO;NÃO;"CONTRATO DE COMODATO 



ICATU S 3ED PORTUGUES

";;;;;;;;
HU-UFSCAR;HU;UCMC;UNIDADE DE CLÍNICA MÉDICA E CLÍNICA CIRÚRGICA_INATIVO;C.1.144;COM01-69742V/01;69742V/01;BOMBA INFUSAO USO GERAL;EQUIPAMENTO;SAMTRONIC;ICATU-4.0-INTELLI PCA;RIBERCARE SOLUÇÃO HOSPITALAR LTDA;1290;27/11/2020;;255746;27/11/2021;;NÃO;NÃO;NÃO;SIM;NÃO;NÃO;NÃO;"CONTRATO DE COMODATO 



ICATU S 3ED PORTUGUES

";;;;;;;;
HU-UFSCAR;HU;UCMC;CLÍNICA MÉDICA E CIRÚRGICA;CLINICA MÉDICA ;COM01-43356/UCM0032;43356V/00;BOMBA INFUSAO USO GERAL;EQUIPAMENTO;SAMTRONIC;ICATU S-4.0;ZAFALON SOLUCOES HOSPITALARES LTDA;1290;27/11/2020;;255746;27/11/2021;;NÃO;NÃO;SIM;NÃO;SIM;NÃO;SIM;;;;;;;;;
HU-UFSCAR;HU;UCMC;CLÍNICA MÉDICA E CIRÚRGICA;CLINICA MÉDICA ;COM01-65240;65240V/01;BOMBA INFUSAO USO GERAL;EQUIPAMENTO;SAMTRONIC;ICATU S-4.0;SAMTRONIC INDUSTRIA E COMERCIO LTDA;1290;27/05/2021;;272287;27/05/2022;;NÃO;NÃO;SIM;NÃO;SIM;NÃO;NÃO;;;;;;;;;
HU-UFSCAR;HU;UCMC;CLÍNICA MÉDICA E CIRÚRGICA;CLINICA MÉDICA ;COM01-65287;65287V/01;BOMBA INFUSAO USO GERAL;EQUIPAMENTO;SAMTRONIC;ICATU S-4.0;SAMTRONIC INDUSTRIA E COMERCIO LTDA;1290;27/05/2021;;272287;27/05/2022;;NÃO;NÃO;SIM;NÃO;SIM;NÃO;NÃO;;;;;;;;;
HU-UFSCAR;HU;UCMC;CLÍNICA MÉDICA E CIRÚRGICA;CLINICA MÉDICA ;COM01-65331/PA0018;65331V/01;BOMBA INFUSAO USO GERAL;EQUIPAMENTO;SAMTRONIC;ICATU S-4.0;SAMTRONIC INDUSTRIA E COMERCIO LTDA;1290;27/05/2021;;272287;27/05/2022;;NÃO;NÃO;SIM;NÃO;SIM;NÃO;NÃO;;;;;;;;;
HU-UFSCAR;HU;UCMC;CLÍNICA MÉDICA E CIRÚRGICA;CLÍNICA MÉDICA;COM01-01567BC/UCM0027;01567BC/00;BOMBA INFUSAO USO GERAL;EQUIPAMENTO;SAMTRONIC;ICATU S-4.0-ENTERAL;SAMTRONIC INDUSTRIA E COMERCIO LTDA;1988,68;19/03/2024;23763.001603/2023-05;349552;19/03/2025;;NÃO;NÃO;SIM;NÃO;SIM;NÃO;NÃO;COMODATO SAMTRONIC;;;;;;;;
HU-UFSCAR;HU;UCMC;CLÍNICA MÉDICA E CIRÚRGICA;CLÍNICA MÉDICA;COM01-01576BC;01576BC/00;BOMBA INFUSAO USO GERAL;EQUIPAMENTO;SAMTRONIC;ICATU S-4.0-ENTERAL;SAMTRONIC INDUSTRIA E COMERCIO LTDA;1988,68;19/03/2024;23763.001603/2023-05;349552;19/03/2025;;NÃO;NÃO;SIM;NÃO;SIM;NÃO;NÃO;COMODATO SAMTRONIC;;;;;;;;
HU-UFSCAR;HU;UCMC;CLÍNICA MÉDICA E CIRÚRGICA;CLÍNICA MÉDICA;COM01-01577BC/UCM0018;01577BC/00;BOMBA INFUSAO USO GERAL;EQUIPAMENTO;SAMTRONIC;ICATU S-4.0-ENTERAL;SAMTRONIC INDUSTRIA E COMERCIO LTDA;1988,68;19/03/2024;23763.001603/2023-05;349552;19/03/2025;;NÃO;NÃO;SIM;NÃO;SIM;NÃO;NÃO;COMODATO SAMTRONIC;;;;;;;;
HU-UFSCAR;HU;UCMC;CLÍNICA MÉDICA E CIRÚRGICA;CLÍNICA MÉDICA;COM01-01580BC;01580BC/00;BOMBA INFUSAO USO GERAL;EQUIPAMENTO;SAMTRONIC;ICATU S-4.0-ENTERAL;SAMTRONIC INDUSTRIA E COMERCIO LTDA;1988,68;19/03/2024;23763.001603/2023-05;349552;19/03/2025;;NÃO;NÃO;SIM;NÃO;SIM;NÃO;NÃO;COMODATO;;;;;;;;
HU-UFSCAR;HU;UCMC;CLÍNICA MÉDICA E CIRÚRGICA;CLÍNICA MÉDICA;COM01-01590BC;01590BC/00;BOMBA INFUSAO USO GERAL;EQUIPAMENTO;SAMTRONIC;ICATU S-4.0-ENTERAL;SAMTRONIC INDUSTRIA E COMERCIO LTDA;1988,68;19/03/2024;23763.001603/2023-05;349552;19/03/2025;;NÃO;NÃO;SIM;NÃO;SIM;NÃO;NÃO;COMODATO;;;;;;;;
HU-UFSCAR;HU;UCMC;CLÍNICA MÉDICA E CIRÚRGICA;CLÍNICA MÉDICA;COM01-01595BC;01595BC/00;BOMBA INFUSAO USO GERAL;EQUIPAMENTO;SAMTRONIC;ICATU S-4.0-ENTERAL;SAMTRONIC INDUSTRIA E COMERCIO LTDA;1988,68;19/03/2024;23763.001603/2023-05;349552;19/03/2025;;NÃO;NÃO;SIM;NÃO;SIM;NÃO;NÃO;COMODATO;;;;;;;;
HU-UFSCAR;HU;UCMC;CLÍNICA MÉDICA E CIRÚRGICA;CLÍNICA MÉDICA;COM01-01604BC;01604BC/00;BOMBA INFUSAO USO GERAL;EQUIPAMENTO;SAMTRONIC;ICATU S-4.0-ENTERAL;SAMTRONIC INDUSTRIA E COMERCIO LTDA;1988,68;19/03/2024;23763.001603/2023-05;349552;19/03/2025;;NÃO;NÃO;SIM;NÃO;SIM;NÃO;NÃO;COMODATO;;;;;;;;
HU-UFSCAR;HU;UCMC;CLÍNICA MÉDICA E CIRÚRGICA;CLÍNICA MÉDICA;COM01-01633BC;01633BC/00;BOMBA INFUSAO USO GERAL;EQUIPAMENTO;SAMTRONIC;ICATU S-4.0-ENTERAL;SAMTRONIC INDUSTRIA E COMERCIO LTDA;1988,68;19/03/2024;23763.001603/2023-05;349552;19/03/2025;;NÃO;NÃO;SIM;NÃO;SIM;NÃO;NÃO;COMODATO;;;;;;;;
HU-UFSCAR;HU;UCMC;CLÍNICA MÉDICA E CIRÚRGICA;CLÍNICA MÉDICA;COM01-69755;69755V/01;BOMBA INFUSAO USO GERAL;EQUIPAMENTO;SAMTRONIC;ICATU S-4.0;SAMTRONIC INDUSTRIA E COMERCIO LTDA;1290;27/11/2020;;255746;27/11/2021;;NÃO;NÃO;NÃO;SIM;NÃO;NÃO;NÃO;;;;;;;;;
HU-UFSCAR;HU;UCMC;CLÍNICA MÉDICA E CIRÚRGICA;SALA DISTRIBUIÇÃO STEC;COM01-69946;69946V/01;BOMBA INFUSAO USO GERAL;EQUIPAMENTO;SAMTRONIC;ICATU S-3-ED;SAMTRONIC INDUSTRIA E COMERCIO LTDA;0;01/12/2022;;0;01/12/2023;;NÃO;NÃO;SIM;NÃO;NÃO;NÃO;NÃO;;;;;;;;;
HU-UFSCAR;HU;UCRIT-RETAGUARDA;LEITOS DE RETAGUARDA;;COM01-65347;65347V/01;BOMBA INFUSAO USO GERAL;EQUIPAMENTO;SAMTRONIC;ICATU S-4.0;SAMTRONIC INDUSTRIA E COMERCIO LTDA;1290;27/11/2020;;255746;27/11/2021;;NÃO;NÃO;SIM;NÃO;SIM;NÃO;NÃO;COMODATO;;;;;;;;
HU-UFSCAR;HU;UDIDE;UNIDADE DE DIAGNÓSTICO POR IMAGEM E DIAGNÓSTICOS ESPECIALIZADOS - INATIVO;B.T.78;COM01-51037R/04;51037R/04;BOMBA INFUSAO USO GERAL;EQUIPAMENTO;SAMTRONIC;ST-550-T-2;RIBERCARE SOLUÇÃO HOSPITALAR LTDA;550;17/01/2020;;-;17/01/2021;;SIM;NÃO;NÃO;SIM;NÃO;NÃO;NÃO;"NÃO HÁ DADOS SOBRE AQUISIÇÃO

";;;;;;;;
HU-UFSCAR;HU;UNEF;UNIDADE DE NEFROLOGIA;HEMODIALISE;COM01-65301;65301V/01;BOMBA INFUSAO USO GERAL;EQUIPAMENTO;SAMTRONIC;ICATU S-4.0;SAMTRONIC INDUSTRIA E COMERCIO LTDA;1290;27/05/2021;;272287;27/05/2022;;NÃO;NÃO;SIM;NÃO;SIM;NÃO;NÃO;;;;;;;;;
HU-UFSCAR;HU;UNEF;UNIDADE DE NEFROLOGIA;HEMODIALISE;COM01-71210V/01;71210V/01;BOMBA INFUSAO USO GERAL;EQUIPAMENTO;SAMTRONIC;ICATU S-4.0;SAMTRONIC INDUSTRIA E COMERCIO LTDA;1957,35;20/09/2024;;000363103;20/09/2025;;NÃO;NÃO;SIM;NÃO;SIM;NÃO;NÃO;;;;;;;;;
HU-UFSCAR;HU;UTIA;UTI ADULTO;;COM01-01563BC;01563BC/00;BOMBA INFUSAO USO GERAL;EQUIPAMENTO;SAMTRONIC;ICATU S-4.0-ENTERAL;SAMTRONIC INDUSTRIA E COMERCIO LTDA;1988,68;19/03/2024;23763.001603/2023-05;349552;19/03/2025;;NÃO;NÃO;SIM;NÃO;SIM;NÃO;NÃO;COMODATO SAMTRONIC;;;;;;;;
HU-UFSCAR;HU;UTIA;UTI ADULTO;;COM01-03488/UTIA0006;03488BC/00;BOMBA INFUSAO USO GERAL;EQUIPAMENTO;SAMTRONIC;ICATU S-4.0-ENTERAL;SAMTRONIC INDUSTRIA E COMERCIO LTDA;1,63;21/05/2025;;000373226;21/05/2026;;NÃO;NÃO;SIM;NÃO;NÃO;NÃO;NÃO;;;;;;;;;
HU-UFSCAR;HU;UTIA;UTI ADULTO;;COM01-43319;43319V/00;BOMBA INFUSAO USO GERAL;EQUIPAMENTO;SAMTRONIC;ICATU S-4.0;SAMTRONIC INDUSTRIA E COMERCIO LTDA;1290;27/05/2021;;255746;27/05/2022;;NÃO;NÃO;SIM;NÃO;SIM;NÃO;NÃO;;;;;;;;;
HU-UFSCAR;HU;UTIA;UTI ADULTO;;COM01-43334;43334V/01;BOMBA INFUSAO USO GERAL;EQUIPAMENTO;SAMTRONIC;ICATU S-4.0;SAMTRONIC INDUSTRIA E COMERCIO LTDA;1290;27/05/2021;;255746;27/05/2022;;NÃO;NÃO;SIM;NÃO;SIM;NÃO;NÃO;;;;;;;;;
HU-UFSCAR;HU;UTIA;UTI ADULTO;;COM01-43379;43379V/00;BOMBA INFUSAO USO GERAL;EQUIPAMENTO;SAMTRONIC;ICATU S-4.0;SAMTRONIC INDUSTRIA E COMERCIO LTDA;1290;27/05/2021;;255746;27/05/2022;;NÃO;NÃO;SIM;NÃO;SIM;NÃO;NÃO;;;;;;;;;
HU-UFSCAR;HU;UTIA;UTI ADULTO;;COM01-57980;57980V/00;BOMBA INFUSAO USO GERAL;EQUIPAMENTO;SAMTRONIC;ICATU S-4.0;SAMTRONIC INDUSTRIA E COMERCIO LTDA;1290;27/05/2021;;255746;27/05/2022;;NÃO;NÃO;SIM;NÃO;SIM;NÃO;NÃO;;;;;;;;;
HU-UFSCAR;HU;UTIA;UTI ADULTO;;COM01-58929V/00/UTIA0020;58929V/00;BOMBA INFUSAO USO GERAL;EQUIPAMENTO;SAMTRONIC;ICATU S-4.0;RIBERCARE SOLUÇÃO HOSPITALAR LTDA;1290;21/01/2021;;259726;21/01/2022;;NÃO;NÃO;SIM;NÃO;SIM;NÃO;NÃO;"CONTRATO DE COMODATO - ICATU S 3ED PORTUGUES - DATA DE FABRICAÇÃO: 09/2020

";;;;;;;;
HU-UFSCAR;HU;UTIA;UTI ADULTO;;COM01-61809V/01;61809V/01;BOMBA INFUSAO USO GERAL;EQUIPAMENTO;SAMTRONIC;ICATU S-4.0;SAMTRONIC INDUSTRIA E COMERCIO LTDA;1957,35;20/09/2024;;000363103;20/09/2025;;NÃO;NÃO;SIM;NÃO;SIM;NÃO;NÃO;;;;;;;;;
HU-UFSCAR;HU;UTIA;UTI ADULTO;;COM01-65323V/UTIA0040;65323V/01;BOMBA INFUSAO USO GERAL;EQUIPAMENTO;SAMTRONIC;ICATU S-4.0;SAMTRONIC INDUSTRIA E COMERCIO LTDA;1290;27/05/2021;;272287;27/05/2022;;NÃO;NÃO;SIM;NÃO;SIM;NÃO;NÃO;COMODATO;;;;;;;;
HU-UFSCAR;HU;UTIA;UTI ADULTO;;COM01-65324/01;65324V/01;BOMBA INFUSAO USO GERAL;EQUIPAMENTO;SAMTRONIC;ICATU S-3-ED;SAMTRONIC INDUSTRIA E COMERCIO LTDA;0;01/01/2023;;0;01/01/2024;;NÃO;NÃO;SIM;NÃO;SIM;NÃO;NÃO;;;;;;;;;
HU-UFSCAR;HU;UTIA;UTI ADULTO;;COM01-65335;65335V/01;BOMBA INFUSAO USO GERAL;EQUIPAMENTO;SAMTRONIC;ICATU S-4.0;SAMTRONIC INDUSTRIA E COMERCIO LTDA;1290;27/05/2021;;272287;27/05/2022;;NÃO;NÃO;SIM;NÃO;SIM;NÃO;NÃO;;;;;;;;;
HU-UFSCAR;HU;UTIA;UTI ADULTO;;COM01-65351;65351V/01;BOMBA INFUSAO USO GERAL;EQUIPAMENTO;SAMTRONIC;ICATU S-4.0;SAMTRONIC INDUSTRIA E COMERCIO LTDA;0;27/05/2021;;0;27/05/2022;;NÃO;NÃO;SIM;NÃO;SIM;NÃO;NÃO;;;;;;;;;
HU-UFSCAR;HU;UTIA;UTI ADULTO;;COM01-68732;68732V/01;BOMBA INFUSAO USO GERAL;EQUIPAMENTO;SAMTRONIC;ICATU S-4.0;SAMTRONIC INDUSTRIA E COMERCIO LTDA;1290;27/05/2021;;272287;27/05/2022;;NÃO;NÃO;SIM;NÃO;SIM;NÃO;NÃO;;;;;;;;;
HU-UFSCAR;HU;UTIA;UTI ADULTO;;COM01-68820V/01/UTIA0061;68820V/01;BOMBA INFUSAO USO GERAL;EQUIPAMENTO;SAMTRONIC;ICATU S-4.0-INTELLI WIFI;SAMTRONIC INDUSTRIA E COMERCIO LTDA;1957,35;21/05/2025;;000373226;21/05/2026;;NÃO;NÃO;SIM;NÃO;NÃO;NÃO;NÃO;;;;;;;;;
HU-UFSCAR;HU;UTIA;UTI ADULTO;;COM01-69733;69733V/01;BOMBA INFUSAO USO GERAL;EQUIPAMENTO;SAMTRONIC;ICATU S-4.0;ZAFALON SOLUCOES HOSPITALARES LTDA;1290;27/11/2020;;255746;27/11/2021;;NÃO;NÃO;SIM;NÃO;SIM;NÃO;SIM;;;;;;;;;
HU-UFSCAR;HU;UTIA;UTI ADULTO;;COM01-71025;71025V/01;BOMBA INFUSAO USO GERAL;EQUIPAMENTO;SAMTRONIC;ICATU S-4.0;SAMTRONIC INDUSTRIA E COMERCIO LTDA;1290;27/11/2020;;255746;27/11/2021;;NÃO;NÃO;SIM;NÃO;SIM;NÃO;NÃO;;;;;;;;;
HU-UFSCAR;HU;UTIA;UTI ADULTO;;COM01-71030;71030V/01;BOMBA INFUSAO USO GERAL;EQUIPAMENTO;SAMTRONIC;ICATU S-4.0;ZAFALON SOLUCOES HOSPITALARES LTDA;1290;27/11/2020;;255746;27/11/2021;;NÃO;NÃO;SIM;NÃO;SIM;NÃO;SIM;;;;;;;;;
HU-UFSCAR;HU;UTIA;UTI ADULTO;;COM01-79972V;79972V/01;BOMBA INFUSAO USO GERAL;EQUIPAMENTO;SAMTRONIC;ICATU S-3-ED;SAMTRONIC INDUSTRIA E COMERCIO LTDA;1957,35;21/05/2025;;000373226;21/05/2026;;NÃO;NÃO;SIM;NÃO;NÃO;NÃO;NÃO;;;;;;;;;
HU-UFSCAR;HU;UTIA;UTI ADULTO;;COM01-80128V/UTIA0059;80128V/01;BOMBA INFUSAO USO GERAL;EQUIPAMENTO;SAMTRONIC;ICATU S-3-ED;SAMTRONIC INDUSTRIA E COMERCIO LTDA;1957,35;21/05/2025;;000373226;21/05/2026;;NÃO;NÃO;SIM;NÃO;NÃO;NÃO;NÃO;;;;;;;;;
HU-UFSCAR;HU;UTIA;UTI ADULTO_INATIVO;B.T.141;;51034R;BOMBA INFUSAO USO GERAL;EQUIPAMENTO;SAMTRONIC;ST-550-T-2;RIBERCARE SOLUÇÃO HOSPITALAR LTDA;550;17/01/2020;;-;17/01/2021;15/05/2024;SIM;SIM;NÃO;NÃO;NÃO;NÃO;NÃO;"NÃO HÁ DADOS SOBRE AQUISIÇÃO

";;;;;;4 ANOS, 3 MESES E 28 DIAS;;
HU-UFSCAR;HU;UTIA;UTI ADULTO_INATIVO;B.T.141;;51042R;BOMBA INFUSAO USO GERAL;EQUIPAMENTO;SAMTRONIC;ST-550-T-2;RIBERCARE SOLUÇÃO HOSPITALAR LTDA;550;17/01/2020;;-;17/01/2021;15/05/2024;SIM;SIM;NÃO;NÃO;NÃO;NÃO;NÃO;"NÃO HÁ DADOS SOBRE AQUISIÇÃO

";;;;;;4 ANOS, 3 MESES E 28 DIAS;;
HU-UFSCAR;HU;UTIA;UTI ADULTO_INATIVO;B.T.141;;51044R;BOMBA INFUSAO USO GERAL;EQUIPAMENTO;SAMTRONIC;ST-550-T-2;RIBERCARE SOLUÇÃO HOSPITALAR LTDA;550;17/01/2020;;-;17/01/2021;;SIM;NÃO;SIM;NÃO;NÃO;NÃO;SIM;"NÃO HÁ DADOS SOBRE AQUISIÇÃO

";;;;;;;;
HU-UFSCAR;HU;UTIA;UTI ADULTO_INATIVO;B.T.141;;51048R;BOMBA INFUSAO USO GERAL;EQUIPAMENTO;SAMTRONIC;ST-550-T-2;RIBERCARE SOLUÇÃO HOSPITALAR LTDA;550;17/01/2020;;-;17/01/2021;;SIM;NÃO;SIM;SIM;NÃO;NÃO;NÃO;"NÃO HÁ DADOS SOBRE AQUISIÇÃO

";;;;;;;;
HU-UFSCAR;HU;UTIA;UTI ADULTO_INATIVO;B.T.141;;51053R;BOMBA INFUSAO USO GERAL;EQUIPAMENTO;SAMTRONIC;ST-550-T-2;RIBERCARE SOLUÇÃO HOSPITALAR LTDA;550;17/01/2020;;-;17/01/2021;;SIM;NÃO;SIM;SIM;NÃO;NÃO;NÃO;"NÃO HÁ DADOS SOBRE AQUISIÇÃO

";;;;;;;;
HU-UFSCAR;HU;UTIA;UTI ADULTO_INATIVO;B.T.141;;51056R;BOMBA INFUSAO USO GERAL;EQUIPAMENTO;SAMTRONIC;ST-550-T-2;RIBERCARE SOLUÇÃO HOSPITALAR LTDA;550;17/01/2020;;-;17/01/2021;15/05/2024;SIM;SIM;NÃO;NÃO;NÃO;NÃO;NÃO;"NÃO HÁ DADOS SOBRE AQUISIÇÃO

";;;;;;4 ANOS, 3 MESES E 28 DIAS;;
HU-UFSCAR;HU;UTIA;UTI ADULTO_INATIVO;B.T.141;;51444R;BOMBA INFUSAO USO GERAL;EQUIPAMENTO;SAMTRONIC;ST-550-T-2;RIBERCARE SOLUÇÃO HOSPITALAR LTDA;550;17/01/2020;;-;17/01/2021;;SIM;NÃO;SIM;SIM;NÃO;NÃO;NÃO;"NÃO HÁ DADOS SOBRE AQUISIÇÃO

";;;;;;;;
HU-UFSCAR;HU;UTIA;UTI ADULTO_INATIVO;B.T.141;COM01-09329R/08;09329R/08;BOMBA INFUSAO USO GERAL;EQUIPAMENTO;SAMTRONIC;ST-550-T-2;RIBERCARE SOLUÇÃO HOSPITALAR LTDA;550;07/01/2021;;258587;07/01/2022;;SIM;NÃO;NÃO;SIM;NÃO;NÃO;NÃO;"CONTRATO DE COMODATO - ST550T2 PLUS

";;;;;;;;
HU-UFSCAR;HU;UTIA;UTI ADULTO_INATIVO;B.T.141;COM01-09353R/08;09353R/08;BOMBA INFUSAO USO GERAL;EQUIPAMENTO;SAMTRONIC;ST-550-T-2;RIBERCARE SOLUÇÃO HOSPITALAR LTDA;550;07/01/2021;;258587;07/01/2022;;SIM;NÃO;NÃO;SIM;NÃO;NÃO;NÃO;"CONTRATO DE COMODATO - ST550T2 PLUS

";;;;;;;;
HU-UFSCAR;HU;UTIA;UTI ADULTO_INATIVO;B.T.141;COM01-09486R/08;09486R/08;BOMBA INFUSAO USO GERAL;EQUIPAMENTO;SAMTRONIC;ST-550-T-2;RIBERCARE SOLUÇÃO HOSPITALAR LTDA;550;07/01/2021;;258587;07/01/2022;;SIM;NÃO;NÃO;SIM;NÃO;NÃO;NÃO;"CONTRATO DE COMODATO - ST550T2 PLUS

";;;;;;;;
HU-UFSCAR;HU;UTIA;UTI ADULTO_INATIVO;B.T.141;COM01-09672R/08;09672R/08;BOMBA INFUSAO USO GERAL;EQUIPAMENTO;SAMTRONIC;ST-550-T-2;RIBERCARE SOLUÇÃO HOSPITALAR LTDA;550;07/01/2021;;258587;07/01/2022;;SIM;NÃO;NÃO;SIM;NÃO;NÃO;NÃO;"CONTRATO DE COMODATO - ST550T2 PLUS

";;;;;;;;
HU-UFSCAR;HU;UTIA;UTI ADULTO_INATIVO;B.T.141;COM01-09675R/08;09675R/08;BOMBA INFUSAO USO GERAL;EQUIPAMENTO;SAMTRONIC;ST-550-T-2;RIBERCARE SOLUÇÃO HOSPITALAR LTDA;550;07/01/2021;;258587;07/01/2022;;SIM;NÃO;NÃO;SIM;NÃO;NÃO;NÃO;"CONTRATO DE COMODATO - ST550T2 PLUS

";;;;;;;;
HU-UFSCAR;HU;UTIA;UTI ADULTO_INATIVO;B.T.141;COM01-09781R/08;09781R/08;BOMBA INFUSAO USO GERAL;EQUIPAMENTO;SAMTRONIC;ST-550-T-2;RIBERCARE SOLUÇÃO HOSPITALAR LTDA;550;17/01/2020;;228624;17/01/2021;;SIM;NÃO;NÃO;SIM;NÃO;NÃO;NÃO;"CONTRATO DE COMODATO - ST550T2 PLUS - DATA DE FABRICAÇÃO: 05/2019

";;;;;;;;
HU-UFSCAR;HU;UTIA;UTI ADULTO_INATIVO;B.T.141;COM01-09785R/08;09785R/08;BOMBA INFUSAO USO GERAL;EQUIPAMENTO;SAMTRONIC;ST-550-T-2;RIBERCARE SOLUÇÃO HOSPITALAR LTDA;550;17/01/2020;;228624;17/01/2021;;SIM;NÃO;NÃO;SIM;NÃO;NÃO;NÃO;"CONTRATO DE COMODATO - ST550T2 PLUS - DATA DE FABRICAÇÃO: 05/2019

";;;;;;;;
HU-UFSCAR;HU;UTIA;UTI ADULTO_INATIVO;B.T.141;COM01-09789R/08;09789R/08;BOMBA INFUSAO USO GERAL;EQUIPAMENTO;SAMTRONIC;ST-550-T-2;RIBERCARE SOLUÇÃO HOSPITALAR LTDA;550;17/01/2020;;228624;17/01/2021;;SIM;NÃO;NÃO;SIM;NÃO;NÃO;NÃO;"CONTRATO DE COMODATO - ST550T2 PLUS - DATA DE FABRICAÇÃO: 05/2019

";;;;;;;;
HU-UFSCAR;HU;UTIA;UTI ADULTO_INATIVO;B.T.141;COM01-45337M/00;45337M/00;BOMBA INFUSAO USO GERAL;EQUIPAMENTO;SAMTRONIC;ST-1000;RIBERCARE SOLUÇÃO HOSPITALAR LTDA;761;15/05/2017;;155839;15/05/2018;;SIM;NÃO;NÃO;SIM;NÃO;NÃO;NÃO;"CONTRATO DE COMODATO - ST1000 SET PO

DEVOLUÇÃO EM 29/02/2024";;;;;;;;
HU-UFSCAR;HU;UTIA;UTI ADULTO_INATIVO;B.T.141;COM01-45350M/00;45350M/00;BOMBA INFUSAO USO GERAL;EQUIPAMENTO;SAMTRONIC;ST-1000;RIBERCARE SOLUÇÃO HOSPITALAR LTDA;761;15/05/2017;;155839;15/05/2018;;SIM;NÃO;NÃO;SIM;NÃO;NÃO;NÃO;"CONTRATO DE COMODATO - ST1000 SET PO

";;;;;;;;
HU-UFSCAR;HU;UTIA;UTI ADULTO_INATIVO;B.T.141;COM01-45354M/00;45354M/00;BOMBA INFUSAO USO GERAL;EQUIPAMENTO;SAMTRONIC;ST-1000;RIBERCARE SOLUÇÃO HOSPITALAR LTDA;761;15/05/2017;;155839;15/05/2018;;SIM;NÃO;NÃO;SIM;NÃO;NÃO;NÃO;"CONTRATO DE COMODATO - ST1000 SET PO

";;;;;;;;
HU-UFSCAR;HU;UTIA;UTI ADULTO_INATIVO;B.T.141;COM01-45385M/00;45385M/00;BOMBA INFUSAO USO GERAL;EQUIPAMENTO;SAMTRONIC;ST-1000;RIBERCARE SOLUÇÃO HOSPITALAR LTDA;761;15/05/2017;;155839;15/05/2018;;SIM;NÃO;NÃO;SIM;NÃO;NÃO;NÃO;"CONTRATO DE COMODATO - ST1000 SET PO

";;;;;;;;
HU-UFSCAR;HU;UTIA;UTI ADULTO_INATIVO;B.T.141;COM01-45398M/00;45398M/00;BOMBA INFUSAO USO GERAL;EQUIPAMENTO;SAMTRONIC;ST-1000;RIBERCARE SOLUÇÃO HOSPITALAR LTDA;761;15/05/2017;;155839;15/05/2018;;SIM;NÃO;NÃO;SIM;NÃO;NÃO;NÃO;"CONTRATO DE COMODATO - ST1000 SET PO

";;;;;;;;
HU-UFSCAR;HU;UTIA;UTI ADULTO_INATIVO;B.T.141;COM01-45404M/00;45404M/00;BOMBA INFUSAO USO GERAL;EQUIPAMENTO;SAMTRONIC;ST-1000;RIBERCARE SOLUÇÃO HOSPITALAR LTDA;761;15/05/2017;;155839;15/05/2018;;SIM;NÃO;NÃO;SIM;NÃO;NÃO;NÃO;"CONTRATO DE COMODATO - ST1000 SET PO

";;;;;;;;
HU-UFSCAR;HU;UTIA;UTI ADULTO_INATIVO;B.T.141;COM01-45423M/00;45423M/00;BOMBA INFUSAO USO GERAL;EQUIPAMENTO;SAMTRONIC;ST-1000;RIBERCARE SOLUÇÃO HOSPITALAR LTDA;761;15/05/2017;;155839;15/05/2018;;SIM;NÃO;NÃO;SIM;NÃO;NÃO;NÃO;"CONTRATO DE COMODATO - ST1000 SET PO

";;;;;;;;
HU-UFSCAR;HU;UTIA;UTI ADULTO_INATIVO;B.T.141;COM01-45449M/00;45449M/00;BOMBA INFUSAO USO GERAL;EQUIPAMENTO;SAMTRONIC;ST-1000;RIBERCARE SOLUÇÃO HOSPITALAR LTDA;761;15/05/2017;;155839;15/05/2018;;SIM;NÃO;NÃO;SIM;NÃO;NÃO;NÃO;"CONTRATO DE COMODATO - ST1000 SET PO

";;;;;;;;
HU-UFSCAR;HU;UTIA;UTI ADULTO_INATIVO;B.T.141;COM01-45453M/00;45453M/00;BOMBA INFUSAO USO GERAL;EQUIPAMENTO;SAMTRONIC;ST-1000;RIBERCARE SOLUÇÃO HOSPITALAR LTDA;761;15/05/2017;;155839;15/05/2018;;SIM;NÃO;NÃO;SIM;NÃO;NÃO;NÃO;"CONTRATO DE COMODATO - ST1000 SET PO

";;;;;;;;
HU-UFSCAR;HU;UTIA;UTI ADULTO_INATIVO;B.T.141;COM01-45457M/00;45457M/00;BOMBA INFUSAO USO GERAL;EQUIPAMENTO;SAMTRONIC;ST-1000;RIBERCARE SOLUÇÃO HOSPITALAR LTDA;761;15/05/2017;;155839;15/05/2018;;SIM;NÃO;NÃO;SIM;NÃO;NÃO;NÃO;"CONTRATO DE COMODATO - ST1000 SET PO

";;;;;;;;
HU-UFSCAR;HU;UTIA;UTI ADULTO_INATIVO;B.T.141;COM01-45463M/00;45463M/00;BOMBA INFUSAO USO GERAL;EQUIPAMENTO;SAMTRONIC;ST-1000;RIBERCARE SOLUÇÃO HOSPITALAR LTDA;761;15/05/2017;;155839;15/05/2018;;SIM;NÃO;NÃO;SIM;NÃO;NÃO;NÃO;"CONTRATO DE COMODATO - ST1000 SET PO

";;;;;;;;
HU-UFSCAR;HU;UTIA;UTI ADULTO_INATIVO;B.T.141;COM01-45508M/00;45508M/00;BOMBA INFUSAO USO GERAL;EQUIPAMENTO;SAMTRONIC;ST-1000;RIBERCARE SOLUÇÃO HOSPITALAR LTDA;761;15/05/2017;;155839;15/05/2018;;SIM;SIM;SIM;NÃO;NÃO;NÃO;NÃO;"CONTRATO DE COMODATO - ST1000 SET PO

DEVOLUÇÃO COMODATO 17/06/2024";;;;;;;;
HU-UFSCAR;HU;UTIA;UTI ADULTO_INATIVO;B.T.141;COM01-45512M/00;45512M/00;BOMBA INFUSAO USO GERAL;EQUIPAMENTO;SAMTRONIC;ST-1000;RIBERCARE SOLUÇÃO HOSPITALAR LTDA;761;15/05/2017;;155839;15/05/2018;;SIM;NÃO;NÃO;SIM;NÃO;NÃO;NÃO;"CONTRATO DE COMODATO - ST1000 SET PO

DEVOLUÇÃO EM 29/02/2024";;;;;;;;
HU-UFSCAR;HU;UTIA;UTI ADULTO_INATIVO;B.T.141;COM01-45517M/00;45517M/00;BOMBA INFUSAO USO GERAL;EQUIPAMENTO;SAMTRONIC;ST-1000;RIBERCARE SOLUÇÃO HOSPITALAR LTDA;761;15/05/2017;;155839;15/05/2018;;SIM;NÃO;NÃO;SIM;NÃO;NÃO;NÃO;"CONTRATO DE COMODATO - ST1000 SET PO

";;;;;;;;
HU-UFSCAR;HU;UTIA;UTI ADULTO_INATIVO;B.T.141;COM01-45546M/00;45546M/00;BOMBA INFUSAO USO GERAL;EQUIPAMENTO;SAMTRONIC;ST-1000;RIBERCARE SOLUÇÃO HOSPITALAR LTDA;761;15/05/2017;;155839;15/05/2018;;SIM;NÃO;NÃO;SIM;NÃO;NÃO;NÃO;"CONTRATO DE COMODATO - ST1000 SET PO

";;;;;;;;
HU-UFSCAR;HU;UTIA;UTI ADULTO_INATIVO;B.T.141;COM01-45553M/00;45553M/00;BOMBA INFUSAO USO GERAL;EQUIPAMENTO;SAMTRONIC;ST-1000;RIBERCARE SOLUÇÃO HOSPITALAR LTDA;761;15/05/2017;;155839;15/05/2018;;NÃO;NÃO;NÃO;SIM;NÃO;NÃO;NÃO;"CONTRATO DE COMODATO - ST1000 SET PO

DEVOLUÇÃO - TÉRMINO DE CONTRATO";;;;;;;;
HU-UFSCAR;HU;UTIA;UTI ADULTO_INATIVO;B.T.141;COM01-45743M/00;45743M/00;BOMBA INFUSAO USO GERAL;EQUIPAMENTO;SAMTRONIC;ST-1000;RIBERCARE SOLUÇÃO HOSPITALAR LTDA;761;15/05/2017;;155839;15/05/2018;;SIM;NÃO;NÃO;SIM;NÃO;NÃO;NÃO;"CONTRATO DE COMODATO - ST1000 SET PO

DEVOLUÇÃO EM 29/02/2024";;;;;;;;
HU-UFSCAR;HU;UTIA;UTI ADULTO_INATIVO;B.T.141;COM01-45748M/00;45748M/00;BOMBA INFUSAO USO GERAL;EQUIPAMENTO;SAMTRONIC;ST-1000;RIBERCARE SOLUÇÃO HOSPITALAR LTDA;761;15/05/2017;;155839;15/05/2018;;SIM;NÃO;NÃO;SIM;NÃO;NÃO;NÃO;"CONTRATO DE COMODATO - ST1000 SET PO

";;;;;;;;
HU-UFSCAR;HU;UTIA;UTI ADULTO_INATIVO;B.T.141;COM01-45750M/00;45750M/00;BOMBA INFUSAO USO GERAL;EQUIPAMENTO;SAMTRONIC;ST-1000;RIBERCARE SOLUÇÃO HOSPITALAR LTDA;761;15/05/2017;;155839;15/05/2018;;SIM;NÃO;NÃO;SIM;NÃO;NÃO;NÃO;"CONTRATO DE COMODATO - ST1000 SET PO

";;;;;;;;
HU-UFSCAR;HU;UTIA;UTI ADULTO_INATIVO;B.T.141;COM01-45752M/00;45752M/00;BOMBA INFUSAO USO GERAL;EQUIPAMENTO;SAMTRONIC;ST-1000;RIBERCARE SOLUÇÃO HOSPITALAR LTDA;761;15/05/2017;;155839;15/05/2018;;SIM;NÃO;NÃO;SIM;NÃO;NÃO;NÃO;"CONTRATO DE COMODATO - ST1000 SET PO

";;;;;;;;
HU-UFSCAR;HU;UTIA;UTI ADULTO_INATIVO;B.T.141;COM01-45755M/00;45755M/00;BOMBA INFUSAO USO GERAL;EQUIPAMENTO;SAMTRONIC;ST-1000;RIBERCARE SOLUÇÃO HOSPITALAR LTDA;761;15/05/2017;;155839;15/05/2018;;SIM;NÃO;NÃO;SIM;NÃO;NÃO;NÃO;"CONTRATO DE COMODATO - ST1000 SET PO

";;;;;;;;
HU-UFSCAR;HU;UTIA;UTI ADULTO_INATIVO;B.T.141;COM01-45756M/00;45756M/00;BOMBA INFUSAO USO GERAL;EQUIPAMENTO;SAMTRONIC;ST-1000;RIBERCARE SOLUÇÃO HOSPITALAR LTDA;761;15/05/2017;;155839;15/05/2018;;SIM;NÃO;NÃO;SIM;NÃO;NÃO;NÃO;"CONTRATO DE COMODATO - ST1000 SET PO

";;;;;;;;
HU-UFSCAR;HU;UTIA;UTI ADULTO_INATIVO;B.T.141;COM01-45757M/00;45757M/00;BOMBA INFUSAO USO GERAL;EQUIPAMENTO;SAMTRONIC;ST-1000;RIBERCARE SOLUÇÃO HOSPITALAR LTDA;761;15/05/2017;;155839;15/05/2018;;SIM;NÃO;NÃO;SIM;NÃO;NÃO;NÃO;"CONTRATO DE COMODATO - ST1000 SET PO

";;;;;;;;
HU-UFSCAR;HU;UTIA;UTI ADULTO_INATIVO;B.T.141;COM01-51027R;51027R;BOMBA INFUSAO USO GERAL;EQUIPAMENTO;SAMTRONIC;ST-550-T-2;RIBERCARE SOLUÇÃO HOSPITALAR LTDA;550;17/01/2020;;-;17/01/2021;;SIM;NÃO;NÃO;SIM;NÃO;NÃO;NÃO;"NÃO HÁ DADOS SOBRE AQUISIÇÃO

";;;;;;;;
HU-UFSCAR;HU;UTIA;UTI ADULTO_INATIVO;B.T.141;COM01-51027R/04;51027R/04;BOMBA INFUSAO USO GERAL;EQUIPAMENTO;SAMTRONIC;ST-550-T-2;RIBERCARE SOLUÇÃO HOSPITALAR LTDA;550;17/01/2020;;-;17/01/2021;;SIM;NÃO;NÃO;SIM;NÃO;NÃO;NÃO;"NÃO HÁ DADOS SOBRE AQUISIÇÃO

";;;;;;;;
HU-UFSCAR;HU;UTIA;UTI ADULTO_INATIVO;B.T.141;COM01-65423M/00;65423M/00;BOMBA INFUSAO USO GERAL;EQUIPAMENTO;SAMTRONIC;ST-1000;RIBERCARE SOLUÇÃO HOSPITALAR LTDA;761;15/05/2017;;-;15/05/2018;;SIM;NÃO;NÃO;SIM;NÃO;NÃO;NÃO;NÃO HÁ DADOS SOBRE AQUISIÇÃO ;;;;;;;;
HU-UFSCAR;HU;UTIA;UTI ADULTO_INATIVO;B.T.141;COM01-65427M/00;65427M/00;BOMBA INFUSAO USO GERAL;EQUIPAMENTO;SAMTRONIC;ST-1000;RIBERCARE SOLUÇÃO HOSPITALAR LTDA;761;17/07/2019;;214032;17/07/2020;;SIM;NÃO;NÃO;SIM;NÃO;NÃO;NÃO;"CONTRATO DE COMODATO - ST1000 SET PO

";;;;;;;;
HU-UFSCAR;HU;UTIA;UTI ADULTO_INATIVO;B.T.141;COM01-65428M/00;65428M/00;BOMBA INFUSAO USO GERAL;EQUIPAMENTO;SAMTRONIC;ST-1000;RIBERCARE SOLUÇÃO HOSPITALAR LTDA;761;17/07/2019;;214032;17/07/2020;;SIM;NÃO;NÃO;SIM;NÃO;NÃO;NÃO;"CONTRATO DE COMODATO - ST1000 SET PO

";;;;;;;;
HU-UFSCAR;HU;UTIA;UTI ADULTO_INATIVO;B.T.141;COM01-65429M/00;65429M/00;BOMBA INFUSAO USO GERAL;EQUIPAMENTO;SAMTRONIC;ST-1000;RIBERCARE SOLUÇÃO HOSPITALAR LTDA;761;17/07/2019;;214032;17/07/2020;;SIM;NÃO;NÃO;SIM;NÃO;NÃO;NÃO;"CONTRATO DE COMODATO - ST1000 SET PO

";;;;;;;;
HU-UFSCAR;HU;UTIA;UTI ADULTO_INATIVO;B.T.141;COM01-65430M/00;65430M/00;BOMBA INFUSAO USO GERAL;EQUIPAMENTO;SAMTRONIC;ST-1000;RIBERCARE SOLUÇÃO HOSPITALAR LTDA;761;17/07/2019;;214032;17/07/2020;;SIM;NÃO;NÃO;SIM;NÃO;NÃO;NÃO;"CONTRATO DE COMODATO - ST1000 SET PO

DEVOLUÇÃO EM 29/02/2024";;;;;;;;
HU-UFSCAR;HU;UTIA;UTI ADULTO_INATIVO;B.T.141;COM01-65432M/00;65432M/00;BOMBA INFUSAO USO GERAL;EQUIPAMENTO;SAMTRONIC;ST-1000;RIBERCARE SOLUÇÃO HOSPITALAR LTDA;761;17/07/2019;;214032;17/07/2020;;SIM;NÃO;NÃO;SIM;NÃO;NÃO;NÃO;"CONTRATO DE COMODATO - ST1000 SET PO

";;;;;;;;
HU-UFSCAR;HU;UTIA;UTI ADULTO_INATIVO;B.T.141;COM01-65434M/00;65434M/00;BOMBA INFUSAO USO GERAL;EQUIPAMENTO;SAMTRONIC;ST-1000;RIBERCARE SOLUÇÃO HOSPITALAR LTDA;761;17/07/2019;;214032;17/07/2020;;SIM;NÃO;NÃO;SIM;NÃO;NÃO;NÃO;"CONTRATO DE COMODATO - ST1000 SET PO

";;;;;;;;
HU-UFSCAR;HU;UTIA;UTI ADULTO_INATIVO;B.T.141;COM01-65437M/00;65437M/00;BOMBA INFUSAO USO GERAL;EQUIPAMENTO;SAMTRONIC;ST-1000;RIBERCARE SOLUÇÃO HOSPITALAR LTDA;761;17/07/2019;;214032;17/07/2020;;SIM;NÃO;NÃO;SIM;NÃO;NÃO;NÃO;"CONTRATO DE COMODATO - ST1000 SET PO

";;;;;;;;
HU-UFSCAR;HU;UTIA;UTI ADULTO_INATIVO;B.T.232;COM01-09777R/08;09777R/08;BOMBA INFUSAO USO GERAL;EQUIPAMENTO;SAMTRONIC;ST-550-T-2;RIBERCARE SOLUÇÃO HOSPITALAR LTDA;550;17/01/2020;;228624;17/01/2021;;SIM;NÃO;NÃO;SIM;NÃO;NÃO;NÃO;"CONTRATO DE COMODATO - ST550T2 PLUS - DATA DE FABRICAÇÃO: 05/2019

";;;;;;;;
HU-UFSCAR;HU;UTIA;UTI ADULTO_INATIVO;UTI;COM01-43284;43284V/00;BOMBA INFUSAO USO GERAL;EQUIPAMENTO;SAMTRONIC;ICATU S-4.0;ZAFALON SOLUCOES HOSPITALARES LTDA;1290;27/11/2020;;255746;27/11/2021;;NÃO;NÃO;NÃO;SIM;NÃO;NÃO;NÃO;;;;;;;;;
HU-UFSCAR;HU;UTIA;UTI ADULTO_INATIVO;UTI;COM01-43296V/00;43296V/00;BOMBA INFUSAO USO GERAL;EQUIPAMENTO;SAMTRONIC;ICATU S-4.0;RIBERCARE SOLUÇÃO HOSPITALAR LTDA;1290;27/11/2020;;255746;27/11/2021;;NÃO;NÃO;NÃO;SIM;NÃO;NÃO;NÃO;"CONTRATO DE COMODATO 



ICATU S 3ED PORTUGUES

DEVOLUÇÃO EM 29/02/2024";;;;;;;;
HU-UFSCAR;HU;UTIA;UTI ADULTO_INATIVO;UTI;COM01-43311;43311V/00;BOMBA INFUSAO USO GERAL;EQUIPAMENTO;SAMTRONIC;ICATU S-4.0;ZAFALON SOLUCOES HOSPITALARES LTDA;1290;27/11/2020;;255746;27/11/2021;;NÃO;NÃO;NÃO;SIM;NÃO;NÃO;NÃO;;;;;;;;;
HU-UFSCAR;HU;UTIA;UTI ADULTO_INATIVO;UTI;COM01-58054;58054V/00;BOMBA INFUSAO USO GERAL;EQUIPAMENTO;SAMTRONIC;ICATU S-4.0;ZAFALON SOLUCOES HOSPITALARES LTDA;1290;27/11/2020;;255746;27/11/2021;;NÃO;NÃO;NÃO;SIM;NÃO;NÃO;NÃO;;;;;;;;;
HU-UFSCAR;HU;UTIA;UTI ADULTO_INATIVO;UTI;COM01-58126V/00;58126V/00;BOMBA INFUSAO USO GERAL;EQUIPAMENTO;SAMTRONIC;ICATU S-4.0;RIBERCARE SOLUÇÃO HOSPITALAR LTDA;1290;21/01/2021;;259726;21/01/2022;;NÃO;NÃO;NÃO;SIM;NÃO;NÃO;NÃO;"CONTRATO DE COMODATO - ICATU S 3ED PORTUGUES - DATA DE FABRICAÇÃO: 08/2020

";;;;;;;;
HU-UFSCAR;HU;UTIA;UTI ADULTO;UTI;COM01-69425V/01;69425V/01;BOMBA INFUSAO USO GERAL;EQUIPAMENTO;SAMTRONIC;ICATU-4.0-INTELLI PCA;RIBERCARE SOLUÇÃO HOSPITALAR LTDA;1290;21/01/2021;;259726;21/01/2022;;NÃO;NÃO;SIM;NÃO;SIM;NÃO;NÃO;"CONTRATO DE COMODATO - ICATU S 3ED PORTUGUES - DATA DE FABRICAÇÃO: 09/2020

";;;;;;;;
HU-UFSCAR;HU;UTIA;UTI ADULTO_INATIVO;UTI;COM01-69550V/01;69550V/01;BOMBA INFUSAO USO GERAL;EQUIPAMENTO;SAMTRONIC;ICATU-4.0-INTELLI PCA;RIBERCARE SOLUÇÃO HOSPITALAR LTDA;1290;27/11/2020;;255746;27/11/2021;;NÃO;NÃO;NÃO;SIM;NÃO;NÃO;NÃO;"CONTRATO DE COMODATO - ICATU S 3ED PORTUGUES - DATA DE FABRICAÇÃO: 07/2019

";;;;;;;;
HU-UFSCAR;HU;UTIA;UTI ADULTO;UTI ADULTO;;03508BC/00;BOMBA INFUSAO USO GERAL;EQUIPAMENTO;SAMTRONIC;ICATU S-4.0-ENTERAL;SAMTRONIC INDUSTRIA E COMERCIO LTDA;1988,68;13/11/2025;23763.001603/2023-05;349552;13/11/2025;;NÃO;NÃO;SIM;NÃO;SIM;NÃO;NÃO;;;;;;;;;
HU-UFSCAR;HU;UTIA;UTI ADULTO;UTI ADULTO;COM01-01627BC;01627BC/00;BOMBA INFUSAO USO GERAL;EQUIPAMENTO;SAMTRONIC;ICATU S-4.0-ENTERAL;SAMTRONIC INDUSTRIA E COMERCIO LTDA;1988,68;19/03/2024;23763.001603/2023-05;349552;19/03/2025;;NÃO;NÃO;SIM;NÃO;SIM;NÃO;NÃO;COMODATO;;;;;;;;
HU-UFSCAR;HU;UTIA;UTI ADULTO;UTI ADULTO;COM01-01682BC/UTIA0030;01682BC/00;BOMBA INFUSAO USO GERAL;EQUIPAMENTO;SAMTRONIC;ICATU S-4.0-ENTERAL;SAMTRONIC INDUSTRIA E COMERCIO LTDA;1988,68;19/03/2024;23763.001603/2023-05;349552;19/03/2025;;NÃO;NÃO;SIM;NÃO;SIM;NÃO;NÃO;COMODATO;;;;;;;;
HU-UFSCAR;HU;UTIA;UTI ADULTO;UTI ADULTO;COM01-01686BC;01686BC/00;BOMBA INFUSAO USO GERAL;EQUIPAMENTO;SAMTRONIC;ICATU S-4.0-ENTERAL;SAMTRONIC INDUSTRIA E COMERCIO LTDA;1988,68;19/03/2024;23763.001603/2023-05;349552;19/03/2025;;NÃO;NÃO;SIM;NÃO;SIM;NÃO;NÃO;COMODATO;;;;;;;;
HU-UFSCAR;HU;UTIA;UTI ADULTO;UTI ADULTO;COM01-01693BC;01693BC/00;BOMBA INFUSAO USO GERAL;EQUIPAMENTO;SAMTRONIC;ICATU S-4.0-ENTERAL;SAMTRONIC INDUSTRIA E COMERCIO LTDA;1988,68;19/03/2024;23763.001603/2023-05;349552;19/03/2025;;NÃO;NÃO;SIM;NÃO;SIM;NÃO;NÃO;COMODATO;;;;;;;;
HU-UFSCAR;HU;UTIA;UTI ADULTO;UTI ADULTO;COM01-01722BC;01722BC/00;BOMBA INFUSAO USO GERAL;EQUIPAMENTO;SAMTRONIC;ICATU S-4.0-ENTERAL;SAMTRONIC INDUSTRIA E COMERCIO LTDA;1988,68;19/03/2024;23763.001603/2023-05;349552;19/03/2025;;NÃO;NÃO;SIM;NÃO;SIM;NÃO;NÃO;COMODATO;;;;;;;;
HU-UFSCAR;HU;UTIA;UTI ADULTO;UTI ADULTO;COM01-01724BC/;01724BC/00;BOMBA INFUSAO USO GERAL;EQUIPAMENTO;SAMTRONIC;ICATU S-4.0-ENTERAL;SAMTRONIC INDUSTRIA E COMERCIO LTDA;1988,68;19/03/2024;23763.001603/2023-05;349552;19/03/2025;;NÃO;NÃO;SIM;NÃO;SIM;NÃO;NÃO;COMODATO;;;;;;;;
HU-UFSCAR;HU;UTIA;UTI ADULTO;UTI ADULTO;COM01-01725BC;01725BC;BOMBA INFUSAO USO GERAL;EQUIPAMENTO;SAMTRONIC;ICATU S-4.0-ENTERAL;SAMTRONIC INDUSTRIA E COMERCIO LTDA;1988,68;19/03/2024;23763.001603/2023-05;349552;19/03/2025;;NÃO;NÃO;SIM;NÃO;SIM;NÃO;NÃO;COMODATO;;;;;;;;
HU-UFSCAR;HU;UTIA;UTI ADULTO;UTI ADULTO;COM01-01730BC;01730BC/00;BOMBA INFUSAO USO GERAL;EQUIPAMENTO;SAMTRONIC;ICATU S-4.0-ENTERAL;SAMTRONIC INDUSTRIA E COMERCIO LTDA;1988,68;19/03/2024;23763.001603/2023-05;349552;19/03/2025;;NÃO;NÃO;SIM;NÃO;SIM;NÃO;NÃO;COMODATO;;;;;;;;
HU-UFSCAR;HU;UTIA;UTI ADULTO;UTI ADULTO;COM01-01748BC;01748BC/00;BOMBA INFUSAO USO GERAL;EQUIPAMENTO;SAMTRONIC;ICATU S-4.0-ENTERAL;SAMTRONIC INDUSTRIA E COMERCIO LTDA;1988,68;19/03/2024;23763.001603/2023-05;349552;19/03/2025;;NÃO;NÃO;SIM;NÃO;SIM;NÃO;NÃO;COMODATO;;;;;;;;
HU-UFSCAR;HU;UTIA;UTI ADULTO;UTI ADULTO;COM01-03447BC/00;03447BC/00;BOMBA INFUSAO USO GERAL;EQUIPAMENTO;SAMTRONIC;ICATU S-4.0-ENTERAL;SAMTRONIC INDUSTRIA E COMERCIO LTDA;1630,71;21/05/2025;;000373226;21/05/2026;;NÃO;NÃO;SIM;NÃO;NÃO;NÃO;NÃO;;;;;;;;;
HU-UFSCAR;HU;UTIA;UTI ADULTO;UTI ADULTO;COM01-03458BC;03458BC/00;BOMBA INFUSAO USO GERAL;EQUIPAMENTO;SAMTRONIC;ICATU S-4.0-ENTERAL;SAMTRONIC INDUSTRIA E COMERCIO LTDA;1630,71;21/05/2025;;000373226;21/05/2026;;NÃO;NÃO;SIM;NÃO;NÃO;NÃO;NÃO;;;;;;;;;
HU-UFSCAR;HU;UTIA;UTI ADULTO;UTI ADULTO;COM01-43264;43264V/00;BOMBA INFUSAO USO GERAL;EQUIPAMENTO;SAMTRONIC;ICATU S-4.0;SAMTRONIC INDUSTRIA E COMERCIO LTDA;1290;27/05/2021;;272287;27/05/2022;;NÃO;NÃO;SIM;NÃO;SIM;NÃO;NÃO;;;;;;;;;
HU-UFSCAR;HU;UTIA;UTI ADULTO_INATIVO;UTI ADULTO;COM01-43405V/00;43405V/00;BOMBA INFUSAO USO GERAL;EQUIPAMENTO;SAMTRONIC;ICATU S-4.0;RIBERCARE SOLUÇÃO HOSPITALAR LTDA;1290;27/11/2020;;255746;27/11/2021;;NÃO;NÃO;NÃO;SIM;NÃO;NÃO;NÃO;"CONTRATO DE COMODATO - ICATU S 3ED PORTUGUES - DATA DE FABRICAÇÃO: 07/2019

";;;;;;;;
HU-UFSCAR;HU;UTIA;UTI ADULTO;UTI ADULTO;COM01-57942;57942V/00;BOMBA INFUSAO USO GERAL;EQUIPAMENTO;SAMTRONIC;ICATU S-4.0;SAMTRONIC INDUSTRIA E COMERCIO LTDA;1290;27/05/2021;;00;27/05/2022;;NÃO;NÃO;SIM;NÃO;SIM;NÃO;NÃO;;;;;;;;;
HU-UFSCAR;HU;UTIA;UTI ADULTO;UTI ADULTO;COM01-57977;57977V/00;BOMBA INFUSAO USO GERAL;EQUIPAMENTO;SAMTRONIC;ICATU S-4.0;SAMTRONIC INDUSTRIA E COMERCIO LTDA;1290;27/11/2020;;255746;27/11/2021;;NÃO;NÃO;SIM;NÃO;SIM;NÃO;NÃO;COMODATO;;;;;;;;
HU-UFSCAR;HU;UTIA;UTI ADULTO;UTI ADULTO;COM01-58051;58051V/00;BOMBA INFUSAO USO GERAL;EQUIPAMENTO;SAMTRONIC;ICATU S-4.0;SAMTRONIC INDUSTRIA E COMERCIO LTDA;1290;27/05/2021;;272287;27/05/2022;;NÃO;NÃO;SIM;NÃO;SIM;NÃO;NÃO;;;;;;;;;
HU-UFSCAR;HU;UTIA;UTI ADULTO;UTI ADULTO;COM01-58106;58106V/00;BOMBA INFUSAO USO GERAL;EQUIPAMENTO;SAMTRONIC;ICATU S-4.0;SAMTRONIC INDUSTRIA E COMERCIO LTDA;1290;27/05/2021;;272287;27/05/2022;;NÃO;NÃO;SIM;NÃO;SIM;NÃO;NÃO;;;;;;;;;
HU-UFSCAR;HU;UTIA;UTI ADULTO;UTI ADULTO;COM01-58807;58807V/00;BOMBA INFUSAO USO GERAL;EQUIPAMENTO;SAMTRONIC;ICATU S-4.0;SAMTRONIC INDUSTRIA E COMERCIO LTDA;1290;27/05/2021;;272287;27/05/2022;;NÃO;NÃO;SIM;NÃO;SIM;NÃO;NÃO;;;;;;;;;
HU-UFSCAR;HU;UTIA;UTI ADULTO;UTI ADULTO;COM01-58974;58974V/00;BOMBA INFUSAO USO GERAL;EQUIPAMENTO;SAMTRONIC;ICATU S-4.0;SAMTRONIC INDUSTRIA E COMERCIO LTDA;1290;27/05/2021;;272287;27/05/2022;;NÃO;NÃO;SIM;NÃO;SIM;NÃO;NÃO;;;;;;;;;
HU-UFSCAR;HU;UTIA;UTI ADULTO;UTI ADULTO;COM01-61631V/01;61631V/01;BOMBA INFUSAO USO GERAL;EQUIPAMENTO;SAMTRONIC;ICATU S-4.0;SAMTRONIC INDUSTRIA E COMERCIO LTDA;1957,35;20/09/2024;;000363103;20/09/2025;;NÃO;NÃO;SIM;NÃO;SIM;NÃO;NÃO;;;;;;;;;
HU-UFSCAR;HU;UTIA;UTI ADULTO;UTI ADULTO;COM01-61774;61774V/01;BOMBA INFUSAO USO GERAL;EQUIPAMENTO;SAMTRONIC;ICATU S-4.0;SAMTRONIC INDUSTRIA E COMERCIO LTDA;1957,35;20/09/2024;;000363103;20/09/2025;;NÃO;NÃO;SIM;NÃO;SIM;NÃO;NÃO;;;;;;;;;
HU-UFSCAR;HU;UTIA;UTI ADULTO;UTI ADULTO;COM01-65278V/01;65278V/01;BOMBA INFUSAO USO GERAL;EQUIPAMENTO;SAMTRONIC;ICATU-4.0-INTELLI PCA;RIBERCARE SOLUÇÃO HOSPITALAR LTDA;1290;21/01/2021;;259726;21/01/2022;;NÃO;NÃO;SIM;NÃO;SIM;NÃO;NÃO;"CONTRATO DE COMODATO 



ICATU S 3ED PORTUGUES

";;;;;;;;
HU-UFSCAR;HU;UTIA;UTI ADULTO;UTI ADULTO;COM01-65285/UTIA0004;65285V/01;BOMBA INFUSAO USO GERAL;EQUIPAMENTO;SAMTRONIC;ICATU S-4.0;SAMTRONIC INDUSTRIA E COMERCIO LTDA;1290;27/05/2021;;272287;27/05/2022;;NÃO;NÃO;SIM;NÃO;SIM;NÃO;NÃO;;;;;;;;;
HU-UFSCAR;HU;UTIA;UTI ADULTO;UTI ADULTO;COM01-65310V;65310V/01;BOMBA INFUSAO USO GERAL;EQUIPAMENTO;SAMTRONIC;ICATU S-4.0;SAMTRONIC INDUSTRIA E COMERCIO LTDA;1290;27/05/2021;;000272287;27/05/2022;;NÃO;NÃO;SIM;NÃO;SIM;NÃO;NÃO;COMODATO;;;;;;;;
HU-UFSCAR;HU;UTIA;UTI ADULTO;UTI ADULTO;COM01-65314;65314V/01;BOMBA INFUSAO USO GERAL;EQUIPAMENTO;SAMTRONIC;ICATU S-4.0;SAMTRONIC INDUSTRIA E COMERCIO LTDA;1290;27/05/2021;;272287;27/05/2022;;NÃO;NÃO;SIM;NÃO;SIM;NÃO;NÃO;;;;;;;;;
HU-UFSCAR;HU;UTIA;UTI ADULTO;UTI ADULTO;COM01-65322V;65322V/01;BOMBA INFUSAO USO GERAL;EQUIPAMENTO;SAMTRONIC;ICATU S-4.0;SAMTRONIC INDUSTRIA E COMERCIO LTDA;1290;27/11/2020;;00;27/11/2021;;NÃO;NÃO;SIM;NÃO;SIM;NÃO;NÃO;COMODATO;;;;;;;;
HU-UFSCAR;HU;UTIA;UTI ADULTO;UTI ADULTO;COM01-65332/PA0002;65332V/01;BOMBA INFUSAO USO GERAL;EQUIPAMENTO;SAMTRONIC;ICATU S-4.0;SAMTRONIC INDUSTRIA E COMERCIO LTDA;1290;27/11/2020;;255746;27/11/2021;;NÃO;NÃO;SIM;NÃO;SIM;NÃO;NÃO;COMODATO;;;;;;;;
HU-UFSCAR;HU;UTIA;UTI ADULTO;UTI ADULTO;COM01-65337;65337V/01;BOMBA INFUSAO USO GERAL;EQUIPAMENTO;SAMTRONIC;ICATU S-4.0;SAMTRONIC INDUSTRIA E COMERCIO LTDA;1290;27/05/2021;;272287;27/05/2022;;NÃO;NÃO;SIM;NÃO;SIM;NÃO;NÃO;;;;;;;;;
HU-UFSCAR;HU;UTIA;UTI ADULTO;UTI ADULTO;COM01-65368V;65368V/01;BOMBA INFUSAO USO GERAL;EQUIPAMENTO;SAMTRONIC;ICATU S-4.0;SAMTRONIC INDUSTRIA E COMERCIO LTDA;1290;28/11/2022;;00;28/11/2023;;NÃO;NÃO;SIM;NÃO;SIM;NÃO;NÃO;COMODATO;;;;;;;;
HU-UFSCAR;HU;UTIA;UTI ADULTO;UTI ADULTO;COM01-71038/UTIA0022;71038V/01;BOMBA INFUSAO USO GERAL;EQUIPAMENTO;SAMTRONIC;ICATU S-4.0;SAMTRONIC INDUSTRIA E COMERCIO LTDA;1290;27/11/2020;;255746;27/11/2021;;NÃO;NÃO;SIM;NÃO;SIM;NÃO;SIM;;;;;;;;;
HU-UFSCAR;HU;UTIA;UTI ADULTO;UTI ADULTO;COM01-79511V/01;79511V/01;BOMBA INFUSAO USO GERAL;EQUIPAMENTO;SAMTRONIC;ICATU S-4.0-INTELLI WIFI;SAMTRONIC INDUSTRIA E COMERCIO LTDA;1957,35;21/05/2025;;000373226;21/05/2026;;NÃO;NÃO;SIM;NÃO;NÃO;NÃO;NÃO;;;;;;;;;
HU-UFSCAR;HU;UTIA;UTI ADULTO;UTI ADUTO;COM01-01727BC;01727BC/00;BOMBA INFUSAO USO GERAL;EQUIPAMENTO;SAMTRONIC;ICATU S-4.0-ENTERAL;SAMTRONIC INDUSTRIA E COMERCIO LTDA;1988,68;19/03/2024;23763.001603/2023-05;349552;19/03/2025;;NÃO;NÃO;SIM;NÃO;SIM;NÃO;NÃO;COMODATO;;;;;;;;
HU-UFSCAR;HU;UTIPED;UTI PEDIÁTRICA;;COM01-43329V/00/UTIP0027;43329V/00;BOMBA INFUSAO USO GERAL;EQUIPAMENTO;SAMTRONIC;ICATU S-4.0;RIBERCARE SOLUÇÃO HOSPITALAR LTDA;1290;27/11/2020;;255746;27/11/2021;;NÃO;NÃO;SIM;NÃO;SIM;NÃO;NÃO;"CONTRATO DE COMODATO 



ICATU S 3ED PORTUGUES

";;;;;;;;
HU-UFSCAR;HU;UTIPED;UTI PEDIÁTRICA;;COM01-69552/UTIP0034;69552V/01;BOMBA INFUSAO USO GERAL;EQUIPAMENTO;SAMTRONIC;ICATU S-4.0;SAMTRONIC INDUSTRIA E COMERCIO LTDA;1290;27/11/2020;;255746;27/11/2021;;NÃO;NÃO;SIM;NÃO;SIM;NÃO;NÃO;;;;;;;;;
HU-UFSCAR;HU;UTIPED;UTI PEDIÁTRICA;;COM01-69683;69683V/00;BOMBA INFUSAO USO GERAL;EQUIPAMENTO;SAMTRONIC;ICATU S-4.0;ZAFALON SOLUCOES HOSPITALARES LTDA;1290;27/11/2020;;255746;27/11/2021;;NÃO;NÃO;NÃO;SIM;SIM;NÃO;NÃO;;;;;;;;;
HU-UFSCAR;HU;UTIPED;UTI PEDIÁTRICA;SALA DISTRIBUIÇÃO STEC;COM01-69732/01;69732/01;BOMBA INFUSAO USO GERAL;EQUIPAMENTO;SAMTRONIC;ICATU-4.0-INTELLI PCA;SAMTRONIC INDUSTRIA E COMERCIO LTDA;0;01/07/2021;;;01/07/2022;;NÃO;NÃO;SIM;NÃO;SIM;NÃO;SIM;;;;;;;;;
HU-UFSCAR;HU;UTIPED;UTI PEDIÁTRICA;UTI PED;COM01-42450V/00;42450V/00;BOMBA INFUSAO USO GERAL;EQUIPAMENTO;SAMTRONIC;ICATU S-4.0;RIBERCARE SOLUÇÃO HOSPITALAR LTDA;1290;27/11/2020;;255746;27/11/2021;;NÃO;NÃO;SIM;NÃO;SIM;NÃO;NÃO;"CONTRATO DE COMODATO - ICATU S 3ED PORTUGUES - DATA DE FABRICAÇÃO: 07/2019

";;;;;;;;
HU-UFSCAR;HU;UTIPED;UTI PEDIÁTRICA;UTI PED;COM01-58009;58009V/00;BOMBA INFUSAO USO GERAL;EQUIPAMENTO;SAMTRONIC;ICATU S-4.0;ZAFALON SOLUCOES HOSPITALARES LTDA;1290;27/11/2020;;255746;27/11/2021;;NÃO;NÃO;SIM;NÃO;SIM;NÃO;SIM;;;;;;;;;
HU-UFSCAR;HU;UTIPED;UTI PEDIÁTRICA;UTI PED;COM01-65326V/01/UTIA0035;65326V/01;BOMBA INFUSAO USO GERAL;EQUIPAMENTO;SAMTRONIC;ICATU S-4.0;RIBERCARE SOLUÇÃO HOSPITALAR LTDA;1290;27/05/2021;;272287;27/05/2022;;NÃO;NÃO;SIM;NÃO;SIM;NÃO;NÃO;"CONTRATO DE COMODATO - ICATU S INTEL

";;;;;;;;
HU-UFSCAR;HU;UTIPED;UTI PEDIÁTRICA;UTI PED;COM01-69557;69557V/00;BOMBA INFUSAO USO GERAL;EQUIPAMENTO;SAMTRONIC;ICATU S-4.0;ZAFALON SOLUCOES HOSPITALARES LTDA;1290;27/11/2020;;255746;27/11/2021;;NÃO;NÃO;SIM;NÃO;SIM;NÃO;SIM;;;;;;;;;
HU-UFSCAR;HU;UTIPED;UTI PEDIÁTRICA;UTI PED;COM01-69675/UTIA0024;69675V/01;BOMBA INFUSAO USO GERAL;EQUIPAMENTO;SAMTRONIC;ICATU S-4.0;SAMTRONIC INDUSTRIA E COMERCIO LTDA;1290;27/11/2020;;255746;27/11/2021;;NÃO;NÃO;SIM;NÃO;SIM;NÃO;NÃO;COMODATO;;;;;;;;
HU-UFSCAR;HU;UTIPED;UTI PEDIÁTRICA;UTI PED;COM01-69681/UTIP0006;69681V/01;BOMBA INFUSAO USO GERAL;EQUIPAMENTO;SAMTRONIC;ICATU S-4.0;ZAFALON SOLUCOES HOSPITALARES LTDA;1290;27/11/2020;;255746;27/11/2021;;NÃO;NÃO;SIM;NÃO;SIM;NÃO;SIM;;;;;;;;;
HU-UFSCAR;HU;UTIPED;UTI PEDIÁTRICA;UTI PED;COM01-69741;69741V/01;BOMBA INFUSAO USO GERAL;EQUIPAMENTO;SAMTRONIC;ICATU S-4.0;ZAFALON SOLUCOES HOSPITALARES LTDA;1290;27/11/2020;;255746;27/11/2021;;NÃO;NÃO;SIM;NÃO;SIM;NÃO;SIM;;;;;;;;;
HU-UFSCAR;HU;UTIPED;UTI PEDIÁTRICA;UTI PED;COM01-69742V;69742V/01;BOMBA INFUSAO USO GERAL;EQUIPAMENTO;SAMTRONIC;ICATU S-4.0;SAMTRONIC INDUSTRIA E COMERCIO LTDA;1290;27/05/2021;;272287;27/05/2022;;NÃO;NÃO;SIM;NÃO;SIM;NÃO;NÃO;;;;;;;;;
HU-UFSCAR;HU;UTIPED;UTI PEDIÁTRICA;UTI PED;COM01-69747;69747V/01;BOMBA INFUSAO USO GERAL;EQUIPAMENTO;SAMTRONIC;ICATU S-4.0;ZAFALON SOLUCOES HOSPITALARES LTDA;1290;27/11/2020;;255746;27/11/2021;;NÃO;NÃO;SIM;NÃO;SIM;NÃO;SIM;;;;;;;;;
HU-UFSCAR;HU;UTIPED;UTI PEDIÁTRICA;UTI PED;COM01-69768;69768V/01;BOMBA INFUSAO USO GERAL;EQUIPAMENTO;SAMTRONIC;ICATU S-4.0;ZAFALON SOLUCOES HOSPITALARES LTDA;1290;27/11/2020;;255746;27/11/2021;;NÃO;NÃO;SIM;NÃO;SIM;NÃO;SIM;;;;;;;;;
HU-UFSCAR;HU;UTIPED;UTI PEDIÁTRICA;UTI PED;COM01-74710V/01;74710V/01;BOMBA INFUSAO USO GERAL;EQUIPAMENTO;SAMTRONIC;ICATU S-4.0;SAMTRONIC INDUSTRIA E COMERCIO LTDA;1957,35;20/09/2024;;000363103;20/09/2025;;NÃO;NÃO;SIM;NÃO;SIM;NÃO;NÃO;;;;;;;;;
HU-UFSCAR;HU;UTIPED;UTI PEDIÁTRICA;UTI PEDIÁTRICA;COM01-01635BC;01635BC/00;BOMBA INFUSAO USO GERAL;EQUIPAMENTO;SAMTRONIC;ICATU S-4.0-ENTERAL;SAMTRONIC INDUSTRIA E COMERCIO LTDA;1988,68;19/03/2024;23763.001603/2023-05;349552;19/03/2025;;NÃO;NÃO;SIM;NÃO;SIM;NÃO;NÃO;COMODATO;;;;;;;;
HU-UFSCAR;HU;UTIPED;UTI PEDIÁTRICA;UTI PEDIÁTRICA;COM01-01639BC;01639BC/00;BOMBA INFUSAO USO GERAL;EQUIPAMENTO;SAMTRONIC;ICATU S-4.0-ENTERAL;SAMTRONIC INDUSTRIA E COMERCIO LTDA;1988,68;19/03/2024;23763.001603/2023-05;349552;19/03/2025;;NÃO;NÃO;SIM;NÃO;SIM;NÃO;NÃO;COMODATO;;;;;;;;
HU-UFSCAR;HU;STEC;SETOR DE ENGENHARIA CLÍNICA;SALA DISTRIBUIÇÃO;10022747;SP01251015002;BRONCOSCOPIO;EQUIPAMENTO;ARGUS;OIF BC-66-P;MANANCIAL MEDICAL LTDA;67000;27/03/2026;23763.001832/2026-64;6457;27/03/2028;;NÃO;NÃO;SIM;NÃO;NÃO;NÃO;SIM;NOTA DE EMPENHO 2025NE001942 - MANANCIAL (56813724);;;;;;;;
HU-UFSCAR;HU;STEC;SETOR DE ENGENHARIA CLÍNICA;SALA DISTRIBUIÇÃO;10022748;SP01251015003;BRONCOSCOPIO;EQUIPAMENTO;ARGUS;OIF BC-66-P;MANANCIAL MEDICAL LTDA;67000;27/03/2026;23763.001832/2026-64;6457;27/03/2028;;NÃO;NÃO;SIM;NÃO;NÃO;NÃO;SIM;NOTA DE EMPENHO 2025NE001942 - MANANCIAL (56813724);;;;;;;;
HU-UFSCAR;HU;LAC;LABORATÓRIO DE ANÁLISES CLÍNICAS;LABORATÓRIO;10018250/500303/LAB0003;2020-153460;CABINE SEGURANCA BIOLOGICA CL II A-2;EQUIPAMENTO;ESCO;AB-2 4-S-3; LOBOV CIENTIFICA, IMPORTACAO, EXPORTACAO, COMERCIO DE EQUIPAMENTOS PARA LABORATORIOS LTDA;70000;04/05/2020;;24790;22/09/2021;;NÃO;NÃO;SIM;NÃO;NÃO;SIM;SIM;;;;;;;;;
HU-UFSCAR;HU;STEC;SETOR DE ENGENHARIA CLÍNICA;ESTOQUE DE PEÇAS STEC;22622193/LOT859968;611001037;CABO INTERFACE SENSOR/TERMINAL;ACESSÓRIO;NIHON KOHDEN;JT-950-P;NIHON KOHDEN RASIL IMP EXP E COM DE EQUIP MED LTDA;1382,033;26/11/2024;;31022;26/11/2025;;NÃO;NÃO;SIM;NÃO;NÃO;NÃO;SIM;" NOTA DE EMPENHO 2024NE000910 - NIHON KOHDEN (42222602) 

";;;;;;;;
HU-UFSCAR;HU;STEC;SETOR DE ENGENHARIA CLÍNICA;ESTOQUE DE PEÇAS STEC;22622194/LOT859968;609044118;CABO INTERFACE SENSOR/TERMINAL;ACESSÓRIO;NIHON KOHDEN;JT-950-P;NIHON KOHDEN RASIL IMP EXP E COM DE EQUIP MED LTDA;1382,033;26/11/2024;;31022;26/11/2025;;NÃO;NÃO;SIM;NÃO;NÃO;NÃO;SIM;" NOTA DE EMPENHO 2024NE000910 - NIHON KOHDEN (42222602) 

";;;;;;;;
HU-UFSCAR;HU;STEC;SETOR DE ENGENHARIA CLÍNICA;ESTOQUE DE PEÇAS STEC;22622195/LOT928548;701027119;CABO INTERFACE SENSOR/TERMINAL;ACESSÓRIO;NIHON KOHDEN;JT-950-P;NIHON KOHDEN RASIL IMP EXP E COM DE EQUIP MED LTDA;1382,033;26/11/2024;;31022;26/11/2025;;NÃO;NÃO;SIM;NÃO;NÃO;NÃO;SIM;" NOTA DE EMPENHO 2024NE000910 - NIHON KOHDEN (42222602) 

";;;;;;;;
HU-UFSCAR;HU;STEC;SETOR DE ENGENHARIA CLÍNICA;ESTOQUE DE PEÇAS STEC;22622196/LOT928548;701027228;CABO INTERFACE SENSOR/TERMINAL;ACESSÓRIO;NIHON KOHDEN;JT-950-P;NIHON KOHDEN RASIL IMP EXP E COM DE EQUIP MED LTDA;1382,033;26/11/2024;;31022;26/11/2025;;NÃO;NÃO;SIM;NÃO;NÃO;NÃO;SIM;" NOTA DE EMPENHO 2024NE000910 - NIHON KOHDEN (42222602) 

";;;;;;;;
HU-UFSCAR;HU;STEC;SETOR DE ENGENHARIA CLÍNICA;ESTOQUE DE PEÇAS STEC;22622197/LOT859410;611001047;CABO INTERFACE SENSOR/TERMINAL;ACESSÓRIO;NIHON KOHDEN;JT-950-P;NIHON KOHDEN RASIL IMP EXP E COM DE EQUIP MED LTDA;1382,033;26/11/2024;;31017;26/11/2025;;NÃO;NÃO;SIM;NÃO;NÃO;NÃO;SIM;" NOTA DE EMPENHO 2024NE000894 - NIHON KOHDEN (42222620) 

";;;;;;;;
HU-UFSCAR;HU;STEC;SETOR DE ENGENHARIA CLÍNICA;ESTOQUE DE PEÇAS STEC;22622198/LOT859410;611001053;CABO INTERFACE SENSOR/TERMINAL;ACESSÓRIO;NIHON KOHDEN;JT-950-P;NIHON KOHDEN RASIL IMP EXP E COM DE EQUIP MED LTDA;1382,033;26/11/2024;;31017;26/11/2025;;NÃO;NÃO;SIM;NÃO;NÃO;NÃO;SIM;" NOTA DE EMPENHO 2024NE000894 - NIHON KOHDEN (42222620) 

";;;;;;;;
HU-UFSCAR;HU;STEC;SETOR DE ENGENHARIA CLÍNICA;ESTOQUE DE PEÇAS STEC;22622199/LOT732365;506058051;CABO INTERFACE SENSOR/TERMINAL;ACESSÓRIO;NIHON KOHDEN;JT-950-P;NIHON KOHDEN RASIL IMP EXP E COM DE EQUIP MED LTDA;1382,033;26/11/2024;;31017;26/11/2025;;NÃO;NÃO;SIM;NÃO;NÃO;NÃO;SIM;" NOTA DE EMPENHO 2024NE000894 - NIHON KOHDEN (42222620) 

";;;;;;;;
HU-UFSCAR;HU;STEC;SETOR DE ENGENHARIA CLÍNICA;ESTOQUE DE PEÇAS STEC;22622200/LOT928548;701027245;CABO INTERFACE SENSOR/TERMINAL;ACESSÓRIO;NIHON KOHDEN;JT-950-P;NIHON KOHDEN RASIL IMP EXP E COM DE EQUIP MED LTDA;1382,03;26/11/2024;;31023;26/11/2025;;NÃO;NÃO;SIM;NÃO;NÃO;NÃO;SIM;" NOTA DE EMPENHO 2024NE000914 - NIHON KOHDEN (42222597) 

";;;;;;;;
HU-UFSCAR;HU;STEC;SETOR DE ENGENHARIA CLÍNICA;ESTOQUE DE PEÇAS STEC;22622201/LOT859410;611001040;CABO INTERFACE SENSOR/TERMINAL;ACESSÓRIO;NIHON KOHDEN;JT-950-P;NIHON KOHDEN RASIL IMP EXP E COM DE EQUIP MED LTDA;1382,03;26/11/2024;;31021;26/11/2025;;NÃO;NÃO;SIM;NÃO;NÃO;NÃO;SIM;" NOTA DE EMPENHO 2024NE000913 - NIHON KOHDEN (42222599) 

";;;;;;;;
HU-UFSCAR;HU;UDIDE-MG-ERGO;ERGOMETRIA;SALA DE ERGOMETRIA;501453B;182400712;CABO-TERMINAL ECG;ACESSÓRIO;TEB;AC-178;TECNOCLIN;0;20/02/2019;;25560;20/02/2020;;NÃO;NÃO;SIM;NÃO;NÃO;NÃO;SIM;;;;;;;;;
HU-UFSCAR;HU;UDIDE-MG-ERGO;ERGOMETRIA;SALA ERGOMETRIA;501453A;181006505;CABO-TERMINAL ECG;ACESSÓRIO;TEB;AC-178;TECNOCLIN;0;20/02/2019;;25560;20/02/2020;;NÃO;NÃO;SIM;NÃO;NÃO;NÃO;SIM;;;;;;;;;
HU-UFSCAR;HU;AMB;AMBULATÓRIO DE ESPECIALIDADES MÉDICAS;CONSULTÓRIO OFTALMOLÓGICO;499967/10018598;;CADEIRA EXAME-TRATAMENTO;EQUIPAMENTO;APRAMED;ELEGANCE-1;W M JR - COMERCIO DE EQUIPAMENTOS MEDICOS LTDA;5250;03/02/2020;;323;03/02/2021;;NÃO;NÃO;SIM;NÃO;NÃO;NÃO;SIM;;;;;;;;;
HU-UFSCAR;HU;CC;CENTRO CIRÚRGICO;CONSULTÓRIO CENTRO CIRÚRGICO;499493/0010018597;18521CEX;CADEIRA EXAME-TRATAMENTO;EQUIPAMENTO;GIGANTE;CE-9000-X;GIGANTE RECEM NASCIDO LTDA EPP;6372;14/01/2019;;5771;24/01/2020;;NÃO;NÃO;SIM;NÃO;NÃO;NÃO;SIM;;;;;;;;;
HU-UFSCAR;HU;UCRIT-RETAGUARDA;LEITOS DE RETAGUARDA;LEITOS RETAGUARDA;10022194;241329CEX;CADEIRA EXAME-TRATAMENTO;EQUIPAMENTO;GIGANTE;CE-9000-X;G.P VEZONO LTDA;13400;28/02/2025;23763.004576/2024-03;2380;28/02/2027;;NÃO;NÃO;SIM;NÃO;NÃO;NÃO;SIM;" ANEXO 2024NE001632 - G.P. VEZONO LTDA (45655903) 



ATA DE REGISTRO DE PREÇOS - SEI 311 (45378900)";;;;;;;;
HU-UFSCAR;HU;GEP;GERÊNCIA DE ENSINO E PESQUISA - INATIVO;SALA 154 - CONFORTO;498215;20120047488;CAMA ELETRICA;EQUIPAMENTO;LINET;ELEGANZA SMART;LINET DO BRASIL LTDA;8340;01/01/2012;;000;01/01/2013;;NÃO;NÃO;SIM;NÃO;NÃO;NÃO;SIM;;;;;;;;;
HU-UFSCAR;HU;GEP;GERÊNCIA DE ENSINO E PESQUISA - INATIVO;SALA 154 - CONFORTO;498736;20120048219;CAMA ELETRICA;EQUIPAMENTO;LINET;ELEGANZA SMART;LINET DO BRASIL LTDA;8340;01/01/2012;;000;01/01/2013;;NÃO;NÃO;SIM;NÃO;NÃO;NÃO;SIM;;;;;;;;;
HU-UFSCAR;HU;PAA;PA ADULTO;PA ADULTO;498738/ENG.CLINICA0013;20120048527;CAMA ELETRICA;EQUIPAMENTO;LINET;ELEGANZA SMART;LINET DO BRASIL LTDA;8340;01/01/2012;;000;01/01/2013;;NÃO;NÃO;SIM;NÃO;NÃO;NÃO;SIM;;;;;;;;;
HU-UFSCAR;HU;PAA;PA ADULTO;PA ADULTO;EBS021;20120055034;CAMA ELETRICA;EQUIPAMENTO;LINET;ELEGANZA SMART;LINET DO BRASIL LTDA;8340;01/01/2012;;000;01/01/2013;;NÃO;NÃO;SIM;NÃO;NÃO;NÃO;SIM;;;;;;;;;
HU-UFSCAR;HU;PAA;PA ADULTO;PA ADULTO;EBS029;20120048188;CAMA ELETRICA;EQUIPAMENTO;LINET;ELEGANZA SMART;LINET DO BRASIL LTDA;8340;01/01/2012;;000;01/01/2013;;NÃO;NÃO;SIM;NÃO;NÃO;NÃO;SIM;;;;;;;;;
HU-UFSCAR;HU;PAI;PA INFANTIL;;0010020929/UCM0017;011957100020500102;CAMA ELETRICA;EQUIPAMENTO;STRYKER;7500-SV-2;STRYKER DO BRASIL LTDA;15300;24/04/2023;23763.001839/2022-52;151.511;24/04/2026;;NÃO;NÃO;SIM;NÃO;NÃO;NÃO;SIM;;;;;;;;;
HU-UFSCAR;HU;PAI;PA INFANTIL;;497676;20120048076;CAMA ELETRICA;EQUIPAMENTO;LINET;ELEGANZA SMART;LINET DO BRASIL LTDA;8340;01/01/2012;;000;01/01/2013;;NÃO;NÃO;SIM;NÃO;NÃO;NÃO;SIM;;;;;;;;;
HU-UFSCAR;HU;PAI;PA INFANTIL;EMERGÊNCIA PEDIÁTRICA;UCA0039;20120048033;CAMA ELETRICA;EQUIPAMENTO;LINET;ELEGANZA SMART;LINET DO BRASIL LTDA;8340;01/12/2012;;00;01/12/2013;;NÃO;NÃO;SIM;NÃO;NÃO;NÃO;SIM;NÃO HÁ DADOS SOBRE AQUISIÇÃO.;;;;;;;;
HU-UFSCAR;HU;STEC;SETOR DE ENGENHARIA CLÍNICA;3 ANDAR;156309/ENG.CLINICA0011;20120048253;CAMA ELETRICA;EQUIPAMENTO;LINET;ELEGANZA SMART;LINET DO BRASIL LTDA;8340;01/01/2012;;000;01/01/2013;;NÃO;NÃO;SIM;NÃO;NÃO;NÃO;SIM;;;;;;;;;
HU-UFSCAR;HU;STEC;SETOR DE ENGENHARIA CLÍNICA;3 ANDAR;156339/ENG.CLINICA0010;20120044173;CAMA ELETRICA;EQUIPAMENTO;LINET;ELEGANZA SMART;LINET DO BRASIL LTDA;8340;01/01/2012;;00;01/01/2013;;NÃO;NÃO;SIM;NÃO;NÃO;NÃO;SIM;;;;;;;;;
HU-UFSCAR;HU;STEC;SETOR DE ENGENHARIA CLÍNICA;3 ANDAR;498213/ENG.CLINICA0014;20120044123;CAMA ELETRICA;EQUIPAMENTO;LINET;ELEGANZA SMART;LINET DO BRASIL LTDA;8340;01/01/2012;;000;01/01/2013;;NÃO;NÃO;SIM;NÃO;NÃO;NÃO;SIM;;;;;;;;;
HU-UFSCAR;HU;STEC;SETOR DE ENGENHARIA CLÍNICA;3 ANDAR;498341/ENG.CLINICA0001;20120047467;CAMA ELETRICA;EQUIPAMENTO;LINET;ELEGANZA SMART;LINET DO BRASIL LTDA;8340;01/01/2012;;000;01/01/2013;;NÃO;NÃO;SIM;NÃO;NÃO;NÃO;SIM;;;;;;;;;
HU-UFSCAR;HU;STEC;SETOR DE ENGENHARIA CLÍNICA;3 ANDAR;498427/ENG.CLINICA0003;20120048149;CAMA ELETRICA;EQUIPAMENTO;LINET;ELEGANZA SMART;LINET DO BRASIL LTDA;8340;01/01/2012;;000;01/01/2013;;NÃO;NÃO;SIM;NÃO;NÃO;NÃO;SIM;;;;;;;;;
HU-UFSCAR;HU;STEC;SETOR DE ENGENHARIA CLÍNICA;3 ANDAR;498734/156334/ENG.CLINICA0012;20120034471;CAMA ELETRICA;EQUIPAMENTO;LINET;ELEGANZA SMART;LINET DO BRASIL LTDA;8340;01/01/2012;;000;01/01/2013;;NÃO;NÃO;SIM;NÃO;NÃO;NÃO;SIM;;;;;;;;;
HU-UFSCAR;HU;STEC;SETOR DE ENGENHARIA CLÍNICA;3 ANDAR;498735/ENG.CLINICA0016;20120048254;CAMA ELETRICA;EQUIPAMENTO;LINET;ELEGANZA SMART;LINET DO BRASIL LTDA;8340;01/01/2012;;000;01/01/2013;;NÃO;NÃO;SIM;NÃO;NÃO;NÃO;SIM;;;;;;;;;
HU-UFSCAR;HU;STEC;SETOR DE ENGENHARIA CLÍNICA;3 ANDAR;498739/ENG.CLINICA0015;20120048526;CAMA ELETRICA;EQUIPAMENTO;LINET;ELEGANZA SMART;LINET DO BRASIL LTDA;8340;01/01/2012;;000;01/01/2013;;NÃO;NÃO;SIM;NÃO;NÃO;NÃO;SIM;;;;;;;;;
HU-UFSCAR;HU;STEC;SETOR DE ENGENHARIA CLÍNICA;3 ANDAR;ENG.CLINICA0005;20120048031;CAMA ELETRICA;EQUIPAMENTO;LINET;ELEGANZA SMART;LINET DO BRASIL LTDA;8340;01/01/2012;;00;01/01/2013;;NÃO;NÃO;SIM;NÃO;NÃO;NÃO;SIM;"NÃO HÁ INFORMAÇÕES SOBRE AQUISIÇÃO;";;;;;;;;
HU-UFSCAR;HU;STEC;SETOR DE ENGENHARIA CLÍNICA;PA ADULTO;;20250294860;CAMA ELETRICA;EQUIPAMENTO;LINET;ELEGANZA-1;LINET DO BRASIL LTDA;18814,58;11/02/2026;23763.001059/2026-36;8309;11/02/2029;;NÃO;NÃO;SIM;NÃO;NÃO;NÃO;SIM;NOTA FISCAL 8309 (57999706);;;;;;;;
HU-UFSCAR;HU;STEC;SETOR DE ENGENHARIA CLÍNICA;PA ADULTO;;20250296458;CAMA ELETRICA;EQUIPAMENTO;LINET;ELEGANZA-1;LINET DO BRASIL LTDA;18814,58;11/02/2026;23763.001059/2026-36;8309;11/02/2029;;NÃO;NÃO;SIM;NÃO;NÃO;NÃO;SIM;NOTA FISCAL 8309 (57999706);;;;;;;;
HU-UFSCAR;HU;STEC;SETOR DE ENGENHARIA CLÍNICA;PA ADULTO;;20250296461;CAMA ELETRICA;EQUIPAMENTO;LINET;ELEGANZA-1;LINET DO BRASIL LTDA;18814,58;11/02/2026;23763.001059/2026-36;8309;11/02/2029;;NÃO;NÃO;SIM;NÃO;NÃO;NÃO;SIM;NOTA FISCAL 8309 (57999706);;;;;;;;
HU-UFSCAR;HU;STEC;SETOR DE ENGENHARIA CLÍNICA;PA ADULTO;;20250296464;CAMA ELETRICA;EQUIPAMENTO;LINET;ELEGANZA-1;LINET DO BRASIL LTDA;18814,58;11/02/2026;23763.001059/2026-36;8309;11/02/2029;;NÃO;NÃO;SIM;NÃO;NÃO;NÃO;SIM;NOTA FISCAL 8309 (57999706);;;;;;;;
HU-UFSCAR;HU;STEC;SETOR DE ENGENHARIA CLÍNICA;PA ADULTO;;20250296502;CAMA ELETRICA;EQUIPAMENTO;LINET;ELEGANZA-1;LINET DO BRASIL LTDA;18814,58;11/02/2026;23763.001059/2026-36;8309;11/02/2029;;NÃO;NÃO;SIM;NÃO;NÃO;NÃO;SIM;NOTA FISCAL 8309 (57999706);;;;;;;;
HU-UFSCAR;HU;UCAI;UNIDADE DA CRIANÇA E ADOLESCENTE - INTERNAÇÃO;;EBS030;20120048148;CAMA ELETRICA;EQUIPAMENTO;LINET;ELEGANZA SMART;LINET DO BRASIL LTDA;8340;01/01/2012;;000;01/01/2013;;NÃO;NÃO;SIM;NÃO;NÃO;NÃO;SIM;;;;;;;;;
HU-UFSCAR;HU;UCAI;UNIDADE DA CRIANÇA E ADOLESCENTE - INTERNAÇÃO;PEDIATRIA;156327/ENG.CLINICA0002;20120048032;CAMA ELETRICA;EQUIPAMENTO;LINET;ELEGANZA SMART;LINET DO BRASIL LTDA;8340;01/01/2012;;00;01/01/2013;;NÃO;NÃO;SIM;NÃO;NÃO;NÃO;SIM;;;;;;;;;
HU-UFSCAR;HU;UCAI;UNIDADE DA CRIANÇA E ADOLESCENTE - INTERNAÇÃO;PEDIATRIA;498155/UCA0028;20120044126;CAMA ELETRICA;EQUIPAMENTO;LINET;ELEGANZA SMART;LINET DO BRASIL LTDA;8340;01/01/2012;;000;01/01/2013;;NÃO;NÃO;SIM;NÃO;NÃO;NÃO;SIM;;;;;;;;;
HU-UFSCAR;HU;UCAI;UNIDADE DA CRIANÇA E ADOLESCENTE - INTERNAÇÃO;PEDIATRIA;498159/UCA0023;20120044127;CAMA ELETRICA;EQUIPAMENTO;LINET;ELEGANZA SMART;LINET DO BRASIL LTDA;8340;01/01/2012;;000;01/01/2013;;NÃO;NÃO;SIM;NÃO;NÃO;NÃO;SIM;;;;;;;;;
HU-UFSCAR;HU;UCAI;UNIDADE DA CRIANÇA E ADOLESCENTE - INTERNAÇÃO;PEDIATRIA;498211/UCA0021;20120048187;CAMA ELETRICA;EQUIPAMENTO;LINET;ELEGANZA SMART;LINET DO BRASIL LTDA;8340;01/01/2012;;000;01/01/2013;;NÃO;NÃO;SIM;NÃO;NÃO;NÃO;SIM;;;;;;;;;
HU-UFSCAR;HU;UCAI;UNIDADE DA CRIANÇA E ADOLESCENTE - INTERNAÇÃO;PEDIATRIA;498313/UCA0014;20120039102;CAMA ELETRICA;EQUIPAMENTO;LINET;ELEGANZA SMART;LINET DO BRASIL LTDA;8340;01/01/2012;;000;01/01/2013;;NÃO;NÃO;SIM;NÃO;NÃO;NÃO;SIM;;;;;;;;;
HU-UFSCAR;HU;UCAI;UNIDADE DA CRIANÇA E ADOLESCENTE - INTERNAÇÃO;PEDIATRIA;498437/UCA0038;20120054976;CAMA ELETRICA;EQUIPAMENTO;LINET;ELEGANZA SMART;LINET DO BRASIL LTDA;8340;01/01/2012;;000;01/01/2013;;NÃO;NÃO;SIM;NÃO;NÃO;NÃO;SIM;;;;;;;;;
HU-UFSCAR;HU;UCAI;UNIDADE DA CRIANÇA E ADOLESCENTE - INTERNAÇÃO;PEDIATRIA;498447/UCA0024;20120048434;CAMA ELETRICA;EQUIPAMENTO;LINET;ELEGANZA SMART;LINET DO BRASIL LTDA;8340;01/01/2012;;000;01/01/2013;;NÃO;NÃO;SIM;NÃO;NÃO;NÃO;SIM;;;;;;;;;
HU-UFSCAR;HU;UCAI;UNIDADE DA CRIANÇA E ADOLESCENTE - INTERNAÇÃO;PEDIATRIA;498449/UCA0031;20120048075;CAMA ELETRICA;EQUIPAMENTO;LINET;ELEGANZA SMART;LINET DO BRASIL LTDA;8340;01/01/2012;;000;01/01/2013;;NÃO;NÃO;SIM;NÃO;NÃO;NÃO;SIM;;;;;;;;;
HU-UFSCAR;HU;UCAI;UNIDADE DA CRIANÇA E ADOLESCENTE - INTERNAÇÃO;PEDIATRIA;498702/UCA0033;20120047466;CAMA ELETRICA;EQUIPAMENTO;LINET;ELEGANZA SMART;LINET DO BRASIL LTDA;8340;01/01/2012;;000;01/01/2013;;NÃO;NÃO;SIM;NÃO;NÃO;NÃO;SIM;;;;;;;;;
HU-UFSCAR;HU;UCAI;UNIDADE DA CRIANÇA E ADOLESCENTE - INTERNAÇÃO;PEDIATRIA;498737/UCA0026;20120034470;CAMA ELETRICA;EQUIPAMENTO;LINET;ELEGANZA SMART;LINET DO BRASIL LTDA;8340;01/01/2012;;000;01/01/2013;;NÃO;NÃO;SIM;NÃO;NÃO;NÃO;SIM;;;;;;;;;
HU-UFSCAR;HU;UCAI;UNIDADE DA CRIANÇA E ADOLESCENTE - INTERNAÇÃO;PEDIATRIA;EBS025/UCA0013;20120048488;CAMA ELETRICA;EQUIPAMENTO;LINET;ELEGANZA SMART;LINET DO BRASIL LTDA;8340;01/01/2012;;000;01/01/2013;;NÃO;NÃO;SIM;NÃO;NÃO;NÃO;SIM;;;;;;;;;
HU-UFSCAR;HU;UCAI;UNIDADE DA CRIANÇA E ADOLESCENTE - INTERNAÇÃO;PEDIATRIA;EBS026;20120048435;CAMA ELETRICA;EQUIPAMENTO;LINET;ELEGANZA SMART;LINET DO BRASIL LTDA;8340;01/01/2012;;000;01/01/2013;;NÃO;NÃO;SIM;NÃO;NÃO;NÃO;SIM;;;;;;;;;
HU-UFSCAR;HU;UCMC;CLÍNICA MÉDICA E CIRÚRGICA;;0010020941/UCM0001;011957100020500097;CAMA ELETRICA;EQUIPAMENTO;STRYKER;7500-SV-2;STRYKER DO BRASIL LTDA;15300;24/04/2023;23763.001839/2022-52;151.511;24/04/2026;;NÃO;NÃO;SIM;NÃO;NÃO;NÃO;SIM;;;;;;;;;
HU-UFSCAR;HU;UCMC;CLÍNICA MÉDICA E CIRÚRGICA;;498165;20130047443;CAMA ELETRICA;EQUIPAMENTO;LINET;ELEGANZA SMART;LINET DO BRASIL LTDA;8340;01/01/2012;;000;01/01/2013;;NÃO;NÃO;SIM;NÃO;NÃO;NÃO;SIM;;;;;;;;;
HU-UFSCAR;HU;UCMC;UNIDADE DE CLÍNICA MÉDICA E CLÍNICA CIRÚRGICA_INATIVO;;EBS003;20120043076;CAMA ELETRICA;EQUIPAMENTO;LINET;ELEGANZA SMART;LINET DO BRASIL LTDA;8340;01/01/2012;;000;01/01/2013;;NÃO;NÃO;SIM;NÃO;NÃO;NÃO;SIM;;;;;;;;;
HU-UFSCAR;HU;UCMC;UNIDADE DE CLÍNICA MÉDICA E CLÍNICA CIRÚRGICA_INATIVO;;EBS004;20120043007;CAMA ELETRICA;EQUIPAMENTO;LINET;ELEGANZA SMART;LINET DO BRASIL LTDA;8340;01/01/2012;;000;01/01/2013;;NÃO;NÃO;SIM;NÃO;NÃO;NÃO;SIM;;;;;;;;;
HU-UFSCAR;HU;UCMC;UNIDADE DE CLÍNICA MÉDICA E CLÍNICA CIRÚRGICA_INATIVO;;EBS008;20120038103;CAMA ELETRICA;EQUIPAMENTO;LINET;ELEGANZA SMART;LINET DO BRASIL LTDA;8340;01/01/2012;;000;01/01/2013;;NÃO;NÃO;SIM;NÃO;NÃO;NÃO;SIM;;;;;;;;;
HU-UFSCAR;HU;UCMC;UNIDADE DE CLÍNICA MÉDICA E CLÍNICA CIRÚRGICA_INATIVO;;EBS010;20120047489;CAMA ELETRICA;EQUIPAMENTO;LINET;ELEGANZA SMART;LINET DO BRASIL LTDA;8340;01/01/2012;;000;01/01/2013;;NÃO;NÃO;SIM;NÃO;NÃO;NÃO;SIM;;;;;;;;;
HU-UFSCAR;HU;UCMC;UNIDADE DE CLÍNICA MÉDICA E CLÍNICA CIRÚRGICA_INATIVO;;EBS012;20130048032;CAMA ELETRICA;EQUIPAMENTO;LINET;ELEGANZA SMART;LINET DO BRASIL LTDA;8340;01/01/2012;;000;01/01/2013;;NÃO;NÃO;SIM;NÃO;NÃO;NÃO;SIM;;;;;;;;;
HU-UFSCAR;HU;UCMC;UNIDADE DE CLÍNICA MÉDICA E CLÍNICA CIRÚRGICA_INATIVO;;EBS013;20130047477;CAMA ELETRICA;EQUIPAMENTO;LINET;ELEGANZA SMART;LINET DO BRASIL LTDA;8340;01/01/2012;;000;01/01/2013;;NÃO;NÃO;SIM;NÃO;NÃO;NÃO;SIM;;;;;;;;;
HU-UFSCAR;HU;UCMC;UNIDADE DE CLÍNICA MÉDICA E CLÍNICA CIRÚRGICA_INATIVO;;EBS014;20130047442;CAMA ELETRICA;EQUIPAMENTO;LINET;ELEGANZA SMART;LINET DO BRASIL LTDA;8340;01/01/2012;;000;01/01/2013;;NÃO;NÃO;SIM;NÃO;NÃO;NÃO;SIM;;;;;;;;;
HU-UFSCAR;HU;UCMC;UNIDADE DE CLÍNICA MÉDICA E CLÍNICA CIRÚRGICA_INATIVO;;EBS015;20130046185;CAMA ELETRICA;EQUIPAMENTO;LINET;ELEGANZA SMART;LINET DO BRASIL LTDA;8340;01/01/2012;;000;01/01/2013;;NÃO;NÃO;SIM;NÃO;NÃO;NÃO;SIM;;;;;;;;;
HU-UFSCAR;HU;UCMC;UNIDADE DE CLÍNICA MÉDICA E CLÍNICA CIRÚRGICA_INATIVO;;EBS016;20130044174;CAMA ELETRICA;EQUIPAMENTO;LINET;ELEGANZA SMART;LINET DO BRASIL LTDA;8340;01/01/2012;;000;01/01/2013;;NÃO;NÃO;SIM;NÃO;NÃO;NÃO;SIM;;;;;;;;;
HU-UFSCAR;HU;UCMC;UNIDADE DE CLÍNICA MÉDICA E CLÍNICA CIRÚRGICA_INATIVO;;EBS017;20130041582;CAMA ELETRICA;EQUIPAMENTO;LINET;ELEGANZA SMART;LINET DO BRASIL LTDA;8340;01/01/2012;;000;01/01/2013;;NÃO;NÃO;SIM;NÃO;NÃO;NÃO;SIM;;;;;;;;;
HU-UFSCAR;HU;UCMC;UNIDADE DE CLÍNICA MÉDICA E CLÍNICA CIRÚRGICA_INATIVO;;EBS018;20130010456;CAMA ELETRICA;EQUIPAMENTO;LINET;ELEGANZA SMART;LINET DO BRASIL LTDA;8340;01/01/2012;;000;01/01/2013;;NÃO;NÃO;SIM;NÃO;NÃO;NÃO;SIM;;;;;;;;;
HU-UFSCAR;HU;UCMC;UNIDADE DE CLÍNICA MÉDICA E CLÍNICA CIRÚRGICA_INATIVO;;EBS022;20120055031;CAMA ELETRICA;EQUIPAMENTO;LINET;ELEGANZA SMART;LINET DO BRASIL LTDA;8340;01/01/2012;;000;01/01/2013;;NÃO;NÃO;SIM;NÃO;NÃO;NÃO;SIM;;;;;;;;;
HU-UFSCAR;HU;UCMC;UNIDADE DE CLÍNICA MÉDICA E CLÍNICA CIRÚRGICA_INATIVO;;EBS023;20120055030;CAMA ELETRICA;EQUIPAMENTO;LINET;ELEGANZA SMART;LINET DO BRASIL LTDA;8340;01/01/2012;;000;01/01/2013;;NÃO;NÃO;SIM;NÃO;NÃO;NÃO;SIM;;;;;;;;;
HU-UFSCAR;HU;UCMC;UNIDADE DE CLÍNICA MÉDICA E CLÍNICA CIRÚRGICA_INATIVO;;EBS024;20120048489;CAMA ELETRICA;EQUIPAMENTO;LINET;ELEGANZA SMART;LINET DO BRASIL LTDA;8340;01/01/2012;;000;01/01/2013;;NÃO;NÃO;SIM;NÃO;NÃO;NÃO;SIM;;;;;;;;;
HU-UFSCAR;HU;UCMC;UNIDADE DE CLÍNICA MÉDICA E CLÍNICA CIRÚRGICA_INATIVO;;EBS031;20120048111;CAMA ELETRICA;EQUIPAMENTO;LINET;ELEGANZA SMART;LINET DO BRASIL LTDA;8340;01/01/2012;;000;01/01/2013;;NÃO;NÃO;SIM;NÃO;NÃO;NÃO;SIM;;;;;;;;;
HU-UFSCAR;HU;UCMC;CLÍNICA MÉDICA E CIRÚRGICA;BLOCO C - 3º ANDAR - LEITOS 301/302;10022607;20250296439;CAMA ELETRICA;EQUIPAMENTO;LINET;ELEGANZA-1;LINET DO BRASIL LTDA;18814,58;11/02/2026;23763.001058/2026-91;8308;11/02/2029;;NÃO;NÃO;SIM;NÃO;NÃO;NÃO;SIM;NOTA FISCAL 8308 (57998617);;;;;;;;
HU-UFSCAR;HU;UCMC;CLÍNICA MÉDICA E CIRÚRGICA;BLOCO C - 3º ANDAR - LEITOS 301/302;10022631;20250296507;CAMA ELETRICA;EQUIPAMENTO;LINET;ELEGANZA-1;LINET DO BRASIL LTDA;18814,58;11/02/2026;23763.001058/2026-91;8308;11/02/2029;;NÃO;NÃO;SIM;NÃO;NÃO;NÃO;SIM;NOTA FISCAL 8308 (57998617);;;;;;;;
HU-UFSCAR;HU;UCMC;CLÍNICA MÉDICA E CIRÚRGICA;BLOCO C - 3º ANDAR - LEITOS 303/304;10022600;20250294822;CAMA ELETRICA;EQUIPAMENTO;LINET;ELEGANZA-1;LINET DO BRASIL LTDA;18814,58;11/02/2026;23763.001058/2026-91;8308;11/02/2029;;NÃO;NÃO;SIM;NÃO;NÃO;NÃO;SIM;NOTA FISCAL 8308 (57998617);;;;;;;;
HU-UFSCAR;HU;UCMC;CLÍNICA MÉDICA E CIRÚRGICA;BLOCO C - 3º ANDAR - LEITOS 303/304;10022601;20250294823;CAMA ELETRICA;EQUIPAMENTO;LINET;ELEGANZA-1;LINET DO BRASIL LTDA;18814,58;11/02/2026;23763.001058/2026-91;8308;11/02/2029;;NÃO;NÃO;SIM;NÃO;NÃO;NÃO;SIM;NOTA FISCAL 8308 (57998617);;;;;;;;
HU-UFSCAR;HU;UCMC;CLÍNICA MÉDICA E CIRÚRGICA;BLOCO C - 3º ANDAR - LEITOS 305/306;10022622;20250296467;CAMA ELETRICA;EQUIPAMENTO;LINET;ELEGANZA-1;LINET DO BRASIL LTDA;18814,58;11/02/2026;23763.001058/2026-91;8308;11/02/2029;;NÃO;NÃO;SIM;NÃO;NÃO;NÃO;SIM;NOTA FISCAL 8308 (57998617);;;;;;;;
HU-UFSCAR;HU;UCMC;CLÍNICA MÉDICA E CIRÚRGICA;BLOCO C - 3º ANDAR - LEITOS 305/306;10022623;20250296468;CAMA ELETRICA;EQUIPAMENTO;LINET;ELEGANZA-1;LINET DO BRASIL LTDA;18814,58;11/02/2026;23763.001058/2026-91;8308;11/02/2029;;NÃO;NÃO;SIM;NÃO;NÃO;NÃO;SIM;NOTA FISCAL 8308 (57998617);;;;;;;;
HU-UFSCAR;HU;UCMC;CLÍNICA MÉDICA E CIRÚRGICA;BLOCO C - 3º ANDAR - LEITOS 307/308;10022624;20250296495;CAMA ELETRICA;EQUIPAMENTO;LINET;ELEGANZA-1;LINET DO BRASIL LTDA;18814,58;11/02/2026;23763.001058/2026-91;8308;11/02/2029;;NÃO;NÃO;SIM;NÃO;NÃO;NÃO;SIM;NOTA FISCAL 8308 (57998617);;;;;;;;
HU-UFSCAR;HU;UCMC;CLÍNICA MÉDICA E CIRÚRGICA;BLOCO C - 3º ANDAR - LEITOS 307/308;10022625;20250296496;CAMA ELETRICA;EQUIPAMENTO;LINET;ELEGANZA-1;LINET DO BRASIL LTDA;18814,58;11/02/2026;23763.001058/2026-91;8308;11/02/2029;;NÃO;NÃO;SIM;NÃO;NÃO;NÃO;SIM;NOTA FISCAL 8308 (57998617);;;;;;;;
HU-UFSCAR;HU;UCMC;CLÍNICA MÉDICA E CIRÚRGICA;BLOCO C - 3º ANDAR - LEITOS 309/310;10022603;20250296431;CAMA ELETRICA;EQUIPAMENTO;LINET;ELEGANZA-1;LINET DO BRASIL LTDA;18814,58;11/02/2026;23763.001058/2026-91;8308;11/02/2029;;NÃO;NÃO;SIM;NÃO;NÃO;NÃO;SIM;NOTA FISCAL 8308 (57998617);;;;;;;;
HU-UFSCAR;HU;UCMC;CLÍNICA MÉDICA E CIRÚRGICA;BLOCO C - 3º ANDAR - LEITOS 309/310;10022604;20250296432;CAMA ELETRICA;EQUIPAMENTO;LINET;ELEGANZA-1;LINET DO BRASIL LTDA;18814,58;11/02/2026;23763.001058/2026-91;8308;11/02/2029;;NÃO;NÃO;SIM;NÃO;NÃO;NÃO;SIM;NOTA FISCAL 8308 (57998617);;;;;;;;
HU-UFSCAR;HU;UCMC;CLÍNICA MÉDICA E CIRÚRGICA;BLOCO C - 3º ANDAR - LEITOS 311/312;10022605;20250296435;CAMA ELETRICA;EQUIPAMENTO;LINET;ELEGANZA-1;LINET DO BRASIL LTDA;18814,58;11/02/2026;23763.001058/2026-91;8308;11/02/2029;;NÃO;NÃO;SIM;NÃO;NÃO;NÃO;SIM;NOTA FISCAL 8308 (57998617);;;;;;;;
HU-UFSCAR;HU;UCMC;CLÍNICA MÉDICA E CIRÚRGICA;BLOCO C - 3º ANDAR - LEITOS 311/312;10022620;20250296462;CAMA ELETRICA;EQUIPAMENTO;LINET;ELEGANZA-1;LINET DO BRASIL LTDA;18814,58;11/02/2026;23763.001058/2026-91;8308;11/02/2029;;NÃO;NÃO;SIM;NÃO;NÃO;NÃO;SIM;NOTA FISCAL 8308 (57998617);;;;;;;;
HU-UFSCAR;HU;UCMC;CLÍNICA MÉDICA E CIRÚRGICA;BLOCO C - 3º ANDAR - LEITOS 313/314;10022606;20250296436;CAMA ELETRICA;EQUIPAMENTO;LINET;ELEGANZA-1;LINET DO BRASIL LTDA;18814,58;11/02/2026;23763.001058/2026-91;8308;11/02/2029;;NÃO;NÃO;SIM;NÃO;NÃO;NÃO;SIM;NOTA FISCAL 8308 (57998617);;;;;;;;
HU-UFSCAR;HU;UCMC;CLÍNICA MÉDICA E CIRÚRGICA;BLOCO C - 3º ANDAR - LEITOS 313/314;10022621;20250296463;CAMA ELETRICA;EQUIPAMENTO;LINET;ELEGANZA-1;LINET DO BRASIL LTDA;18814,58;11/02/2026;23763.001058/2026-91;8308;11/02/2029;;NÃO;NÃO;SIM;NÃO;NÃO;NÃO;SIM;NOTA FISCAL 8308 (57998617);;;;;;;;
HU-UFSCAR;HU;UCMC;CLÍNICA MÉDICA E CIRÚRGICA;BLOCO C - 3º ANDAR - LEITOS 315/316;10022598;20250294820;CAMA ELETRICA;EQUIPAMENTO;LINET;ELEGANZA-1;LINET DO BRASIL LTDA;18814,58;11/02/2026;23763.001058/2026-91;8308;11/02/2029;;NÃO;NÃO;SIM;NÃO;NÃO;NÃO;SIM;"NOTA FISCAL 8308 (57998617)

BLOCO C - 3º ANDAR - LEITOS 315/316";;;;;;;;
HU-UFSCAR;HU;UCMC;CLÍNICA MÉDICA E CIRÚRGICA;BLOCO C - 3º ANDAR - LEITOS 315/316;10022609;20250296445;CAMA ELETRICA;EQUIPAMENTO;LINET;ELEGANZA-1;LINET DO BRASIL LTDA;18814,58;11/02/2026;23763.001058/2026-91;8308;11/02/2029;;NÃO;NÃO;SIM;NÃO;NÃO;NÃO;SIM;NOTA FISCAL 8308 (57998617);;;;;;;;
HU-UFSCAR;HU;UCMC;CLÍNICA MÉDICA E CIRÚRGICA;BLOCO C - 3º ANDAR - LEITOS 317/318;10022599;20250294821;CAMA ELETRICA;EQUIPAMENTO;LINET;ELEGANZA-1;LINET DO BRASIL LTDA;18814,58;11/02/2026;23763.001058/2026-91;8308;11/02/2029;;NÃO;NÃO;SIM;NÃO;NÃO;NÃO;SIM;NOTA FISCAL 8308 (57998617);;;;;;;;
HU-UFSCAR;HU;UCMC;CLÍNICA MÉDICA E CIRÚRGICA;BLOCO C - 3º ANDAR - LEITOS 317/318;10022618;20250296454;CAMA ELETRICA;EQUIPAMENTO;LINET;ELEGANZA-1;LINET DO BRASIL LTDA;18814,58;11/02/2026;23763.001058/2026-91;8308;11/02/2029;;NÃO;NÃO;SIM;NÃO;NÃO;NÃO;SIM;NOTA FISCAL 8308 (57998617);;;;;;;;
HU-UFSCAR;HU;UCMC;CLÍNICA MÉDICA E CIRÚRGICA;BLOCO C - 3º ANDAR - LEITOS 319/320;10022602;20250294861;CAMA ELETRICA;EQUIPAMENTO;LINET;ELEGANZA-1;LINET DO BRASIL LTDA;18814,58;11/02/2026;23763.001058/2026-91;8308;11/02/2029;;NÃO;NÃO;SIM;NÃO;NÃO;NÃO;SIM;NOTA FISCAL 8308 (57998617);;;;;;;;
HU-UFSCAR;HU;UCMC;CLÍNICA MÉDICA E CIRÚRGICA;BLOCO C - 3º ANDAR - LEITOS 319/320;10022617;20250296453;CAMA ELETRICA;EQUIPAMENTO;LINET;ELEGANZA-1;LINET DO BRASIL LTDA;18814,58;11/02/2026;23763.001058/2026-91;8308;11/02/2029;;NÃO;NÃO;SIM;NÃO;NÃO;NÃO;SIM;NOTA FISCAL 8308 (57998617);;;;;;;;
HU-UFSCAR;HU;UCMC;CLÍNICA MÉDICA E CIRÚRGICA;BLOCO C - 3º ANDAR - LEITOS 321/322;10022629;20250296505;CAMA ELETRICA;EQUIPAMENTO;LINET;ELEGANZA-1;LINET DO BRASIL LTDA;18814,58;11/02/2026;23763.001058/2026-91;8308;11/02/2029;;NÃO;NÃO;SIM;NÃO;NÃO;NÃO;SIM;NOTA FISCAL 8308 (57998617);;;;;;;;
HU-UFSCAR;HU;UCMC;CLÍNICA MÉDICA E CIRÚRGICA;BLOCO C - 3º ANDAR - LEITOS 321/322;10022632;20250296508;CAMA ELETRICA;EQUIPAMENTO;LINET;ELEGANZA-1;LINET DO BRASIL LTDA;18814,58;11/02/2026;23763.001058/2026-91;8308;11/02/2029;;NÃO;NÃO;SIM;NÃO;NÃO;NÃO;SIM;NOTA FISCAL 8308 (57998617);;;;;;;;
HU-UFSCAR;HU;UCMC;CLÍNICA MÉDICA E CIRÚRGICA;BLOCO C - 3º ANDAR - LEITOS 323/324;10022610;20250296446;CAMA ELETRICA;EQUIPAMENTO;LINET;ELEGANZA-1;LINET DO BRASIL LTDA;18814,58;11/02/2026;23763.001058/2026-91;8308;11/02/2029;;NÃO;NÃO;SIM;NÃO;NÃO;NÃO;SIM;NOTA FISCAL 8308 (57998617);;;;;;;;
HU-UFSCAR;HU;UCMC;CLÍNICA MÉDICA E CIRÚRGICA;BLOCO C - 3º ANDAR - LEITOS 323/324;10022613;20250296449;CAMA ELETRICA;EQUIPAMENTO;LINET;ELEGANZA-1;LINET DO BRASIL LTDA;18814,58;11/02/2026;23763.001058/2026-91;8308;11/02/2029;;NÃO;NÃO;SIM;NÃO;NÃO;NÃO;SIM;NOTA FISCAL 8308 (57998617);;;;;;;;
HU-UFSCAR;HU;UCMC;CLÍNICA MÉDICA E CIRÚRGICA;BLOCO C - 3º ANDAR - LEITOS 325/326;10022616;20250296452;CAMA ELETRICA;EQUIPAMENTO;LINET;ELEGANZA-1;LINET DO BRASIL LTDA;18814,58;11/02/2026;23763.001058/2026-91;8308;11/02/2029;;NÃO;NÃO;SIM;NÃO;NÃO;NÃO;SIM;NOTA FISCAL 8308 (57998617);;;;;;;;
HU-UFSCAR;HU;UCMC;CLÍNICA MÉDICA E CIRÚRGICA;BLOCO C - 3º ANDAR - LEITOS 325/326;10022627;20250296498;CAMA ELETRICA;EQUIPAMENTO;LINET;ELEGANZA-1;LINET DO BRASIL LTDA;18814,58;11/02/2026;23763.001058/2026-91;8308;11/02/2029;;NÃO;NÃO;SIM;NÃO;NÃO;NÃO;SIM;NOTA FISCAL 8308 (57998617);;;;;;;;
HU-UFSCAR;HU;UCMC;CLÍNICA MÉDICA E CIRÚRGICA;BLOCO C - 3º ANDAR - LEITOS 327/328;10022612;20250296448;CAMA ELETRICA;EQUIPAMENTO;LINET;ELEGANZA-1;LINET DO BRASIL LTDA;18814,58;11/02/2026;23763.001058/2026-91;8308;11/02/2029;;NÃO;NÃO;SIM;NÃO;NÃO;NÃO;SIM;NOTA FISCAL 8308 (57998617);;;;;;;;
HU-UFSCAR;HU;UCMC;CLÍNICA MÉDICA E CIRÚRGICA;BLOCO C - 3º ANDAR - LEITOS 327/328;10022628;20250296501;CAMA ELETRICA;EQUIPAMENTO;LINET;ELEGANZA-1;LINET DO BRASIL LTDA;18814,58;11/02/2026;23763.001058/2026-91;8308;11/02/2029;;NÃO;NÃO;SIM;NÃO;NÃO;NÃO;SIM;NOTA FISCAL 8308 (57998617);;;;;;;;
HU-UFSCAR;HU;UCMC;CLÍNICA MÉDICA E CIRÚRGICA;BLOCO C - 3º ANDAR - LEITOS 329/330;10022608;20250296442;CAMA ELETRICA;EQUIPAMENTO;LINET;ELEGANZA-1;LINET DO BRASIL LTDA;18814,58;11/02/2026;23763.001058/2026-91;8308;11/02/2029;;NÃO;NÃO;SIM;NÃO;NÃO;NÃO;SIM;NOTA FISCAL 8308 (57998617);;;;;;;;
HU-UFSCAR;HU;UCMC;CLÍNICA MÉDICA E CIRÚRGICA;BLOCO C - 3º ANDAR - LEITOS 329/330;10022619;20250296457;CAMA ELETRICA;EQUIPAMENTO;LINET;ELEGANZA-1;LINET DO BRASIL LTDA;18814,58;11/02/2026;23763.001058/2026-91;8308;11/02/2029;;NÃO;NÃO;SIM;NÃO;NÃO;NÃO;SIM;NOTA FISCAL 8308 (57998617);;;;;;;;
HU-UFSCAR;HU;UCMC;CLÍNICA MÉDICA E CIRÚRGICA;BLOCO C - 3º ANDAR - LEITOS 331/332;10022611;20250296447;CAMA ELETRICA;EQUIPAMENTO;LINET;ELEGANZA-1;LINET DO BRASIL LTDA;18814,58;11/02/2026;23763.001058/2026-91;8308;11/02/2029;;NÃO;NÃO;SIM;NÃO;NÃO;NÃO;SIM;NOTA FISCAL 8308 (57998617);;;;;;;;
HU-UFSCAR;HU;UCMC;CLÍNICA MÉDICA E CIRÚRGICA;BLOCO C - 3º ANDAR - LEITOS 331/332;10022630;20250296506;CAMA ELETRICA;EQUIPAMENTO;LINET;ELEGANZA-1;LINET DO BRASIL LTDA;18814,58;11/02/2026;23763.001058/2026-91;8308;11/02/2029;;NÃO;NÃO;SIM;NÃO;NÃO;NÃO;SIM;NOTA FISCAL 8308 (57998617);;;;;;;;
HU-UFSCAR;HU;UCMC;CLÍNICA MÉDICA E CIRÚRGICA;CLINICA MÉDICA ;0010020926/UCM0012;011957100020500072;CAMA ELETRICA;EQUIPAMENTO;STRYKER;7500-SV-2;STRYKER DO BRASIL LTDA;15300;24/04/2023;23763.001839/2022-52;151.512;24/04/2026;;NÃO;NÃO;SIM;NÃO;NÃO;NÃO;SIM;;;;;;;;;
HU-UFSCAR;HU;UCMC;CLÍNICA MÉDICA E CIRÚRGICA;CLINICA MÉDICA ;156342/ENG.CLINICA0008;20120043077;CAMA ELETRICA;EQUIPAMENTO;LINET;ELEGANZA SMART;LINET DO BRASIL LTDA;8340;01/01/2012;;00;01/01/2013;;NÃO;NÃO;SIM;NÃO;NÃO;NÃO;SIM;;;;;;;;;
HU-UFSCAR;HU;UCMC;CLÍNICA MÉDICA E CIRÚRGICA;CLÍNICA MÉDICA;;01195710002050073;CAMA ELETRICA;EQUIPAMENTO;STRYKER;7500-SV-2;STRYKER DO BRASIL LTDA;15300;24/04/2023;23763.001839/2022-52;151512;24/04/2026;;NÃO;NÃO;SIM;NÃO;NÃO;NÃO;SIM;;;;;;;;;
HU-UFSCAR;HU;UCMC;CLÍNICA MÉDICA E CIRÚRGICA;CLÍNICA MÉDICA;;01197710002050019;CAMA ELETRICA;EQUIPAMENTO;STRYKER;7500-SV-2;STRYKER DO BRASIL LTDA;15300;24/04/2023;23763.001839/2022-52;151512;24/04/2026;;NÃO;NÃO;SIM;NÃO;NÃO;NÃO;SIM;;;;;;;;;
HU-UFSCAR;HU;UCMC;CLÍNICA MÉDICA E CIRÚRGICA;CLÍNICA MÉDICA;0010020932/UCM0019;011957100020500070;CAMA ELETRICA;EQUIPAMENTO;STRYKER;7500-SV-2;STRYKER DO BRASIL LTDA;15300;24/04/2023;23763.001839/2022-52;151.511;24/04/2026;;NÃO;NÃO;SIM;NÃO;NÃO;NÃO;SIM;;;;;;;;;
HU-UFSCAR;HU;UCMC;CLÍNICA MÉDICA E CIRÚRGICA;CLÍNICA MÉDICA;0010020933;011957100020500086;CAMA ELETRICA;EQUIPAMENTO;STRYKER;7500-SV-2;STRYKER DO BRASIL LTDA;15300;24/04/2023;23763.001839/2022-52;151.512;24/04/2026;;NÃO;NÃO;SIM;NÃO;NÃO;NÃO;SIM;;;;;;;;;
HU-UFSCAR;HU;UCMC;CLÍNICA MÉDICA E CIRÚRGICA;CLÍNICA MÉDICA;0010020943/UCM0028;011957100020500075;CAMA ELETRICA;EQUIPAMENTO;STRYKER;7500-SV-2;STRYKER DO BRASIL LTDA;15300;24/04/2023;23763.001839/2022-52;151.512;24/04/2026;;NÃO;NÃO;SIM;NÃO;NÃO;NÃO;SIM;;;;;;;;;
HU-UFSCAR;HU;UCMC;CLÍNICA MÉDICA E CIRÚRGICA;CLÍNICA MÉDICA;0010020945/UCM0042;011957100020500077;CAMA ELETRICA;EQUIPAMENTO;STRYKER;7500-SV-2;STRYKER DO BRASIL LTDA;15300;24/04/2023;23763.001839/2022-52;151.512;24/04/2026;;NÃO;NÃO;SIM;NÃO;NÃO;NÃO;SIM;;;;;;;;;
HU-UFSCAR;HU;UCMC;CLÍNICA MÉDICA E CIRÚRGICA;CLÍNICA MÉDICA;0010020946/UCM0025;011957100020500125;CAMA ELETRICA;EQUIPAMENTO;STRYKER;7500-SV-2;STRYKER DO BRASIL LTDA;15300;24/04/2023;23763.001839/2022-52;151.509;24/04/2026;;NÃO;NÃO;SIM;NÃO;NÃO;NÃO;SIM;;;;;;;;;
HU-UFSCAR;HU;UCMC;CLÍNICA MÉDICA E CIRÚRGICA;CLÍNICA MÉDICA;0010020947/UCM0023;011957100020500088;CAMA ELETRICA;EQUIPAMENTO;STRYKER;7500-SV-2;STRYKER DO BRASIL LTDA;15300;24/04/2023;23763.001839/2022-52;151.512;24/04/2026;;NÃO;NÃO;SIM;NÃO;NÃO;NÃO;SIM;;;;;;;;;
HU-UFSCAR;HU;UCMC;CLÍNICA MÉDICA E CIRÚRGICA;CLÍNICA MÉDICA;0010020948/UCM0044;011957100020500122;CAMA ELETRICA;EQUIPAMENTO;STRYKER;7500-SV-2;STRYKER DO BRASIL LTDA;15300;24/04/2023;23763.001839/2022-52;151.510;24/04/2026;;NÃO;NÃO;SIM;NÃO;NÃO;NÃO;SIM;;;;;;;;;
HU-UFSCAR;HU;UCMC;CLÍNICA MÉDICA E CIRÚRGICA;CLÍNICA MÉDICA;0010020950/UCM0041;011957100020500123;CAMA ELETRICA;EQUIPAMENTO;STRYKER;7500-SV-2;STRYKER DO BRASIL LTDA;15300;24/04/2023;23763.001839/2022-52;151.509;24/04/2026;;NÃO;NÃO;SIM;NÃO;NÃO;NÃO;SIM;;;;;;;;;
HU-UFSCAR;HU;UCMC;CLÍNICA MÉDICA E CIRÚRGICA;CLÍNICA MÉDICA;0010020951/UCM0046;011957100020500120;CAMA ELETRICA;EQUIPAMENTO;STRYKER;7500-SV-2;STRYKER DO BRASIL LTDA;15300;24/04/2023;23763.001839/2022-52;151.510;24/04/2026;;NÃO;NÃO;SIM;NÃO;NÃO;NÃO;SIM;;;;;;;;;
HU-UFSCAR;HU;UCMC;CLÍNICA MÉDICA E CIRÚRGICA;CLÍNICA MÉDICA;0010020952/UCM0011;011957100020500076;CAMA ELETRICA;EQUIPAMENTO;STRYKER;7500-SV-2;STRYKER DO BRASIL LTDA;15300;24/04/2023;23763.001839/2022-52;151.512;24/04/2026;;NÃO;NÃO;SIM;NÃO;NÃO;NÃO;SIM;;;;;;;;;
HU-UFSCAR;HU;UCMC;CLÍNICA MÉDICA E CIRÚRGICA;CLÍNICA MÉDICA;0010020954/UCM0037;011957100020500104;CAMA ELETRICA;EQUIPAMENTO;STRYKER;7500-SV-2;STRYKER DO BRASIL LTDA;15300;24/04/2023;23763.001839/2022-52;151.511;24/04/2026;;NÃO;NÃO;SIM;NÃO;NÃO;NÃO;SIM;;;;;;;;;
HU-UFSCAR;HU;UCMC;CLÍNICA MÉDICA E CIRÚRGICA;CLÍNICA MÉDICA;0010020955/UCM0034;011957100020500081;CAMA ELETRICA;EQUIPAMENTO;STRYKER;7500-SV-2;STRYKER DO BRASIL LTDA;15300;24/04/2023;23763.001839/2022-52;151.512;24/04/2026;;NÃO;NÃO;SIM;NÃO;NÃO;NÃO;SIM;;;;;;;;;
HU-UFSCAR;HU;UCMC;CLÍNICA MÉDICA E CIRÚRGICA;CLÍNICA MÉDICA;0010020956/UCM0040;011957100020500091;CAMA ELETRICA;EQUIPAMENTO;STRYKER;7500-SV-2;STRYKER DO BRASIL LTDA;15300;24/04/2023;23763.001839/2022-52;151.512;24/04/2026;;NÃO;NÃO;SIM;NÃO;NÃO;NÃO;SIM;;;;;;;;;
HU-UFSCAR;HU;UCMC;CLÍNICA MÉDICA E CIRÚRGICA;CLÍNICA MÉDICA;0010020959/UCM0020;011957100020500092;CAMA ELETRICA;EQUIPAMENTO;STRYKER;7500-SV-2;STRYKER DO BRASIL LTDA;15300;24/04/2023;23763.001839/2022-52;151.511;24/04/2026;;NÃO;NÃO;SIM;NÃO;NÃO;NÃO;SIM;;;;;;;;;
HU-UFSCAR;HU;UCMC;CLÍNICA MÉDICA E CIRÚRGICA;CLÍNICA MÉDICA;10020935/UCM0059;011957100020500119;CAMA ELETRICA;EQUIPAMENTO;STRYKER;7500-SV-2;STRYKER DO BRASIL LTDA;15300;24/04/2023;23763.001839/2022-52;151.510;24/04/2026;;NÃO;NÃO;SIM;NÃO;NÃO;NÃO;SIM;;;;;;;;;
HU-UFSCAR;HU;UCMC;CLÍNICA MÉDICA E CIRÚRGICA;CLÍNICA MÉDICA;10020936/UCM0038;011957100020500074;CAMA ELETRICA;EQUIPAMENTO;STRYKER;7500-SV-2;STRYKER DO BRASIL LTDA;15300;24/04/2023;23763.001839/2022-52;151.512;24/04/2026;;NÃO;NÃO;SIM;NÃO;NÃO;NÃO;SIM;;;;;;;;;
HU-UFSCAR;HU;UCMC;CLÍNICA MÉDICA E CIRÚRGICA;CLÍNICA MÉDICA;10020942/UCM0030;011957100020500069;CAMA ELETRICA;EQUIPAMENTO;STRYKER;7500-SV-2;STRYKER DO BRASIL LTDA;15300;24/04/2023;23763.001839/2022-52;151.512;24/04/2026;;NÃO;NÃO;SIM;NÃO;NÃO;NÃO;SIM;;;;;;;;;
HU-UFSCAR;HU;UCMC;CLÍNICA MÉDICA E CIRÚRGICA;CLÍNICA MÉDICA;10020944/UCM0036;011957100020500107;CAMA ELETRICA;EQUIPAMENTO;STRYKER;7500-SV-2;STRYKER DO BRASIL LTDA;15300;24/04/2023;23763.001839/2022-52;151.510;24/04/2026;;NÃO;NÃO;SIM;NÃO;NÃO;NÃO;SIM;;;;;;;;;
HU-UFSCAR;HU;UCMC;CLÍNICA MÉDICA E CIRÚRGICA;CLÍNICA MÉDICA;10020949/UCM0014;011957100020500098;CAMA ELETRICA;EQUIPAMENTO;STRYKER;7500-SV-2;STRYKER DO BRASIL LTDA;15300;24/04/2023;23763.001839/2022-52;151.511;24/04/2026;;NÃO;NÃO;SIM;NÃO;NÃO;NÃO;SIM;;;;;;;;;
HU-UFSCAR;HU;UCMC;CLÍNICA MÉDICA E CIRÚRGICA;CLÍNICA MÉDICA;497674/UCM0045;20120039103;CAMA ELETRICA;EQUIPAMENTO;LINET;ELEGANZA SMART;LINET DO BRASIL LTDA;8340;01/12/2007;;000;01/12/2008;;NÃO;NÃO;SIM;NÃO;NÃO;NÃO;SIM;;;;;;;;;
HU-UFSCAR;HU;UCMC;CLÍNICA MÉDICA E CIRÚRGICA;CLÍNICA MÉDICA;497720/UCM0024;20120048220;CAMA ELETRICA;EQUIPAMENTO;LINET;ELEGANZA SMART;LINET DO BRASIL LTDA;8340;01/01/2012;;000;01/01/2013;;NÃO;NÃO;SIM;NÃO;NÃO;NÃO;SIM;;;;;;;;;
HU-UFSCAR;HU;UCMC;CLÍNICA MÉDICA E CIRÚRGICA;CLÍNICA MÉDICA;497976;20130044173;CAMA ELETRICA;EQUIPAMENTO;LINET;ELEGANZA SMART;LINET DO BRASIL LTDA;8340;01/01/2012;;000;01/01/2013;;NÃO;NÃO;SIM;NÃO;NÃO;NÃO;SIM;;;;;;;;;
HU-UFSCAR;HU;UCMC;CLÍNICA MÉDICA E CIRÚRGICA;CLÍNICA MÉDICA;497981;20130048033;CAMA ELETRICA;EQUIPAMENTO;LINET;ELEGANZA SMART;LINET DO BRASIL LTDA;8340;01/01/2012;;000;01/01/2013;;NÃO;NÃO;SIM;NÃO;NÃO;NÃO;SIM;;;;;;;;;
HU-UFSCAR;HU;UCMC;CLÍNICA MÉDICA E CIRÚRGICA;CLÍNICA MÉDICA;EBS005/UCM0043;20120041589;CAMA ELETRICA;EQUIPAMENTO;LINET;ELEGANZA SMART;LINET DO BRASIL LTDA;8340;01/01/2012;;000;01/01/2013;;NÃO;NÃO;SIM;NÃO;NÃO;NÃO;SIM;;;;;;;;;
HU-UFSCAR;HU;UCMC;CLÍNICA MÉDICA E CIRÚRGICA;CLÍNICA MÉDICA;EBS009/UCM0061;20120048030;CAMA ELETRICA;EQUIPAMENTO;LINET;ELEGANZA SMART;LINET DO BRASIL LTDA;8340;01/01/2012;;000;01/01/2013;;NÃO;NÃO;SIM;NÃO;NÃO;NÃO;SIM;;;;;;;;;
HU-UFSCAR;HU;UCMC;CLÍNICA MÉDICA E CIRÚRGICA;ENGENHARIA CLÍNICA;0010020934/UCM0016;011957100020500099;CAMA ELETRICA;EQUIPAMENTO;STRYKER;7500-SV-2;STRYKER DO BRASIL LTDA;15300;24/04/2023;23763.001839/2022-52;151.511;24/04/2026;;NÃO;NÃO;SIM;NÃO;NÃO;NÃO;SIM;;;;;;;;;
HU-UFSCAR;HU;UCMC;CLÍNICA MÉDICA E CIRÚRGICA;ENGENHARIA CLÍNICA;0010020937/UCM0033;011957100020500117;CAMA ELETRICA;EQUIPAMENTO;STRYKER;7500-SV-2;STRYKER DO BRASIL LTDA;15300;24/04/2023;23763.001839/2022-52;151.510;24/04/2026;;NÃO;NÃO;SIM;NÃO;NÃO;NÃO;SIM;;;;;;;;;
HU-UFSCAR;HU;UCMC;CLÍNICA MÉDICA E CIRÚRGICA;ENGENHARIA CLÍNICA;0010020938/UCM0031;011957100020500105;CAMA ELETRICA;EQUIPAMENTO;STRYKER;7500-SV-2;STRYKER DO BRASIL LTDA;15300;24/04/2023;23763.001839/2022-52;151.511;24/04/2026;;NÃO;NÃO;SIM;NÃO;NÃO;NÃO;SIM;;;;;;;;;
HU-UFSCAR;HU;UCMC;CLÍNICA MÉDICA E CIRÚRGICA;ENGENHARIA CLÍNICA;0010020939/UCM0058;011957100020500078;CAMA ELETRICA;EQUIPAMENTO;STRYKER;7500-SV-2;STRYKER DO BRASIL LTDA;15300;24/04/2023;23763.001839/2022-52;151.512;24/04/2026;;NÃO;NÃO;SIM;NÃO;NÃO;NÃO;SIM;;;;;;;;;
HU-UFSCAR;HU;UCMC;CLÍNICA MÉDICA E CIRÚRGICA;ENGENHARIA CLÍNICA;0010020958;011957100020500124;CAMA ELETRICA;EQUIPAMENTO;STRYKER;7500-SV-2;STRYKER DO BRASIL LTDA;15300;24/04/2023;23763.001839/2022-52;151.509;24/04/2026;;NÃO;NÃO;SIM;NÃO;NÃO;NÃO;SIM;;;;;;;;;
HU-UFSCAR;HU;UCMC;CLÍNICA MÉDICA E CIRÚRGICA;ENGENHARIA CLÍNICA;10020957;01195710020500073;CAMA ELETRICA;EQUIPAMENTO;STRYKER;7500-SV-2;STRYKER DO BRASIL LTDA;15300;24/04/2023;23763.001839/2022-52;151.512;24/04/2026;;NÃO;NÃO;SIM;NÃO;NÃO;NÃO;SIM;;;;;;;;;
HU-UFSCAR;HU;UCMC;CLÍNICA MÉDICA E CIRÚRGICA;UCM;0010020927/UCM0013;011957100020500106;CAMA ELETRICA;EQUIPAMENTO;STRYKER;7500-SV-2;STRYKER DO BRASIL LTDA;15300;24/04/2023;23763.001839/2022-52;151.510;24/04/2026;;NÃO;NÃO;SIM;NÃO;NÃO;NÃO;SIM;;;;;;;;;
HU-UFSCAR;HU;UCMC;CLÍNICA MÉDICA E CIRÚRGICA;UCM;0010020930/UCM0002;011957100020500118;CAMA ELETRICA;EQUIPAMENTO;STRYKER;7500-SV-2;STRYKER DO BRASIL LTDA;15300;24/04/2023;23763.001839/2022-52;151.510;24/04/2026;;NÃO;NÃO;SIM;NÃO;NÃO;NÃO;SIM;;;;;;;;;
HU-UFSCAR;HU;UCMC;CLÍNICA MÉDICA E CIRÚRGICA;UCM;0010020931/UCM0029;011957100020500093;CAMA ELETRICA;EQUIPAMENTO;STRYKER;7500-SV-2;STRYKER DO BRASIL LTDA;15300;24/04/2023;23763.001839/2022-52;151.511;24/04/2026;;NÃO;NÃO;SIM;NÃO;NÃO;NÃO;SIM;;;;;;;;;
HU-UFSCAR;HU;UCMC;CLÍNICA MÉDICA E CIRÚRGICA;UCM;0010020940/UCM0063;011957100020500079;CAMA ELETRICA;EQUIPAMENTO;STRYKER;7500-SV-2;STRYKER DO BRASIL LTDA;15300;24/04/2023;23763.001839/2022-52;151.512;24/04/2026;;NÃO;NÃO;SIM;NÃO;NÃO;NÃO;SIM;;;;;;;;;
HU-UFSCAR;HU;UCRIT-RETAGUARDA;LEITOS DE RETAGUARDA;;RET.0001;20120044122;CAMA ELETRICA;EQUIPAMENTO;LINET;ELEGANZA SMART;LINET DO BRASIL LTDA;8340;01/01/2012;;000;01/01/2013;;NÃO;NÃO;SIM;NÃO;NÃO;NÃO;SIM;;;;;;;;;
HU-UFSCAR;HU;UCRIT-RETAGUARDA;LEITOS DE RETAGUARDA;1 ANDAR;0010020928;011957100020500121;CAMA ELETRICA;EQUIPAMENTO;STRYKER;7500-SV-2;STRYKER DO BRASIL LTDA;15300;24/04/2023;23763.001839/2022-52;151.510;24/04/2026;;NÃO;NÃO;SIM;NÃO;NÃO;NÃO;SIM;;;;;;;;;
HU-UFSCAR;HU;UCRIT-RETAGUARDA;LEITOS DE RETAGUARDA;1 ANDAR;156319/ENG.CLINICA0006;20120041588;CAMA ELETRICA;EQUIPAMENTO;LINET;ELEGANZA SMART;LINET DO BRASIL LTDA;8340;01/01/2012;;000;01/01/2013;;NÃO;NÃO;SIM;NÃO;NÃO;NÃO;SIM;;;;;;;;;
HU-UFSCAR;HU;UCRIT-RETAGUARDA;LEITOS DE RETAGUARDA;1 ANDAR;156324/ENG.CLINICA0007;20120122442;CAMA ELETRICA;EQUIPAMENTO;LINET;ELEGANZA SMART;LINET DO BRASIL LTDA;8340;01/01/2012;;00;01/01/2013;;NÃO;NÃO;SIM;NÃO;NÃO;NÃO;SIM;NÃO HÁ DADOS SOBRE AQUISIÇÃO.;;;;;;;;
HU-UFSCAR;HU;UCRIT-RETAGUARDA;LEITOS DE RETAGUARDA;1 ANDAR;497978/ENG.CLINICA0009;20120054977;CAMA ELETRICA;EQUIPAMENTO;LINET;ELEGANZA SMART;LINET DO BRASIL LTDA;8340;01/01/2012;;000;01/01/2013;;NÃO;NÃO;SIM;NÃO;NÃO;NÃO;SIM;;;;;;;;;
HU-UFSCAR;HU;UCRIT-RETAGUARDA;LEITOS DE RETAGUARDA;1 ANDAR;501220/PA0016;139211;CAMA ELETRICA;EQUIPAMENTO;LANCO;CH-4001;LANCO LTDA;19000;05/08/2019;;56146;29/04/2022;;NÃO;NÃO;SIM;NÃO;NÃO;NÃO;SIM;;;;;;;;;
HU-UFSCAR;HU;UCRIT-RETAGUARDA;LEITOS DE RETAGUARDA;1º ANDAR;;20120122443;CAMA ELETRICA;EQUIPAMENTO;LINET;ELEGANZA SMART;LINET DO BRASIL LTDA;8340;01/01/2012;;00;01/01/2013;;NÃO;NÃO;SIM;NÃO;NÃO;NÃO;SIM;NÃO HÁ INFORMAÇÕES SOBRE AQUISIÇÃO.;;;;;;;;
HU-UFSCAR;HU;UCRIT-RETAGUARDA;LEITOS DE RETAGUARDA;ENG. CLINICA ;UCM0057;20120047476;CAMA ELETRICA;EQUIPAMENTO;LINET;ELEGANZA SMART;LINET DO BRASIL LTDA;8340;01/01/2012;;00;01/01/2013;;NÃO;NÃO;SIM;NÃO;NÃO;NÃO;SIM;NÃO HÁ OUTRAS INFORMAÇÕES SOBRE AQUISIÇÃO.;;;;;;;;
HU-UFSCAR;HU;UNEF;UNIDADE DE NEFROLOGIA;BLOCO B - 1º ANDAR - HEMODIÁLISE - DIÁLISE PERITONEAL;10022626;20250296497;CAMA ELETRICA;EQUIPAMENTO;LINET;ELEGANZA-1;LINET DO BRASIL LTDA;18814,58;11/02/2026;23763.001058/2026-91;8307;11/02/2029;;NÃO;NÃO;SIM;NÃO;NÃO;NÃO;SIM;NOTA FISCAL 8307 (57998592);;;;;;;;
HU-UFSCAR;HU;UNEF;UNIDADE DE NEFROLOGIA;BLOCO B - 1º ANDAR - HEMODIÁLISE - INTRA-HOSPITALAR;10022614;20250296450;CAMA ELETRICA;EQUIPAMENTO;LINET;ELEGANZA-1;LINET DO BRASIL LTDA;18814,58;11/02/2026;23763.001058/2026-91;8307;11/02/2029;;NÃO;NÃO;SIM;NÃO;NÃO;NÃO;SIM;NOTA FISCAL 8307 (57998592);;;;;;;;
HU-UFSCAR;HU;UNEF;UNIDADE DE NEFROLOGIA;BLOCO B - 1º ANDAR - HEMODIÁLISE - PROCEDIMENTOS;10022615;20250296451;CAMA ELETRICA;EQUIPAMENTO;LINET;ELEGANZA-1;LINET DO BRASIL LTDA;18814,58;11/02/2026;23763.001058/2026-91;8307;11/02/2029;;NÃO;NÃO;SIM;NÃO;NÃO;NÃO;SIM;23763.001058/2026-91;;;;;;;;
HU-UFSCAR;HU;USM;SAÚDE MENTAL;SAÚDE MENTAL ;0010020960/SM0009;011957100020500108;CAMA ELETRICA;EQUIPAMENTO;STRYKER;7500-SV-2;STRYKER DO BRASIL LTDA;15300;24/04/2023;23763.001839/2022-52;151.510;24/04/2026;;NÃO;NÃO;SIM;NÃO;NÃO;NÃO;SIM;;;;;;;;;
HU-UFSCAR;HU;UTIA;UTI ADULTO;ENG. CLINICA ;498210/UCA0037;20120055035;CAMA ELETRICA;EQUIPAMENTO;LINET;ELEGANZA SMART;LINET DO BRASIL LTDA;8340;01/01/2012;;000;01/01/2013;;NÃO;NÃO;SIM;NÃO;NÃO;NÃO;SIM;;;;;;;;;
HU-UFSCAR;HU;UTIA;UTI ADULTO;UTI;501223;139206;CAMA ELETRICA;EQUIPAMENTO;LANCO;CH-4001;LANCO LTDA;19000;05/08/2019;;56146;29/04/2022;;NÃO;NÃO;SIM;NÃO;NÃO;NÃO;SIM;;;;;;;;;
HU-UFSCAR;HU;UTIA;UTI ADULTO;UTI;501251/UTIA0017;139202;CAMA ELETRICA;EQUIPAMENTO;LANCO;CH-4001;LANCO LTDA;19000;05/08/2019;;56146;29/04/2022;;NÃO;NÃO;SIM;NÃO;NÃO;NÃO;SIM;;;;;;;;;
HU-UFSCAR;HU;UTIA;UTI ADULTO;UTI;501260;139205;CAMA ELETRICA;EQUIPAMENTO;LANCO;CH-4001;LANCO LTDA;19000;05/08/2019;;56146;29/04/2022;;NÃO;NÃO;SIM;NÃO;NÃO;NÃO;SIM;;;;;;;;;
HU-UFSCAR;HU;UTIA;UTI ADULTO;UTI;501263/UTIA0046;139207;CAMA ELETRICA;EQUIPAMENTO;LANCO;CH-4001;LANCO LTDA;19000;05/08/2019;;56146;29/04/2022;;NÃO;NÃO;SIM;NÃO;NÃO;NÃO;SIM;;;;;;;;;
HU-UFSCAR;HU;UTIA;UTI ADULTO;UTI;501266;139208;CAMA ELETRICA;EQUIPAMENTO;LANCO;CH-4001;LANCO LTDA;19000;05/08/2019;;56146;29/04/2022;;NÃO;NÃO;SIM;NÃO;NÃO;NÃO;SIM;;;;;;;;;
HU-UFSCAR;HU;UTIA;UTI ADULTO;UTI;501269/UTIA0008;139201;CAMA ELETRICA;EQUIPAMENTO;LANCO;CH-4001;LANCO LTDA;19000;05/08/2019;;56146;29/04/2022;;NÃO;NÃO;SIM;NÃO;NÃO;NÃO;SIM;;;;;;;;;
HU-UFSCAR;HU;UTIA;UTI ADULTO;UTI;PREF-CAMA-001/UTIA0003;139210;CAMA ELETRICA;EQUIPAMENTO;LANCO;CH-4001;LANCO LTDA;19000;05/08/2019;;56146;29/04/2022;;NÃO;NÃO;SIM;NÃO;NÃO;NÃO;SIM;;;;;;;;;
HU-UFSCAR;HU;UTIA;UTI ADULTO;UTI;PREF-CAMA-005;139204;CAMA ELETRICA;EQUIPAMENTO;LANCO;CH-4001;LANCO LTDA;19000;05/08/2019;;56146;29/04/2022;;NÃO;NÃO;SIM;NÃO;NÃO;NÃO;SIM;;;;;;;;;
HU-UFSCAR;HU;UTIA;UTI ADULTO;UTI;PREF-CAMA-006/UTIA0042;139209;CAMA ELETRICA;EQUIPAMENTO;LANCO;CH-4001;LANCO LTDA;19000;05/08/2019;;56146;29/04/2022;;NÃO;NÃO;SIM;NÃO;NÃO;NÃO;SIM;;;;;;;;;
HU-UFSCAR;HU;UTIA;UTI ADULTO;UTI;PREF-CAMA-007;139203;CAMA ELETRICA;EQUIPAMENTO;LANCO;CH-4001;LANCO LTDA;19000;05/08/2019;;56146;29/04/2022;;NÃO;NÃO;SIM;NÃO;NÃO;NÃO;SIM;;;;;;;;;
HU-UFSCAR;HU;UTIA;UTI ADULTO;UTI CORONARIANA;;20250329009;CAMA ELETRICA;EQUIPAMENTO;LINET;ELEGANZA-4;LINET DO BRASIL LTDA;36683,18;11/02/2026;23763.001059/2026-36;8306;11/02/2029;;NÃO;NÃO;SIM;NÃO;NÃO;NÃO;SIM;NOTA FISCAL 8306 (57999654);;;;;;;;
HU-UFSCAR;HU;UTIA;UTI ADULTO;UTI CORONARIANA;;20250329010;CAMA ELETRICA;EQUIPAMENTO;LINET;ELEGANZA-4;LINET DO BRASIL LTDA;36683,18;11/02/2026;23763.001059/2026-36;8306;11/02/2029;;NÃO;NÃO;SIM;NÃO;NÃO;NÃO;SIM;NOTA FISCAL 8306 (57999654);;;;;;;;
HU-UFSCAR;HU;UTIA;UTI ADULTO;UTI CORONARIANA;;20250329011;CAMA ELETRICA;EQUIPAMENTO;LINET;ELEGANZA-4;LINET DO BRASIL LTDA;36683,18;11/02/2026;23763.001059/2026-36;8306;11/02/2029;;NÃO;NÃO;SIM;NÃO;NÃO;NÃO;SIM;NOTA FISCAL 8306 (57999654);;;;;;;;
HU-UFSCAR;HU;UTIA;UTI ADULTO;UTI CORONARIANA;;20250329012;CAMA ELETRICA;EQUIPAMENTO;LINET;ELEGANZA-4;LINET DO BRASIL LTDA;36683,18;11/02/2026;23763.001059/2026-36;8306;11/02/2029;;NÃO;NÃO;SIM;NÃO;NÃO;NÃO;SIM;NOTA FISCAL 8306 (57999654);;;;;;;;
HU-UFSCAR;HU;UTIA;UTI ADULTO;UTI CORONARIANA;;20250329015;CAMA ELETRICA;EQUIPAMENTO;LINET;ELEGANZA-4;LINET DO BRASIL LTDA;36683,18;11/02/2026;23763.001059/2026-36;8306;11/02/2029;;NÃO;NÃO;SIM;NÃO;NÃO;NÃO;SIM;NOTA FISCAL 8306 (57999654);;;;;;;;
HU-UFSCAR;HU;UTIA;UTI ADULTO;UTI CORONARIANA;;20250329028;CAMA ELETRICA;EQUIPAMENTO;LINET;ELEGANZA-4;LINET DO BRASIL LTDA;36683,18;11/02/2026;23763.001059/2026-36;8306;11/02/2029;;NÃO;NÃO;SIM;NÃO;NÃO;NÃO;SIM;NOTA FISCAL 8306 (57999654);;;;;;;;
HU-UFSCAR;HU;UTIA;UTI ADULTO;UTI CORONARIANA;;20250329029;CAMA ELETRICA;EQUIPAMENTO;LINET;ELEGANZA-4;LINET DO BRASIL LTDA;36683,18;11/02/2026;23763.001059/2026-36;8306;11/02/2029;;NÃO;NÃO;SIM;NÃO;NÃO;NÃO;SIM;NOTA FISCAL 8306 (57999654);;;;;;;;
HU-UFSCAR;HU;UTIA;UTI ADULTO;UTI CORONARIANA;;20250329035;CAMA ELETRICA;EQUIPAMENTO;LINET;ELEGANZA-4;LINET DO BRASIL LTDA;36683,18;11/02/2026;23763.001059/2026-36;8306;11/02/2029;;NÃO;NÃO;SIM;NÃO;NÃO;NÃO;SIM;NOTA FISCAL 8306 (57999654);;;;;;;;
HU-UFSCAR;HU;UTIA;UTI ADULTO;UTI CORONARIANA;;20250329036;CAMA ELETRICA;EQUIPAMENTO;LINET;ELEGANZA-4;LINET DO BRASIL LTDA;36683,18;11/02/2026;23763.001059/2026-36;8306;11/02/2029;;NÃO;NÃO;SIM;NÃO;NÃO;NÃO;SIM;NOTA FISCAL 8306 (57999654);;;;;;;;
HU-UFSCAR;HU;UTIA;UTI ADULTO;UTI CORONARIANA;;20250329039;CAMA ELETRICA;EQUIPAMENTO;LINET;ELEGANZA-4;LINET DO BRASIL LTDA;36683,18;11/02/2026;23763.001059/2026-36;8306;11/02/2029;;NÃO;NÃO;SIM;NÃO;NÃO;NÃO;SIM;NOTA FISCAL 8306 (57999654);;;;;;;;
HU-UFSCAR;HU;UTIA;UTI ADULTO;UTI CORONARIANA;;20250329040;CAMA ELETRICA;EQUIPAMENTO;LINET;ELEGANZA-4;LINET DO BRASIL LTDA;36683,18;11/02/2026;23763.001059/2026-36;8306;11/02/2029;;NÃO;NÃO;SIM;NÃO;NÃO;NÃO;SIM;NOTA FISCAL 8306 (57999654);;;;;;;;
HU-UFSCAR;HU;UTIPED;UTI PEDIÁTRICA;LEITO 10 ISOLAMENTO;156348;20130010455;CAMA ELETRICA;EQUIPAMENTO;LINET;ELEGANZA SMART;LINET DO BRASIL LTDA;8340;01/01/2012;;000;01/01/2013;;NÃO;NÃO;SIM;NÃO;NÃO;NÃO;SIM;;;;;;;;;
HU-UFSCAR;HU;UTIPED;UTI PEDIÁTRICA;SALA NECROPSIA;INST_14/10022729;INST_B01;CAMA ELETRICA;EQUIPAMENTO;RC MOVEIS;RC-203;RC MÓVEIS LTDA;7900;07/05/2026;23763.002666/2026-13;25818;06/05/2027;;NÃO;NÃO;SIM;NÃO;NÃO;NÃO;SIM;"NOTA DE EMPENHO 2025NE001824 - RC (56248964)

ORDEM DE SERVIÇO OU DE FORNECIMENTO DE BENS - SEI 26 (56925340)";;;;;;;;
HU-UFSCAR;HU;UTIPED;UTI PEDIÁTRICA;SALA NECROPSIA;INST_15/10022730;INST_B02;CAMA ELETRICA;EQUIPAMENTO;RC MOVEIS;RC-203;RC MÓVEIS LTDA;7900;07/05/2026;23763.002666/2026-13;25818;06/05/2027;;NÃO;NÃO;SIM;NÃO;NÃO;NÃO;SIM;"NOTA DE EMPENHO 2025NE001824 - RC (56248964)

ORDEM DE SERVIÇO OU DE FORNECIMENTO DE BENS - SEI 26 (56925340)";;;;;;;;
HU-UFSCAR;HU;UTIPED;UTI PEDIÁTRICA;SALA NECROPSIA;INST_16/10022731;INST_B03;CAMA ELETRICA;EQUIPAMENTO;RC MOVEIS;RC-203;RC MÓVEIS LTDA;7900;07/05/2026;23763.002666/2026-13;25818;06/05/2027;;NÃO;NÃO;SIM;NÃO;NÃO;NÃO;SIM;"NOTA DE EMPENHO 2025NE001824 - RC (56248964)

ORDEM DE SERVIÇO OU DE FORNECIMENTO DE BENS - SEI 26 (56925340)";;;;;;;;
HU-UFSCAR;HU;UTIPED;UTI PEDIÁTRICA;SALA NECROPSIA;INST_17/10022732;INST_B04;CAMA ELETRICA;EQUIPAMENTO;RC MOVEIS;RC-203;RC MÓVEIS LTDA;7900;07/05/2026;23763.002666/2026-13;25818;06/05/2027;;NÃO;NÃO;SIM;NÃO;NÃO;NÃO;SIM;"NOTA DE EMPENHO 2025NE001824 - RC (56248964)

ORDEM DE SERVIÇO OU DE FORNECIMENTO DE BENS - SEI 26 (56925340)";;;;;;;;
HU-UFSCAR;HU;UTIPED;UTI PEDIÁTRICA;SALA NECROPSIA;INST_18/10022733;INST_B05;CAMA ELETRICA;EQUIPAMENTO;RC MOVEIS;RC-203;RC MÓVEIS LTDA;7900;07/05/2026;23763.002666/2026-13;25818;06/05/2027;;NÃO;NÃO;SIM;NÃO;NÃO;NÃO;SIM;"NOTA DE EMPENHO 2025NE001824 - RC (56248964)

ORDEM DE SERVIÇO OU DE FORNECIMENTO DE BENS - SEI 26 (56925340)";;;;;;;;
HU-UFSCAR;HU;UTIPED;UTI PEDIÁTRICA;SALA NECROPSIA;INST_19/10022734;INST_B06;CAMA ELETRICA;EQUIPAMENTO;RC MOVEIS;RC-203;RC MÓVEIS LTDA;7900;07/05/2026;23763.002666/2026-13;25818;06/05/2027;;NÃO;NÃO;SIM;NÃO;NÃO;NÃO;SIM;"NOTA DE EMPENHO 2025NE001824 - RC (56248964)

ORDEM DE SERVIÇO OU DE FORNECIMENTO DE BENS - SEI 26 (56925340)";;;;;;;;
HU-UFSCAR;HU;UTIPED;UTI PEDIÁTRICA;SALA NECROPSIA;INST_20/10022735;INST_B07;CAMA ELETRICA;EQUIPAMENTO;RC MOVEIS;RC-203;RC MÓVEIS LTDA;7900;07/05/2026;23763.002666/2026-13;25818;06/05/2027;;NÃO;NÃO;SIM;NÃO;NÃO;NÃO;SIM;"NOTA DE EMPENHO 2025NE001824 - RC (56248964)

ORDEM DE SERVIÇO OU DE FORNECIMENTO DE BENS - SEI 26 (56925340)";;;;;;;;
HU-UFSCAR;HU;UTIPED;UTI PEDIÁTRICA;SALA NECROPSIA;INST_21/10022736;INST_B08;CAMA ELETRICA;EQUIPAMENTO;RC MOVEIS;RC-203;RC MÓVEIS LTDA;7900;07/05/2026;23763.002666/2026-13;25818;06/05/2027;;NÃO;NÃO;SIM;NÃO;NÃO;NÃO;SIM;"NOTA DE EMPENHO 2025NE001824 - RC (56248964)

ORDEM DE SERVIÇO OU DE FORNECIMENTO DE BENS - SEI 26 (56925340)";;;;;;;;
HU-UFSCAR;HU;UTIPED;UTI PEDIÁTRICA;SALA NECROPSIA;INST_22/10022737;INST_B09;CAMA ELETRICA;EQUIPAMENTO;RC MOVEIS;RC-203;RC MÓVEIS LTDA;7900;07/05/2026;23763.002666/2026-13;25818;06/05/2027;;NÃO;NÃO;SIM;NÃO;NÃO;NÃO;SIM;"NOTA DE EMPENHO 2025NE001824 - RC (56248964)

ORDEM DE SERVIÇO OU DE FORNECIMENTO DE BENS - SEI 26 (56925340)";;;;;;;;
HU-UFSCAR;HU;UTIPED;UTI PEDIÁTRICA;SALA NECROPSIA;INST_23/10022738;INST_B10;CAMA ELETRICA;EQUIPAMENTO;RC MOVEIS;RC-203;RC MÓVEIS LTDA;7900;07/05/2026;23763.002666/2026-13;25818;06/05/2027;;NÃO;NÃO;SIM;NÃO;NÃO;NÃO;SIM;"NOTA DE EMPENHO 2025NE001824 - RC (56248964)

ORDEM DE SERVIÇO OU DE FORNECIMENTO DE BENS - SEI 26 (56925340)";;;;;;;;
HU-UFSCAR;HU;UTIPED;UTI PEDIÁTRICA;UTI PED;10020905/UTIP0008;20200262673;CAMA ELETRICA;EQUIPAMENTO;LINET;ELEGANZA-4;LINET DO BRASIL LTDA;29930;29/03/2023;23763.001842/2022-76;4731;29/03/2026;;NÃO;NÃO;SIM;NÃO;NÃO;NÃO;SIM;;;;;;;;;
HU-UFSCAR;HU;UTIPED;UTI PEDIÁTRICA;UTI PED;10020906/UTIP0029;20200262680;CAMA ELETRICA;EQUIPAMENTO;LINET;ELEGANZA-4;LINET DO BRASIL LTDA;29930;29/03/2023;23763.001842/2022-76;4731;23/04/2026;;NÃO;NÃO;SIM;NÃO;NÃO;NÃO;SIM;;;;;;;;;
HU-UFSCAR;HU;UTIPED;UTI PEDIÁTRICA;UTI PED;10020907/UTIP0036;20200262708;CAMA ELETRICA;EQUIPAMENTO;LINET;ELEGANZA-4;LINET DO BRASIL LTDA;29930;29/03/2023;23763.001842/2022-76;4731;29/03/2026;;NÃO;NÃO;SIM;NÃO;NÃO;NÃO;SIM;;;;;;;;;
HU-UFSCAR;HU;UTIPED;UTI PEDIÁTRICA;UTI PED;10020908/UTIP0025;20200262663;CAMA ELETRICA;EQUIPAMENTO;LINET;ELEGANZA-4;LINET DO BRASIL LTDA;29930;29/03/2023;23763.001842/2022-76;4731;29/03/2026;;NÃO;NÃO;SIM;NÃO;NÃO;NÃO;SIM;;;;;;;;;
HU-UFSCAR;HU;UTIPED;UTI PEDIÁTRICA;UTI PED;10020909;20200262703;CAMA ELETRICA;EQUIPAMENTO;LINET;ELEGANZA-4;LINET DO BRASIL LTDA;29930;29/03/2023;23763.001842/2022-76;4731;29/03/2026;;NÃO;NÃO;SIM;NÃO;NÃO;NÃO;SIM;;;;;;;;;
HU-UFSCAR;HU;UTIPED;UTI PEDIÁTRICA;UTI PED;10020953/UTIP0021;011957100020500090;CAMA ELETRICA;EQUIPAMENTO;STRYKER;7500-SV-2;STRYKER DO BRASIL LTDA;15300;24/04/2023;23763.001839/2022-52;151.512;24/04/2026;;NÃO;NÃO;SIM;NÃO;NÃO;NÃO;SIM;;;;;;;;;
HU-UFSCAR;HU;AMB;AMBULATÓRIO DE ESPECIALIDADES MÉDICAS;CONSULTÓRIO DE OFTALMOLOGIA;10020533/501069;ESL220261;CAMPIMETRO;EQUIPAMENTO;EYETEC;SOLARIS;PETERSON JOSÉ BERNARDO ME;65000;16/12/2022;23763.001551/2022-88;67;18/12/2025;;NÃO;NÃO;SIM;NÃO;NÃO;NÃO;SIM;;;;;;;;;
HU-UFSCAR;HU;AMB;AMBULATÓRIO DE ESPECIALIDADES MÉDICAS;AMBULATÓRIO;10020180/500687/AMB0012;KH220323022;CARDIOTOCOGRAFO;EQUIPAMENTO;COMEN;STAR-5000-C;A C PON LAU COMERCIO DE EQUIPAMENTOS ELETRO-ELETRONICOS;8910;05/08/2022;;3027;13/09/2024;;NÃO;NÃO;SIM;NÃO;NÃO;NÃO;SIM;;;;;;;;;
HU-UFSCAR;HU;AMB;AMBULATÓRIO DE ESPECIALIDADES MÉDICAS;AMBULATÓRIO;10020181/500688/AMB0013;KH22O32302L;CARDIOTOCOGRAFO;EQUIPAMENTO;COMEN;STAR-5000-C;A C PON LAU COMERCIO DE EQUIPAMENTOS ELETRO-ELETRONICOS;8910;05/08/2022;;3027;13/09/2024;;NÃO;NÃO;SIM;NÃO;NÃO;NÃO;SIM;;;;;;;;;
HU-UFSCAR;HU;LAC;LABORATÓRIO DE ANÁLISES CLÍNICAS;LABORATÓRIO;500339/LAB0005;500124204515;CENTRIFUGA B A V;EQUIPAMENTO;EPPENDORF;5702;EPPENDORF DO BRASIL;34904,6;22/07/2020;;37468;21/07/2021;;NÃO;NÃO;SIM;NÃO;NÃO;NÃO;SIM;;;;;;;;;
HU-UFSCAR;HU;LAC;LABORATÓRIO DE ANÁLISES CLÍNICAS;LABORATÓRIO;500340/LAB0015;570219450913;CENTRIFUGA B A V;EQUIPAMENTO;EPPENDORF;5702;EPPENDORF DO BRASIL;34904,59;22/07/2020;;37468;21/07/2021;;NÃO;NÃO;SIM;NÃO;NÃO;NÃO;SIM;;;;;;;;;
HU-UFSCAR;HU;AT;AGÊNCIA TRANSFUSIONAL;AGÊNCIA TRANSFUSIONAL;499757/0010018737/AT0001;110320420557001;CENTRIFUGA B A V MICRO-HEMATOCRITO;EQUIPAMENTO;INBRAS;IH-6.0;AULAB AUTOMAÇÃO LABORATORIAL LTDA;6250;23/06/2020;;274;23/06/2022;;NÃO;NÃO;SIM;NÃO;NÃO;NÃO;SIM;;;;;;;;;
HU-UFSCAR;HU;SGPIT;SETOR DE GESTÃO DA PESQUISA E INOVAÇÃO TECNOLÓGICA;;10020925/SGPITS0014;;CENTRIFUGA B A V MICRO-HEMATOCRITO;EQUIPAMENTO;DAIKI;DTC-16000;TESTE/ AGUARDANDO CADASTRO DE FORNECEDOR;0;01/12/2022;;0;01/12/2023;;NÃO;NÃO;SIM;NÃO;NÃO;NÃO;SIM;;;;;;;;;
HU-UFSCAR;HU;LAC;LABORATÓRIO DE ANÁLISES CLÍNICAS;LABORATÓRIO ;498122;RAD-23203;CENTRIFUGA B B V;EQUIPAMENTO;FANEM;EXCELSA II 206-BL;FANEM LTDA;4329,54;05/04/2007;;51968;05/08/2008;;NÃO;NÃO;SIM;NÃO;NÃO;NÃO;SIM;;;;;;;;;
HU-UFSCAR;HU;SGPIT;SETOR DE GESTÃO DA PESQUISA E INOVAÇÃO TECNOLÓGICA;;10020924/SGPITS0015;;CENTRIFUGA B B V REFRIGERADA;EQUIPAMENTO;ANCO;CDR-16000;TESTE/ AGUARDANDO CADASTRO DE FORNECEDOR;0;01/12/2022;23763.000495/2022-64;0;01/12/2023;;NÃO;NÃO;SIM;NÃO;NÃO;NÃO;SIM;;;;;;;;;
HU-UFSCAR;HU;STEC;SETOR DE ENGENHARIA CLÍNICA;SALA DISTRIBUIÇÃO STEC;10022193;21181;CENTRIFUGA CITOLOGICA;EQUIPAMENTO;HOFFMANNLAB;HCL C;HOFFMANNLAB PRODUTOS PARA LABORATORIO LTDA;19200;08/03/2025;;5860;08/03/2026;;NÃO;NÃO;SIM;NÃO;NÃO;NÃO;SIM;" ANEXO 2024NE001618 - HOFFMANNLAB (45648595) 

";;;;;;;;
HU-UFSCAR;HU;STEC;SETOR DE ENGENHARIA CLÍNICA;SALA DISTRIBUIÇÃO;22622225;7586309;CISTOSCOPIO;EQUIPAMENTO;OLYMPUS;CYF-5;H STRATTNER &  CIA LTDA;89104,76;13/05/2026;23763.002507/2026-19;2144;13/05/2028;;NÃO;NÃO;SIM;NÃO;NÃO;NÃO;SIM;"H. STRATTNER & CIA. LTDA.

CNPJ: 33.250.713/0002-43

ENDEREÇO: AV. DAS ÁGUIAS Nº 228, PALHOÇA – SC CEP: 88.137-280

CONTATOS: (11) 2185-2399 / 11 2185-2300            E-MAIL: LICITACOES@STRATTNER.COM.BR/ FELIPE.ALMEIDA@STRATTNER.COM.BR";;;;;;;;
HU-UFSCAR;HU;STEC;SETOR DE ENGENHARIA CLÍNICA;SALA DISTRIBUIÇÃO;22622226;7586358;CISTOSCOPIO;EQUIPAMENTO;OLYMPUS;CYF-5;H STRATTNER &  CIA LTDA;89104,76;13/05/2026;23763.002507/2026-19;2144;13/05/2028;;NÃO;NÃO;SIM;NÃO;NÃO;NÃO;SIM;"H. STRATTNER & CIA. LTDA.

CNPJ: 33.250.713/0002-43

ENDEREÇO: AV. DAS ÁGUIAS Nº 228, PALHOÇA – SC CEP: 88.137-280

CONTATOS: (11) 2185-2399 / 11 2185-2300            E-MAIL: LICITACOES@STRATTNER.COM.BR/ FELIPE.ALMEIDA@STRATTNER.COM.BR";;;;;;;;
HU-UFSCAR;HU;AMB;AMBULATÓRIO DE ESPECIALIDADES MÉDICAS;AMBULATÓRIO;10020051/500547/AMB0009;136;COLPOSCOPIO;EQUIPAMENTO;GG EQUIPAMENTOS;MD-500;A C PON LAU COMERCIO DE EQUIPAMENTOS ELETRO-ELETRONICOS;12000;07/01/2022;;2705;06/01/2024;;NÃO;NÃO;SIM;NÃO;NÃO;NÃO;SIM;;;;;;;;;
HU-UFSCAR;HU;AMB;AMBULATÓRIO DE ESPECIALIDADES MÉDICAS;AMBULATÓRIO;501145;47870;COLPOSCOPIO;EQUIPAMENTO;MEDPEJ;PE-2000;TESTE/ AGUARDANDO CADASTRO DE FORNECEDOR;0;01/12/2015;;00;01/12/2016;;NÃO;NÃO;SIM;NÃO;NÃO;NÃO;SIM;EQUIPAMENTO DOADO - NÃO HÁ INFORMAÇÕES SOBRE AQUISIÇÃO.;;;;;;;;
HU-UFSCAR;HU;CC;CENTRO CIRÚRGICO;CENTRO CIRÚRGICO;10020052/500548;137;COLPOSCOPIO;EQUIPAMENTO;GG EQUIPAMENTOS;MD-500;A C PON LAU COMERCIO DE EQUIPAMENTOS ELETRO-ELETRONICOS;12000;07/01/2022;;2705;06/01/2024;;NÃO;NÃO;SIM;NÃO;NÃO;NÃO;SIM;;;;;;;;;
HU-UFSCAR;HU;STEC;SETOR DE ENGENHARIA CLÍNICA;SALA DE RECEBIMENTO;DOAÇÃO;;COLPOSCOPIO;EQUIPAMENTO;CEMAPO;2204;NÃO APLICÁVEL;0;24/06/2026;;0000;24/06/2026;;NÃO;NÃO;NÃO;NÃO;NÃO;NÃO;NÃO;DOAÇÃO;;;;;;;;
HU-UFSCAR;HU;AMB;AMBULATÓRIO DE ESPECIALIDADES MÉDICAS;CONSULTÓRIO OFTALMOLÓGICO;499910/10018739;8970807;COLUNA OFTALMOLOGICA;EQUIPAMENTO;APRAMED;STYLE;W M JR - COMERCIO DE EQUIPAMENTOS MEDICOS LTDA;4550;10/01/2020;;312;10/01/2021;;NÃO;NÃO;SIM;NÃO;NÃO;NÃO;SIM;;;;;;;;;
HU-UFSCAR;HU;STEC-ECQ;ECQ/HU-UFSCAR;;;1590699;CONTROLADOR TEMPERATURA PROGRAMAVEL;INSTRUMENTO DE CALIBRAÇÃO;PRESYS;T-25N-2-BP-06;ECQ COMERCIO E MANUTENCAO HOSPITALAR LTDA;0;12/07/2023;;00000;12/07/2024;;NÃO;NÃO;SIM;NÃO;NÃO;NÃO;SIM;;;;;;;;;
HU-UFSCAR;HU;LAC;LABORATÓRIO DE ANÁLISES CLÍNICAS;LABORATORIO;LAB0027;304152;CORADOR LAMINA;EQUIPAMENTO;SIEMENS;HEMATEK-3000;CENTERLAB CENTRAL DE LABORATORIOS LTDA;0;11/06/2024;23763.001777/2023-60;198195;11/06/2025;;NÃO;NÃO;SIM;NÃO;NÃO;SIM;NÃO;;;;;;;;;
HU-UFSCAR;HU;STEC;SETOR DE ENGENHARIA CLÍNICA;SALA DE CALIBRAÇÃO;ECQ-01;;CRONOMETRO;INSTRUMENTO DE CALIBRAÇÃO;INCOTERM;RS-013;ECQ COMERCIO E MANUTENCAO HOSPITALAR LTDA;0;01/04/2024;0;00000;01/04/2025;;NÃO;NÃO;NÃO;NÃO;NÃO;NÃO;NÃO;;;;;;;;;
HU-UFSCAR;HU;STEC;SETOR DE ENGENHARIA CLÍNICA;SALA DE CALIBRAÇÃO;;2013101903;DECIBELIMETRO;INSTRUMENTO DE CALIBRAÇÃO;INCOTERM;TDEC-100;ECQ COMERCIO E MANUTENCAO HOSPITALAR LTDA;0;01/04/2024;0;00000;01/04/2025;;NÃO;NÃO;SIM;NÃO;NÃO;NÃO;SIM;;;;;;;;;
HU-UFSCAR;HU;STEC;SETOR DE ENGENHARIA CLÍNICA;SALA DISTRIBUIÇÃO;22622223;574;DERMATOMO ELETRICO;EQUIPAMENTO;BBRAUN;ACCULAN-4;LABORATÓRIOS B. BRAUN S.A;126830,92;19/03/2026;23763.000940/2026-10;1051842;19/03/2029;;NÃO;NÃO;SIM;NÃO;NÃO;NÃO;SIM;NOTA DE EMPENHO 2025NE001929 -  LABORATORIOS (56814511);;;;;;;;
HU-UFSCAR;HU;AMB;AMBULATÓRIO DE ESPECIALIDADES MÉDICAS;SALA CHEFIA;22622227;0103;DERMATOSCOPIO;EQUIPAMENTO;NITROSPRAY;DERMA 20;SIS COMERCIO DE MATERIAIS E EQUIPAMENTOS LTDA;8730;12/05/2026;23763.002468/2026-50;5610;12/05/2026;;NÃO;NÃO;SIM;NÃO;NÃO;NÃO;SIM;"29/2025 - NOTA DE EMPENHO 2025NE001946 - SIS (56811927)

ORDEM DE SERVIÇO OU DE FORNECIMENTO DE BENS - SEI 29 (56928274)";;;;;;;;
HU-UFSCAR;HU;AMB;AMBULATÓRIO DE ESPECIALIDADES MÉDICAS;AMBULATORIO;0010020654/AMB0020;112022DM0905;DESFIBRILADOR-CARDIOVERSOR;EQUIPAMENTO;INSTRAMED;DUALMAX;INSTRAMED INDUSTRIA MEDICO HOSPITALAR;23198,42;29/11/2022;;52747;26/01/2025;;NÃO;NÃO;SIM;NÃO;NÃO;NÃO;SIM;;;;;;;;;
HU-UFSCAR;HU;CC;CENTRO CIRÚRGICO;CC - SALAS CIRURGICAS;501232/CC0001;062019-DM-0073;DESFIBRILADOR-CARDIOVERSOR;EQUIPAMENTO;INSTRAMED;DUALMAX;INSTRAMED INDUSTRIA MEDICO HOSPITALAR;19783,33;29/07/2019;;33705;22/08/2021;;NÃO;NÃO;SIM;NÃO;NÃO;NÃO;SIM;;;;;;;;;
HU-UFSCAR;HU;CC;CENTRO CIRÚRGICO;CENTRO CIRURGICO;501198/CC0039;062019-DM-0071;DESFIBRILADOR-CARDIOVERSOR;EQUIPAMENTO;INSTRAMED;DUALMAX;INSTRAMED INDUSTRIA MEDICO HOSPITALAR;19783,33;26/08/2019;;33705;29/07/2022;;NÃO;NÃO;SIM;NÃO;NÃO;NÃO;SIM;;;;;;;;;
HU-UFSCAR;HU;CC;CENTRO CIRÚRGICO;RPA;PREF-CV5;062019-DM-0078;DESFIBRILADOR-CARDIOVERSOR;EQUIPAMENTO;INSTRAMED;DUALMAX;INSTRAMED INDUSTRIA MEDICO HOSPITALAR;19783,33;29/07/2019;;33705;18/05/2022;;NÃO;NÃO;SIM;NÃO;NÃO;NÃO;SIM;;;;;;;;;
HU-UFSCAR;HU;ECG;ELETROCARDIOGRAFIA;SALA DA ESTEIRA;10018851/498551;131;DESFIBRILADOR-CARDIOVERSOR;EQUIPAMENTO;NIHON KOHDEN;CARDIOLIFE TEC-5631;NIHON KOHDEN RASIL IMP EXP E COM DE EQUIP MED LTDA;31000;18/04/2017;;3618;18/04/2018;;NÃO;NÃO;SIM;NÃO;NÃO;NÃO;SIM;;;;;;;;;
HU-UFSCAR;HU;ENDO;ENDOSCOPIA;;501449/UDIDE0036;062019-DM-0076;DESFIBRILADOR-CARDIOVERSOR;EQUIPAMENTO;INSTRAMED;DUALMAX;INSTRAMED INDUSTRIA MEDICO HOSPITALAR;19783,33;26/08/2019;;33705;26/08/2021;;NÃO;NÃO;SIM;NÃO;NÃO;NÃO;SIM;;;;;;;;;
HU-UFSCAR;HU;ENDO;ENDOSCOPIA;CORREDOR INTERNO UDI;501455/UDIDE0034;062019-DM-0072;DESFIBRILADOR-CARDIOVERSOR;EQUIPAMENTO;INSTRAMED;DUALMAX;INSTRAMED INDUSTRIA MEDICO HOSPITALAR;19783,33;29/07/2019;;33705;11/05/2022;;NÃO;NÃO;SIM;NÃO;NÃO;NÃO;SIM;;;;;;;;;
HU-UFSCAR;HU;PAA;PA ADULTO;;501508/PA0028;062019-DM-0079;DESFIBRILADOR-CARDIOVERSOR;EQUIPAMENTO;INSTRAMED;DUALMAX;INSTRAMED INDUSTRIA MEDICO HOSPITALAR;19783,33;29/07/2019;;33705;26/08/2021;;NÃO;NÃO;SIM;NÃO;NÃO;NÃO;SIM;;;;;;;;;
HU-UFSCAR;HU;PAA;PA ADULTO;;501600/PA0005;062019-DM-0075;DESFIBRILADOR-CARDIOVERSOR;EQUIPAMENTO;INSTRAMED;DUALMAX;INSTRAMED INDUSTRIA MEDICO HOSPITALAR;19783,33;29/07/2019;;33705;26/08/2021;;NÃO;NÃO;SIM;NÃO;NÃO;NÃO;SIM;;;;;;;;;
HU-UFSCAR;HU;PAI;PA INFANTIL;UCA PA;;6564;DESFIBRILADOR-CARDIOVERSOR;EQUIPAMENTO;NIHON KOHDEN;CARDIOLIFE TEC-5631;NIHON KOHDEN RASIL IMP EXP E COM DE EQUIP MED LTDA;9505,7;21/02/2025;;32776;21/02/2026;;NÃO;NÃO;SIM;NÃO;NÃO;NÃO;SIM;"ANEXO 2024NE001619 - 14/ (45648838)



";;;;;;;;
HU-UFSCAR;HU;SGPIT;SETOR DE GESTÃO DA PESQUISA E INOVAÇÃO TECNOLÓGICA;;10020655/SGPITS0012;112022DM0903;DESFIBRILADOR-CARDIOVERSOR;EQUIPAMENTO;INSTRAMED;DUALMAX;INSTRAMED INDUSTRIA MEDICO HOSPITALAR;23195,42;29/11/2022;;52747;26/01/2025;;NÃO;NÃO;SIM;NÃO;NÃO;NÃO;SIM;;;;;;;;;
HU-UFSCAR;HU;STEC;SETOR DE ENGENHARIA CLÍNICA;3 ANDAR;;US00447488;DESFIBRILADOR-CARDIOVERSOR;EQUIPAMENTO;PHILIPS;HEARTSTART XL;PHILIPS MEDICAL SYSTEMS;22978,39;28/12/2006;;2839;28/12/2007;;SIM;NÃO;SIM;NÃO;NÃO;NÃO;SIM;EQUIPAMENTO DESATIVADO - AVALIAR DESFAZIMENTO;;;;;;;;
HU-UFSCAR;HU;STEC;SETOR DE ENGENHARIA CLÍNICA;SALA DE CALIBRAÇÃO;;6563;DESFIBRILADOR-CARDIOVERSOR;EQUIPAMENTO;NIHON KOHDEN;CARDIOLIFE TEC-5631;NIHON KOHDEN RASIL IMP EXP E COM DE EQUIP MED LTDA;9505,7;21/02/2025;;32776;21/02/2026;;NÃO;NÃO;SIM;NÃO;NÃO;NÃO;SIM;"ANEXO 2024NE001619 - 14/ (45648838)



";;;;;;;;
HU-UFSCAR;HU;STEC;SETOR DE ENGENHARIA CLÍNICA;SALA DE DISTRIBUIÇÃO;10019834/498552;;DESFIBRILADOR-CARDIOVERSOR;EQUIPAMENTO;NIHON KOHDEN;CARDIOLIFE TEC-5631;NIHON KOHDEN RASIL IMP EXP E COM DE EQUIP MED LTDA;4540,74;30/12/2016;;3618;30/12/2017;;NÃO;NÃO;SIM;NÃO;NÃO;NÃO;SIM;;;;;;;;;
HU-UFSCAR;HU;STEC;SETOR DE ENGENHARIA CLÍNICA;SALA DISTRIBUIÇÃO;10022709;FP5-5B026355;DESFIBRILADOR-CARDIOVERSOR;EQUIPAMENTO;MINDRAY;BENEHEART D-30;HOSPCOM EQUIPAMENTOS HOSPITALARES LTDA;22000;09/04/2026;23763.002152/2026-68;53092;09/04/2029;;NÃO;NÃO;SIM;NÃO;NÃO;NÃO;SIM;NOTA DE EMPENHO 2025NE001730 - HOSPCOM (55531851);;;;;;;;
HU-UFSCAR;HU;STEC;SETOR DE ENGENHARIA CLÍNICA;SALA DISTRIBUIÇÃO;10022710;FP5-5B026374;DESFIBRILADOR-CARDIOVERSOR;EQUIPAMENTO;MINDRAY;BENEHEART D-30;HOSPCOM EQUIPAMENTOS HOSPITALARES LTDA;22000;09/04/2026;23763.002152/2026-68;53048;09/04/2029;;NÃO;NÃO;SIM;NÃO;NÃO;NÃO;SIM;NOTA DE EMPENHO 2025NE001724 - HOSPCOM (55387837);;;;;;;;
HU-UFSCAR;HU;STEC;SETOR DE ENGENHARIA CLÍNICA;SALA UCO;7817916;FP5-58022861;DESFIBRILADOR-CARDIOVERSOR;EQUIPAMENTO;MINDRAY;BENEHEART D-30;HOSPCOM EQUIPAMENTOS HOSPITALARES LTDA;22000;26/02/2026;23763.001410/2026-99;51601;26/02/2029;;NÃO;NÃO;SIM;NÃO;NÃO;NÃO;SIM;"ORDEM DE SERVIÇO OU DE FORNECIMENTO DE BENS - SEI 32 (57136552)

NOTA DE EMPENHO 2025NE000584 (SEI Nº 55741096)

NOTA DE EMPENHO 2025NE000585 (SEI Nº 55741117)";;;;;;;;
HU-UFSCAR;HU;STEC;SETOR DE ENGENHARIA CLÍNICA;SALA UCO;7817917;FP5-58022881;DESFIBRILADOR-CARDIOVERSOR;EQUIPAMENTO;MINDRAY;BENEHEART D-30;HOSPCOM EQUIPAMENTOS HOSPITALARES LTDA;22000;26/02/2026;23763.001410/2026-99;51601;26/02/2029;;NÃO;NÃO;SIM;NÃO;NÃO;NÃO;SIM;"ORDEM DE SERVIÇO OU DE FORNECIMENTO DE BENS - SEI 32 (57136552)

NOTA DE EMPENHO 2025NE000584 (SEI Nº 55741096)

NOTA DE EMPENHO 2025NE000585 (SEI Nº 55741117)";;;;;;;;
HU-UFSCAR;HU;UCMC;CLÍNICA MÉDICA E CIRÚRGICA;;501162/UCM0004;062019-DM-0077;DESFIBRILADOR-CARDIOVERSOR;EQUIPAMENTO;INSTRAMED;DUALMAX;INSTRAMED INDUSTRIA MEDICO HOSPITALAR;19783,33;29/07/2019;;33705;26/08/2021;;NÃO;NÃO;SIM;NÃO;NÃO;NÃO;SIM;;;;;;;;;
HU-UFSCAR;HU;UCMC;CLÍNICA MÉDICA E CIRÚRGICA;3 ANDAR;10022680;FP5-58022793;DESFIBRILADOR-CARDIOVERSOR;EQUIPAMENTO;MINDRAY;BENEHEART D-30;HOSPCOM EQUIPAMENTOS HOSPITALARES LTDA;22000;26/02/2026;23763.001382/2026-18;51595;26/02/2029;;NÃO;NÃO;SIM;NÃO;NÃO;NÃO;SIM; NOTA DE EMPENHO 2025NE001931 (56807101) -  2025NE001967 (56807143);;;;;;;;
HU-UFSCAR;HU;UCMC;CLÍNICA MÉDICA E CIRÚRGICA;3 ANDAR;501483/UDID0022;062019-DM-0080;DESFIBRILADOR-CARDIOVERSOR;EQUIPAMENTO;INSTRAMED;DUALMAX;INSTRAMED INDUSTRIA MEDICO HOSPITALAR;19783,33;29/07/2019;;33705;08/04/2022;;NÃO;NÃO;SIM;NÃO;NÃO;NÃO;SIM;;;;;;;;;
HU-UFSCAR;HU;UCRIT-RETAGUARDA;LEITOS DE RETAGUARDA;RETAGUARDA;;6562;DESFIBRILADOR-CARDIOVERSOR;EQUIPAMENTO;NIHON KOHDEN;CARDIOLIFE TEC-5631;NIHON KOHDEN RASIL IMP EXP E COM DE EQUIP MED LTDA;9505,7;21/02/2025;;32776;21/02/2026;;NÃO;NÃO;SIM;NÃO;NÃO;NÃO;SIM;" ANEXO 2024NE001619 - 14/ (45648838) 





";;;;;;;;
HU-UFSCAR;HU;UNEF;UNIDADE DE NEFROLOGIA;EMERGÊNCIA NEFRO;7817915;FP5-58022809;DESFIBRILADOR-CARDIOVERSOR;EQUIPAMENTO;MINDRAY;BENEHEART D-30;HOSPCOM EQUIPAMENTOS HOSPITALARES LTDA;22000;26/02/2026;23763.001410/2026-99;51601;26/02/2029;;NÃO;NÃO;SIM;NÃO;NÃO;NÃO;SIM;"ORDEM DE SERVIÇO OU DE FORNECIMENTO DE BENS - SEI 32 (57136552)

NOTA DE EMPENHO 2025NE000584 (SEI Nº 55741096)

NOTA DE EMPENHO 2025NE000585 (SEI Nº 55741117)";;;;;;;;
HU-UFSCAR;HU;USM;SAÚDE MENTAL;SAÚDE MENTAL ;PREF-CV9/SM0018;062019-DM-0070;DESFIBRILADOR-CARDIOVERSOR;EQUIPAMENTO;INSTRAMED;DUALMAX;INSTRAMED INDUSTRIA MEDICO HOSPITALAR;19783,33;29/07/2019;;33705;08/04/2022;;NÃO;NÃO;SIM;NÃO;NÃO;NÃO;SIM;;;;;;;;;
HU-UFSCAR;HU;UTIA;UTI ADULTO;UTI ADULTO;10020653/UTIA0014;112022DM0904;DESFIBRILADOR-CARDIOVERSOR;EQUIPAMENTO;INSTRAMED;DUALMAX;INSTRAMED INDUSTRIA MEDICO HOSPITALAR;23195,42;29/11/2022;;52747;26/01/2025;;NÃO;NÃO;SIM;NÃO;NÃO;NÃO;SIM;;;;;;;;;
HU-UFSCAR;HU;UTIA;UTI ADULTO;UTI ADULTO;501217/UTIA0013;062019-DM-0081;DESFIBRILADOR-CARDIOVERSOR;EQUIPAMENTO;INSTRAMED;DUALMAX;INSTRAMED INDUSTRIA MEDICO HOSPITALAR;19783,33;29/07/2019;;33705;21/08/2021;;NÃO;NÃO;SIM;NÃO;NÃO;NÃO;SIM;;;;;;;;;
HU-UFSCAR;HU;UTIPED;UTI PEDIÁTRICA;STEC;501163/UCA0011;062019-DM-0074;DESFIBRILADOR-CARDIOVERSOR;EQUIPAMENTO;INSTRAMED;DUALMAX;INSTRAMED INDUSTRIA MEDICO HOSPITALAR;19783,33;26/08/2019;;33705;26/08/2021;;NÃO;NÃO;SIM;NÃO;NÃO;NÃO;SIM;;;;;;;;;
HU-UFSCAR;HU;UTIPED;UTI PEDIÁTRICA;UTI PED;10018680/499465/UTIP0043;288;DESFIBRILADOR-CARDIOVERSOR;EQUIPAMENTO;NIHON KOHDEN;CARDIOLIFE TEC-5621;NIHON KOHDEN RASIL IMP EXP E COM DE EQUIP MED LTDA;17950;28/11/2018;;1039;15/01/2020;;NÃO;NÃO;SIM;NÃO;NÃO;NÃO;SIM;;;;;;;;;
HU-UFSCAR;HU;UDIDE-MG-ERGO;ERGOMETRIA;;501453AC;PE04353Y;DESKTOP;ACESSÓRIO;LENOVO;V-530-S;TECNOCLIN;1100;20/02/2019;;25560;20/02/2021;;NÃO;NÃO;SIM;NÃO;NÃO;NÃO;SIM;ERGOMETRIA;;;;;;;;
HU-UFSCAR;HU;AMB;AMBULATÓRIO DE ESPECIALIDADES MÉDICAS;AMBULATÓRIO;10020045/500541;8523100E012147;DETECTOR FETAL US CORACAO;EQUIPAMENTO;JUMPER;JPD-100-B;A C PON LAU COMERCIO DE EQUIPAMENTOS ELETRO-ELETRONICOS;1600;02/12/2021;;545;01/12/2023;;NÃO;NÃO;SIM;NÃO;NÃO;NÃO;SIM;;;;;;;;;
HU-UFSCAR;HU;AMB;AMBULATÓRIO DE ESPECIALIDADES MÉDICAS;AMBULATÓRIO;10020046/500542;882310010002289;DETECTOR FETAL US CORACAO;EQUIPAMENTO;JUMPER;JPD-100-B;A C PON LAU COMERCIO DE EQUIPAMENTOS ELETRO-ELETRONICOS;1600;02/12/2021;;545;01/12/2023;;NÃO;NÃO;SIM;NÃO;NÃO;NÃO;SIM;;;;;;;;;
HU-UFSCAR;HU;CC;CENTRO CIRÚRGICO;CENTRO CIRÚRGICO;10020049/500545;REC3FHD-202111-1;DIGITALIZADOR/GRAVADOR VIDEO;EQUIPAMENTO;CONFIANCE MEDICAL;CM RECMASTER-3;CONFIANCE MEDICAL PRODUTOS MEDICOS S.A.;52000;13/12/2021;;14854;12/12/2023;;NÃO;NÃO;SIM;NÃO;NÃO;NÃO;SIM;;;;;;;;;
HU-UFSCAR;HU;CC;CENTRO CIRÚRGICO;CENTRO CIRÚRGICO;10020050/500546;REC3FHD-202111-3;DIGITALIZADOR/GRAVADOR VIDEO;EQUIPAMENTO;CONFIANCE MEDICAL;CM RECMASTER-3;CONFIANCE MEDICAL PRODUTOS MEDICOS S.A.;52000;13/12/2021;;14854;12/12/2023;;NÃO;NÃO;SIM;NÃO;NÃO;NÃO;SIM;;;;;;;;;
HU-UFSCAR;HU;UMULTI;UNIDADE MULTIPROFISSIONAL ;ESTOQUE DE PEÇAS STEC;10022189;142061211;DINAMOMETRO EMPUNHADURA MANOMETRO;EQUIPAMENTO;BASELINE;12 0241;MANFRE KNAUT COMÉRCIO VAREJISTA DE ARTIGOS MÉDICOS E ORTOPÉDICOS LTDA;3700;13/02/2025;;806;13/02/2026;;NÃO;NÃO;SIM;NÃO;NÃO;NÃO;SIM;" ANEXO 2024NE001628 - MANFRE (45651845) 

";;;;;;;;
HU-UFSCAR;HU;UMULTI;UNIDADE MULTIPROFISSIONAL ;SALA DISTRIBUIÇÃO STEC;10022190;142061213;DINAMOMETRO EMPUNHADURA MANOMETRO;EQUIPAMENTO;BASELINE;12 0241;MANFRE KNAUT COMÉRCIO VAREJISTA DE ARTIGOS MÉDICOS E ORTOPÉDICOS LTDA;3700;13/02/2025;;806;13/02/2026;;NÃO;NÃO;SIM;NÃO;NÃO;NÃO;SIM;ANEXO 2024NE001628 - MANFRE (45651845);;;;;;;;
HU-UFSCAR;HU;ENDO;ENDOSCOPIA;ENDOSCOPIA;;A-110583;DUODENOSCOPIO;EQUIPAMENTO;PENTAX;ED-3490-TK;ENDOTECH COMÉRCIO IMPORTAÇÃO EXPORTAÇÃO E SERVIÇOS LTDA;0;23/11/2021;;0000;23/11/2021;;NÃO;NÃO;SIM;NÃO;NÃO;NÃO;SIM;PROCESSO DE COMPRA: 23763.000846/2019-31;;;;;;;;
HU-UFSCAR;HU;AMB;AMBULATÓRIO DE ESPECIALIDADES MÉDICAS;AMBULATORIO;0010020664/AMB0025;92220220006;ELETROCARDIOGRAFO;EQUIPAMENTO;COMEN;CM-1200-B;DIXMEDICAL PRODUTOS PARA SAÚDE  LTDA;8200;16/11/2022;23763.001539/2022-73;185;23/11/2024;;NÃO;NÃO;SIM;NÃO;NÃO;SIM;SIM;;;;;;;;;
HU-UFSCAR;HU;AMB;AMBULATÓRIO DE ESPECIALIDADES MÉDICAS;AMBULATORIO;499912/0010018856/AMB0026;360861-M19605740019;ELETROCARDIOGRAFO;EQUIPAMENTO;EDAN;SE-300-B;ELO MEDICAL COMERCIAL EIRELI;7450;05/12/2019;;350;14/01/2023;;NÃO;NÃO;SIM;NÃO;NÃO;NÃO;SIM;;;;;;;;;
HU-UFSCAR;HU;AMB;AMBULATÓRIO DE ESPECIALIDADES MÉDICAS;AMBULATÓRIO;10022415;R122411081;ELETROCARDIOGRAFO;EQUIPAMENTO;ALFAMED;RITMUS-1200;ALFA MED SISTEMAS MEDICOS LTDA;6285;26/06/2025;23763.004634/2024-91;25542;26/06/2028;;NÃO;NÃO;SIM;NÃO;NÃO;NÃO;SIM;ANEXO 2024NE001620 - ALFA MED (45648916);;;;;;;;
HU-UFSCAR;HU;ECG;ELETROCARDIOGRAFIA;SADT;498387;EP800661;ELETROCARDIOGRAFO;EQUIPAMENTO;BIONET;CARDIOCARE-2000;COM MAT MED HOSP MACROSUL LTDA;6000;13/12/2016;;73853;13/12/2017;;NÃO;NÃO;SIM;NÃO;NÃO;NÃO;SIM;;;;;;;;;
HU-UFSCAR;HU;ECG;ELETROCARDIOGRAFIA;SALA 01 - EXAMES CARDIO;499488/10018855/UDID0020;T7P0200153;ELETROCARDIOGRAFO;EQUIPAMENTO;BIONET;CARDIO-7;COM MAT MED HOSP MACROSUL LTDA;13500;21/12/2018;;18098;21/12/2021;;NÃO;NÃO;SIM;NÃO;NÃO;SIM;SIM;;;;;;;;;
HU-UFSCAR;HU;ECG;ELETROCARDIOGRAFIA;SALA ERGOMETRIA;499487/0010018854/UDID0005;T7P0200152;ELETROCARDIOGRAFO;EQUIPAMENTO;BIONET;CARDIO-7;COM MAT MED HOSP MACROSUL LTDA;13500;21/12/2018;;18098;21/12/2021;;NÃO;NÃO;SIM;NÃO;NÃO;SIM;SIM;;;;;;;;;
HU-UFSCAR;HU;ECG;ELETROCARDIOGRAFIA;UDIDE;10022414/UDIDE0054;R122411142;ELETROCARDIOGRAFO;EQUIPAMENTO;ALFAMED;RITMUS-1200;ALFA MED SISTEMAS MEDICOS LTDA;6285;26/06/2025;23763.004634/2024-91;25542;26/06/2028;;NÃO;NÃO;SIM;NÃO;NÃO;NÃO;SIM;ANEXO 2024NE001620 - ALFA MED (45648916);;;;;;;;
HU-UFSCAR;HU;PAA;PA ADULTO;;498386/PA0006;EP800660;ELETROCARDIOGRAFO;EQUIPAMENTO;BIONET;CARDIOCARE-2000;COM MAT MED HOSP MACROSUL LTDA;6000;13/12/2016;;73853;13/12/2017;;NÃO;NÃO;SIM;NÃO;NÃO;SIM;SIM;;;;;;;;;
HU-UFSCAR;HU;SGPIT;SETOR DE GESTÃO DA PESQUISA E INOVAÇÃO TECNOLÓGICA;UPC;10020663/SGPITS0009;92220220007;ELETROCARDIOGRAFO;EQUIPAMENTO;COMEN;CM-1200-B;DIXMEDICAL PRODUTOS PARA SAÚDE  LTDA;8200;16/11/2022;;185;23/12/2024;;NÃO;NÃO;SIM;NÃO;NÃO;NÃO;SIM;;;;;;;;;
HU-UFSCAR;HU;STEC;SETOR DE ENGENHARIA CLÍNICA;;ECQ-ANALIZADORDEELETROCAUTERIO;0091400102;ELETROCARDIOGRAFO;EQUIPAMENTO;BIOSENSOR;BIOSIN;ECQ COMERCIO E MANUTENCAO HOSPITALAR LTDA;0;01/10/2022;;;01/10/2023;;NÃO;NÃO;SIM;NÃO;NÃO;NÃO;SIM;;;;;;;;;
HU-UFSCAR;HU;STEC;SETOR DE ENGENHARIA CLÍNICA;3 ANDAR;;1414120936;ELETROCARDIOGRAFO;EQUIPAMENTO;BIOCARE;ECG-101-G;TESTE/ AGUARDANDO CADASTRO DE FORNECEDOR;0;01/09/2015;;00;01/09/2016;;SIM;NÃO;SIM;NÃO;NÃO;NÃO;SIM;"NÃO HÁ DADOS SOBRE AQUISIÇÃO.

AVALIAR DESFAZIMENTO";;;;;;;;
HU-UFSCAR;HU;STEC;SETOR DE ENGENHARIA CLÍNICA;SALA DISTRIBUIÇÃO;10022742;R12A251201;ELETROCARDIOGRAFO;EQUIPAMENTO;ALFAMED;RITMUS-1200-A;ALFA MED SISTEMAS MEDICOS LTDA;6345;13/05/2026;23763.002470/2026-29;28516;13/05/2029;;NÃO;NÃO;SIM;NÃO;NÃO;NÃO;SIM;"10/2025 -

NOTA DE EMPENHO 2025NE001910 - ALFA MED (56808586)";;;;;;;;
HU-UFSCAR;HU;STEC;SETOR DE ENGENHARIA CLÍNICA;SALA DISTRIBUIÇÃO;10022743;R12A251229;ELETROCARDIOGRAFO;EQUIPAMENTO;ALFAMED;RITMUS-1200-A;ALFA MED SISTEMAS MEDICOS LTDA;6345;13/05/2026;23763.002470/2026-29;28516;13/05/2029;;NÃO;NÃO;SIM;NÃO;NÃO;NÃO;SIM;"10/2025 -

NOTA DE EMPENHO 2025NE001910 - ALFA MED (56808586)";;;;;;;;
HU-UFSCAR;HU;STEC-ECQ;ECQ/HU-UFSCAR;ENGENHARIA CLINICA;0010020665/UDID0004;92220220008;ELETROCARDIOGRAFO;EQUIPAMENTO;COMEN;CM-1200-B;DIXMEDICAL PRODUTOS PARA SAÚDE  LTDA;8200;16/11/2022;23763.001539/2022-73;185;23/11/2024;;NÃO;NÃO;SIM;NÃO;NÃO;SIM;SIM;CABO 10 VIAS SN ZF21090232205050043;;;;;;;;
HU-UFSCAR;HU;UCMC;CLÍNICA MÉDICA E CIRÚRGICA;;501174/0010018853/UCM0006;EIT0900020;ELETROCARDIOGRAFO;EQUIPAMENTO;BIONET;CARDIOCARE-2000;MACRO LIFE IMPORTADORA DE PRODUTOS MEDICOS - EIRELI;6700;06/07/2020;;19305;06/07/2023;;NÃO;NÃO;SIM;NÃO;NÃO;NÃO;SIM;;;;;;;;;
HU-UFSCAR;HU;UTIPED;UTI PEDIÁTRICA;UTI PEDIÁTRICA;0010018852/498386UUCA0046;EIT0900018;ELETROCARDIOGRAFO;EQUIPAMENTO;BIONET;CARDIOCARE-2000;COM MAT MED HOSP MACROSUL LTDA;6700;06/07/2020;;19305;06/07/2021;;NÃO;NÃO;SIM;NÃO;NÃO;NÃO;SIM;;;;;;;;;
HU-UFSCAR;HU;AMB;AMBULATÓRIO DE ESPECIALIDADES MÉDICAS;;;2500759;ESFIGMOMANOMETRO ANEROIDE;ACESSÓRIO;WENZHOU KANGJU;BR-20-D;TESTE/ AGUARDANDO CADASTRO DE FORNECEDOR;50;01/12/2022;;00;01/12/2023;;NÃO;NÃO;SIM;NÃO;NÃO;NÃO;SIM;NÃO HÁ DADOS SOBRE AQUISIÇÃO;;;;;;;;
HU-UFSCAR;HU;AMB;AMBULATÓRIO DE ESPECIALIDADES MÉDICAS;AMBULATORIO;;150422153527;ESFIGMOMANOMETRO ANEROIDE;ACESSÓRIO;WELCH ALLYN;TYCOS DS-44;TESTE/ AGUARDANDO CADASTRO DE FORNECEDOR;0;01/12/2022;;00;01/12/2023;;NÃO;NÃO;SIM;NÃO;NÃO;NÃO;SIM;NÃO HÁ DADOS SOBRE AQUISIÇÃO;;;;;;;;
HU-UFSCAR;HU;AMB;AMBULATÓRIO DE ESPECIALIDADES MÉDICAS;AMBULATORIO;;4292770;ESFIGMOMANOMETRO ANEROIDE;ACESSÓRIO;WENZHOU KANGJU;BR-20-D;MUNICIPIO DE SÃO CARLOS;50;23/12/2017;;*;23/12/2018;;NÃO;NÃO;SIM;NÃO;NÃO;NÃO;SIM;;;;;;;;;
HU-UFSCAR;HU;AMB;AMBULATÓRIO DE ESPECIALIDADES MÉDICAS;AMBULATORIO;PREF-ESFIG-018;5605990;ESFIGMOMANOMETRO ANEROIDE;ACESSÓRIO;WENZHOU KANGJU;BR-20-D;MUNICIPIO DE SÃO CARLOS;50;23/12/2017;;*;23/12/2018;;NÃO;NÃO;SIM;NÃO;NÃO;NÃO;SIM;;;;;;;;;
HU-UFSCAR;HU;AMB;AMBULATÓRIO DE ESPECIALIDADES MÉDICAS;AMBULATÓRIO;10018862/499063/AMB0002;09713/17;ESFIGMOMANOMETRO ANEROIDE;ACESSÓRIO;UNITEC;AD-2;MULTIFLEX DO BRASIL LTDA;520;18/12/2017;;644;18/12/2018;;NÃO;NÃO;SIM;NÃO;NÃO;NÃO;SIM;;;;;;;;;
HU-UFSCAR;HU;AMB;AMBULATÓRIO DE ESPECIALIDADES MÉDICAS;AMBULATÓRIO;10018865/499066/AMB0007;09703/17;ESFIGMOMANOMETRO ANEROIDE;ACESSÓRIO;UNITEC;AD-2;MULTIFLEX DO BRASIL LTDA;520;18/12/2017;;644;18/12/2018;;NÃO;NÃO;SIM;NÃO;NÃO;NÃO;SIM;;;;;;;;;
HU-UFSCAR;HU;AMB;AMBULATÓRIO DE ESPECIALIDADES MÉDICAS;AMBULATÓRIO;10018866/499067/AMB0001;09714/17;ESFIGMOMANOMETRO ANEROIDE;ACESSÓRIO;UNITEC;AD-2;MULTIFLEX DO BRASIL LTDA;520;18/12/2017;;644;18/12/2018;;NÃO;NÃO;SIM;NÃO;NÃO;NÃO;SIM;;;;;;;;;
HU-UFSCAR;HU;AMB;AMBULATÓRIO DE ESPECIALIDADES MÉDICAS;AMBULATÓRIO;10018868/499069/AMB0017;09722/17;ESFIGMOMANOMETRO ANEROIDE;ACESSÓRIO;UNITEC;AD-2;MULTIFLEX DO BRASIL LTDA;520;18/12/2017;;644;18/12/2018;;NÃO;NÃO;SIM;NÃO;NÃO;NÃO;SIM;;;;;;;;;
HU-UFSCAR;HU;AMB;AMBULATÓRIO DE ESPECIALIDADES MÉDICAS;AMBULATÓRIO;10018871/499072/AMB0028;09712/17;ESFIGMOMANOMETRO ANEROIDE;ACESSÓRIO;UNITEC;AD-2;MULTIFLEX DO BRASIL LTDA;520;18/12/2017;;644;18/12/2018;;NÃO;NÃO;SIM;NÃO;NÃO;NÃO;SIM;;;;;;;;;
HU-UFSCAR;HU;AMB;AMBULATÓRIO DE ESPECIALIDADES MÉDICAS;AMBULATÓRIO;10018872/499073/AMB0014;09710/17;ESFIGMOMANOMETRO ANEROIDE;ACESSÓRIO;UNITEC;AD-2;MULTIFLEX DO BRASIL LTDA;520;18/12/2017;;644;18/12/2018;;NÃO;NÃO;SIM;NÃO;NÃO;NÃO;SIM;;;;;;;;;
HU-UFSCAR;HU;AMB;AMBULATÓRIO DE ESPECIALIDADES MÉDICAS;AMBULATÓRIO;10018873/499074/AMB0018;09704/17;ESFIGMOMANOMETRO ANEROIDE;ACESSÓRIO;UNITEC;AD-2;MULTIFLEX DO BRASIL LTDA;520;18/12/2017;;644;18/12/2018;;NÃO;NÃO;SIM;NÃO;NÃO;NÃO;SIM;;;;;;;;;
HU-UFSCAR;HU;AMB;AMBULATÓRIO DE ESPECIALIDADES MÉDICAS;AMBULATÓRIO;10018874/499075/AMB0016;09706/17;ESFIGMOMANOMETRO ANEROIDE;ACESSÓRIO;UNITEC;AD-2;MULTIFLEX DO BRASIL LTDA;520;18/12/2017;;644;18/12/2018;;NÃO;NÃO;SIM;NÃO;NÃO;NÃO;SIM;;;;;;;;;
HU-UFSCAR;HU;AMB;AMBULATÓRIO DE ESPECIALIDADES MÉDICAS;AMBULATÓRIO;10018878/499079/AMB0019;09708/17;ESFIGMOMANOMETRO ANEROIDE;ACESSÓRIO;UNITEC;AD-2;MULTIFLEX DO BRASIL LTDA;520;18/12/2017;;644;18/12/2018;;NÃO;NÃO;SIM;NÃO;NÃO;NÃO;SIM;;;;;;;;;
HU-UFSCAR;HU;AMB;AMBULATÓRIO DE ESPECIALIDADES MÉDICAS;AMBULATÓRIO;499064/0010018863/AMB1A0001;09709/17;ESFIGMOMANOMETRO ANEROIDE;ACESSÓRIO;UNITEC;AD-2;MULTIFLEX DO BRASIL LTDA;520;18/12/2017;;644;18/12/2018;;NÃO;NÃO;SIM;NÃO;NÃO;NÃO;SIM;;;;;;;;;
HU-UFSCAR;HU;AMB;AMBULATÓRIO DE ESPECIALIDADES MÉDICAS;CONSULTÓRIO 2 - 1 ANDAR BLOCO C;10018875/499076/AMB0029;09715/17;ESFIGMOMANOMETRO ANEROIDE;ACESSÓRIO;UNITEC;AD-2;MULTIFLEX DO BRASIL LTDA;520;18/12/2017;;644;18/12/2018;;NÃO;NÃO;SIM;NÃO;NÃO;NÃO;SIM;;;;;;;;;
HU-UFSCAR;HU;ECG;ELETROCARDIOGRAFIA;;;7083519;ESFIGMOMANOMETRO ANEROIDE;ACESSÓRIO;WENZHOU KANGJU;BR-20-D;TESTE/ AGUARDANDO CADASTRO DE FORNECEDOR;100;01/12/2022;;0;01/12/2023;;NÃO;NÃO;SIM;NÃO;NÃO;NÃO;SIM;;;;;;;;;
HU-UFSCAR;HU;ECG;ELETROCARDIOGRAFIA;;;7119803;ESFIGMOMANOMETRO ANEROIDE;ACESSÓRIO;WENZHOU KANGJU;BR-20-D;TESTE/ AGUARDANDO CADASTRO DE FORNECEDOR;0;01/10/2022;;0;01/10/2023;;NÃO;NÃO;SIM;NÃO;NÃO;NÃO;SIM;;;;;;;;;
HU-UFSCAR;HU;ECG;ELETROCARDIOGRAFIA;;499061/0010018860/UDID0006;09720/17;ESFIGMOMANOMETRO ANEROIDE;ACESSÓRIO;UNITEC;AD-2;MULTIFLEX DO BRASIL LTDA;520;18/12/2017;;644;18/12/2018;;NÃO;NÃO;SIM;NÃO;NÃO;NÃO;SIM;;;;;;;;;
HU-UFSCAR;HU;ECG;ELETROCARDIOGRAFIA;UDIDE;;7025183;ESFIGMOMANOMETRO ANEROIDE;ACESSÓRIO;WENZHOU KANGJU;BR-20-D;TESTE/ AGUARDANDO CADASTRO DE FORNECEDOR;0;01/12/2022;;0;01/12/2023;;NÃO;NÃO;SIM;NÃO;NÃO;NÃO;SIM;;;;;;;;;
HU-UFSCAR;HU;ECG;ELETROCARDIOGRAFIA;UDIDE;;7025184;ESFIGMOMANOMETRO ANEROIDE;ACESSÓRIO;WENZHOU KANGJU;BR-20-D;TESTE/ AGUARDANDO CADASTRO DE FORNECEDOR;0;01/12/2022;;0;01/12/2023;;NÃO;NÃO;SIM;NÃO;NÃO;NÃO;SIM;;;;;;;;;
HU-UFSCAR;HU;PAA;PA ADULTO;CONSULTÓRIO 06;499071/0010018870/PA0023;09707/17;ESFIGMOMANOMETRO ANEROIDE;ACESSÓRIO;UNITEC;AD-2;MULTIFLEX DO BRASIL LTDA;520;18/12/2017;;644;18/12/2018;;NÃO;NÃO;SIM;NÃO;NÃO;NÃO;SIM;;;;;;;;;
HU-UFSCAR;HU;PAA;PA ADULTO;PA ADULTO;;5552428;ESFIGMOMANOMETRO ANEROIDE;ACESSÓRIO;WENZHOU KANGJU;BR-20-D;TESTE/ AGUARDANDO CADASTRO DE FORNECEDOR;50;01/12/2022;;00;01/12/2023;;NÃO;NÃO;SIM;NÃO;NÃO;NÃO;SIM;NÃO HÁ INFORMAÇÕES SOBRE AQUISIÇÃO.;;;;;;;;
HU-UFSCAR;HU;PAA;PA ADULTO;PA ADULTO;;5695990;ESFIGMOMANOMETRO ANEROIDE;ACESSÓRIO;WENZHOU KANGJU;BR-20-D;TESTE/ AGUARDANDO CADASTRO DE FORNECEDOR;50;01/12/2022;;00;01/12/2023;;NÃO;NÃO;SIM;NÃO;NÃO;NÃO;SIM;NÃO HÁ DADOS SOBRE AQUISIÇÃO;;;;;;;;
HU-UFSCAR;HU;PAA;PA ADULTO;PA ADULTO;;6854636;ESFIGMOMANOMETRO ANEROIDE;ACESSÓRIO;WENZHOU KANGJU;BR-20-D;TESTE/ AGUARDANDO CADASTRO DE FORNECEDOR;50;01/12/2022;;00;01/12/2023;;NÃO;NÃO;SIM;NÃO;NÃO;NÃO;SIM;NÃO HÁ DADOS SOBRE AQUISIÇÃO;;;;;;;;
HU-UFSCAR;HU;PAI;PA INFANTIL;;;371322;ESFIGMOMANOMETRO ANEROIDE;ACESSÓRIO;WENZHOU KANGJU;BR-20-D;TESTE/ AGUARDANDO CADASTRO DE FORNECEDOR;50;01/12/2022;;00;01/12/2023;;NÃO;NÃO;SIM;NÃO;NÃO;NÃO;SIM;NÃO HÁ DADOS SOBRE AQUISIÇÃO;;;;;;;;
HU-UFSCAR;HU;PAI;PA INFANTIL;;;457656;ESFIGMOMANOMETRO ANEROIDE;ACESSÓRIO;WENZHOU KANGJU;BR-20-D;TESTE/ AGUARDANDO CADASTRO DE FORNECEDOR;50;01/12/2022;;00;01/12/2023;;NÃO;NÃO;SIM;NÃO;NÃO;NÃO;SIM;NÃO HÁ DADOS SOBRE AQUISIÇÃO;;;;;;;;
HU-UFSCAR;HU;SGPIT;SETOR DE GESTÃO DA PESQUISA E INOVAÇÃO TECNOLÓGICA;PESQUISA CLINICA;;6854641;ESFIGMOMANOMETRO ANEROIDE;EQUIPAMENTO;WENZHOU KANGJU;BR-20-D; FISIOMEDICA PRODUTOS E EQUIPAMENTOS LTDA;290;23/01/2026;23763.006484/2025-31;2864;23/01/2026;;NÃO;NÃO;SIM;NÃO;NÃO;NÃO;SIM;;;;;;;;;
HU-UFSCAR;HU;SGPIT;SETOR DE GESTÃO DA PESQUISA E INOVAÇÃO TECNOLÓGICA;SETOR DE PESQUISA;;16686;ESFIGMOMANOMETRO ANEROIDE;ACESSÓRIO;INCOTERM;EA-100;TESTE/ AGUARDANDO CADASTRO DE FORNECEDOR;0;01/12/2023;;*;01/12/2024;;NÃO;NÃO;SIM;NÃO;NÃO;NÃO;NÃO;;;;;;;;;
HU-UFSCAR;HU;SGPIT;SETOR DE GESTÃO DA PESQUISA E INOVAÇÃO TECNOLÓGICA;SETOR DE PESQUISA;;7093004;ESFIGMOMANOMETRO ANEROIDE;ACESSÓRIO;WENZHOU KANGJU;BR-20-D;TESTE/ AGUARDANDO CADASTRO DE FORNECEDOR;0;20/12/2022;;*;20/12/2023;;NÃO;NÃO;SIM;NÃO;NÃO;NÃO;SIM;;;;;;;;;
HU-UFSCAR;HU;SOST;SAÚDE OCUPACIONAL E SEGURANÇA DO TRABALHO;MEDICINA DO TRABALHO;PREF-ESFIG-014;4650464;ESFIGMOMANOMETRO ANEROIDE;ACESSÓRIO;WENZHOU KANGJU;BR-20-D;MUNICIPIO DE SÃO CARLOS;50;23/12/2017;;*;23/12/2018;;NÃO;NÃO;SIM;NÃO;NÃO;NÃO;SIM;;;;;;;;;
HU-UFSCAR;HU;STEC;SETOR DE ENGENHARIA CLÍNICA;3 ANDAR;;5829439;ESFIGMOMANOMETRO ANEROIDE;ACESSÓRIO;WENZHOU KANGJU;BR-20-D;TESTE/ AGUARDANDO CADASTRO DE FORNECEDOR;60;01/12/2022;;00;01/12/2023;;NÃO;NÃO;SIM;NÃO;NÃO;NÃO;SIM;NÃO HÁ DADOS SOBRE AQUISIÇÃO;;;;;;;;
HU-UFSCAR;HU;STEC;SETOR DE ENGENHARIA CLÍNICA;3 ANDAR;;6330688;ESFIGMOMANOMETRO ANEROIDE;ACESSÓRIO;WENZHOU KANGJU;BR-20-D;TESTE/ AGUARDANDO CADASTRO DE FORNECEDOR;60;01/12/2020;;00;01/12/2021;;NÃO;NÃO;SIM;NÃO;NÃO;NÃO;SIM;NÃO HÁ DADOS SOBRE AQUISIÇÃO.;;;;;;;;
HU-UFSCAR;HU;STEC;SETOR DE ENGENHARIA CLÍNICA;3 ANDAR;;63499595;ESFIGMOMANOMETRO ANEROIDE;ACESSÓRIO;WENZHOU KANGJU;BR-20-D;TESTE/ AGUARDANDO CADASTRO DE FORNECEDOR;60;01/12/2020;;00;01/12/2021;;NÃO;NÃO;SIM;NÃO;NÃO;NÃO;SIM;NÃO HÁ DADOS SOBRE AQUISIÇÃO;;;;;;;;
HU-UFSCAR;HU;STEC;SETOR DE ENGENHARIA CLÍNICA;ALMOXARIFADO MANUTENÇÃO - 3 ANDAR;10018864/499065;09719/17;ESFIGMOMANOMETRO ANEROIDE;ACESSÓRIO;UNITEC;AD-2;MULTIFLEX DO BRASIL LTDA;520;18/12/2017;;644;18/12/2018;21/01/2026;SIM;SIM;NÃO;NÃO;NÃO;NÃO;SIM;;;;;;;8 ANOS, 1 MÊS E 3 DIAS;;
HU-UFSCAR;HU;STEC;SETOR DE ENGENHARIA CLÍNICA;ALMOXARIFADO MANUTENÇÃO - 3 ANDAR;10018867/499068;09711/17;ESFIGMOMANOMETRO ANEROIDE;ACESSÓRIO;UNITEC;AD-2;MULTIFLEX DO BRASIL LTDA;520;18/12/2017;;644;18/12/2018;21/01/2026;SIM;SIM;NÃO;NÃO;NÃO;NÃO;SIM;;;;;;;8 ANOS, 1 MÊS E 3 DIAS;;
HU-UFSCAR;HU;STEC;SETOR DE ENGENHARIA CLÍNICA;ALMOXARIFADO MANUTENÇÃO - 3 ANDAR;10018869/499070;09716/17;ESFIGMOMANOMETRO ANEROIDE;ACESSÓRIO;UNITEC;AD-2;MULTIFLEX DO BRASIL LTDA;520;18/12/2017;;644;18/12/2018;21/01/2026;SIM;SIM;NÃO;NÃO;NÃO;NÃO;SIM;;;;;;;8 ANOS, 1 MÊS E 3 DIAS;;
HU-UFSCAR;HU;STEC;SETOR DE ENGENHARIA CLÍNICA;ALMOXARIFADO MANUTENÇÃO - 3 ANDAR;10018877/499078;09718/17;ESFIGMOMANOMETRO ANEROIDE;ACESSÓRIO;UNITEC;AD-2;MULTIFLEX DO BRASIL LTDA;520;18/12/2017;;644;18/12/2018;21/01/2026;SIM;SIM;NÃO;NÃO;NÃO;NÃO;SIM;;;;;;;8 ANOS, 1 MÊS E 3 DIAS;;
HU-UFSCAR;HU;STEC;SETOR DE ENGENHARIA CLÍNICA;ALMOXARIFADO MANUTENÇÃO 3 ANDAR;10018859/499060;09705/17;ESFIGMOMANOMETRO ANEROIDE;ACESSÓRIO;UNITEC;AD-2;MULTIFLEX DO BRASIL LTDA;520;18/12/2017;;644;18/12/2018;21/01/2026;SIM;SIM;NÃO;NÃO;NÃO;NÃO;SIM;;;;;;;8 ANOS, 1 MÊS E 3 DIAS;;
HU-UFSCAR;HU;STEC;SETOR DE ENGENHARIA CLÍNICA;ENG. CLINICA ;499062/0010018861;09721/17;ESFIGMOMANOMETRO ANEROIDE;ACESSÓRIO;UNITEC;AD-2;MULTIFLEX DO BRASIL LTDA;520;18/12/2017;;644;18/12/2018;13/06/2024;SIM;SIM;NÃO;NÃO;NÃO;NÃO;SIM;;;;;;;6 ANOS, 5 MESES E 26 DIAS;;
HU-UFSCAR;HU;STEC;SETOR DE ENGENHARIA CLÍNICA;SALA DE CALIBRAÇÃO E METROLOGIA;499077/10018876;09717/17;ESFIGMOMANOMETRO ANEROIDE;ACESSÓRIO;UNITEC;AD-2;MULTIFLEX DO BRASIL LTDA;520;23/12/2017;;644;23/12/2018;;SIM;NÃO;SIM;NÃO;NÃO;NÃO;SIM;;;;;;;;;
HU-UFSCAR;HU;STEC-ECQ;ECQ/HU-UFSCAR;ESTOQUE DE PEÇAS;;7142769;ESFIGMOMANOMETRO ANEROIDE;ACESSÓRIO;WENZHOU KANGJU;BR-20-D;TESTE/ AGUARDANDO CADASTRO DE FORNECEDOR;60;01/12/2022;;0;01/12/2023;;NÃO;NÃO;SIM;NÃO;NÃO;NÃO;SIM;;;;;;;;;
HU-UFSCAR;HU;STEC-ECQ;ECQ/HU-UFSCAR;ESTOQUE DE PEÇAS;;7142771;ESFIGMOMANOMETRO ANEROIDE;ACESSÓRIO;WENZHOU KANGJU;BR-20-D;TESTE/ AGUARDANDO CADASTRO DE FORNECEDOR;60;01/12/2022;;0;01/12/2023;;NÃO;NÃO;SIM;NÃO;NÃO;NÃO;SIM;;;;;;;;;
HU-UFSCAR;HU;STEC-ECQ;ECQ/HU-UFSCAR;ESTOQUE DE PEÇAS;;7143039;ESFIGMOMANOMETRO ANEROIDE;ACESSÓRIO;WENZHOU KANGJU;BR-20-D;TESTE/ AGUARDANDO CADASTRO DE FORNECEDOR;60;01/12/2022;;;01/12/2023;;NÃO;NÃO;SIM;NÃO;NÃO;NÃO;SIM;;;;;;;;;
HU-UFSCAR;HU;STEC-ECQ;ECQ/HU-UFSCAR;SALA DE CALIBRAÇÃO E METROLOGIA;;3276728;ESFIGMOMANOMETRO ANEROIDE;ACESSÓRIO;WENZHOU KANGJU;BR-20-D;TESTE/ AGUARDANDO CADASTRO DE FORNECEDOR;60;20/12/2022;;00;20/12/2023;;NÃO;NÃO;SIM;NÃO;NÃO;NÃO;SIM;NÃO HÁ DADOS SOBRE AQUISIÇÃO;;;;;;;;
HU-UFSCAR;HU;UCMC;CLÍNICA MÉDICA E CIRÚRGICA;CLINICA MEDICA;PREF-ESFIG-001;5537226;ESFIGMOMANOMETRO ANEROIDE;ACESSÓRIO;WENZHOU KANGJU;BR-20-D;MUNICIPIO DE SÃO CARLOS;60,48;06/07/2020;;13966;06/07/2021;;NÃO;NÃO;SIM;NÃO;NÃO;NÃO;SIM;;;;;;;;;
HU-UFSCAR;HU;UCMC;CLÍNICA MÉDICA E CIRÚRGICA;CLINICA MEDICA;PREF-ESFIG-002;2177181;ESFIGMOMANOMETRO ANEROIDE;ACESSÓRIO;WENZHOU KANGJU;BR-20-D;MUNICIPIO DE SÃO CARLOS;50;23/12/2017;;*;23/12/2018;;NÃO;NÃO;SIM;NÃO;NÃO;NÃO;SIM;;;;;;;;;
HU-UFSCAR;HU;UCMC;CLÍNICA MÉDICA E CIRÚRGICA;CLINICA MEDICA;PREF-ESFIG-003;3285405;ESFIGMOMANOMETRO ANEROIDE;ACESSÓRIO;WENZHOU KANGJU;BR-20-D;MUNICIPIO DE SÃO CARLOS;50;23/12/2017;;*;23/12/2018;;NÃO;NÃO;SIM;NÃO;NÃO;NÃO;SIM;;;;;;;;;
HU-UFSCAR;HU;UCMC;CLÍNICA MÉDICA E CIRÚRGICA;CLINICA MEDICA;PREF-ESFIG-004;3347636;ESFIGMOMANOMETRO ANEROIDE;ACESSÓRIO;WENZHOU KANGJU;BR-20-D;MUNICIPIO DE SÃO CARLOS;50;23/12/2017;;*;23/12/2018;;NÃO;NÃO;SIM;NÃO;NÃO;NÃO;SIM;;;;;;;;;
HU-UFSCAR;HU;UCMC;CLÍNICA MÉDICA E CIRÚRGICA;CLINICA MEDICA;PREF-ESFIG-005;3443357;ESFIGMOMANOMETRO ANEROIDE;ACESSÓRIO;WENZHOU KANGJU;BR-20-D;MUNICIPIO DE SÃO CARLOS;50;23/12/2017;;*;23/12/2018;;NÃO;NÃO;SIM;NÃO;NÃO;NÃO;SIM;;;;;;;;;
HU-UFSCAR;HU;UCMC;CLÍNICA MÉDICA E CIRÚRGICA;CLINICA MEDICA;PREF-ESFIG-006;3644908;ESFIGMOMANOMETRO ANEROIDE;ACESSÓRIO;WENZHOU KANGJU;BR-20-D;MUNICIPIO DE SÃO CARLOS;50;23/12/2017;;*;23/12/2018;;NÃO;NÃO;SIM;NÃO;NÃO;NÃO;SIM;;;;;;;;;
HU-UFSCAR;HU;UCMC;CLÍNICA MÉDICA E CIRÚRGICA;CLINICA MEDICA;PREF-ESFIG-007;3670706;ESFIGMOMANOMETRO ANEROIDE;ACESSÓRIO;WENZHOU KANGJU;BR-20-D;MUNICIPIO DE SÃO CARLOS;50;23/12/2017;;*;23/12/2018;;NÃO;NÃO;SIM;NÃO;NÃO;NÃO;SIM;;;;;;;;;
HU-UFSCAR;HU;UCMC;CLÍNICA MÉDICA E CIRÚRGICA;CLINICA MEDICA;PREF-ESFIG-008;3683336;ESFIGMOMANOMETRO ANEROIDE;ACESSÓRIO;WENZHOU KANGJU;BR-20-D;MUNICIPIO DE SÃO CARLOS;50;23/12/2017;;*;23/12/2018;;NÃO;NÃO;SIM;NÃO;NÃO;NÃO;SIM;;;;;;;;;
HU-UFSCAR;HU;UCMC;CLÍNICA MÉDICA E CIRÚRGICA;CLINICA MEDICA;PREF-ESFIG-009;3710738;ESFIGMOMANOMETRO ANEROIDE;ACESSÓRIO;WENZHOU KANGJU;BR-20-D;MUNICIPIO DE SÃO CARLOS;50;23/12/2017;;*;23/12/2018;;NÃO;NÃO;SIM;NÃO;NÃO;NÃO;SIM;;;;;;;;;
HU-UFSCAR;HU;UCMC;CLÍNICA MÉDICA E CIRÚRGICA;CLINICA MEDICA;PREF-ESFIG-010;4042641;ESFIGMOMANOMETRO ANEROIDE;ACESSÓRIO;WENZHOU KANGJU;BR-20-D;MUNICIPIO DE SÃO CARLOS;50;23/12/2017;;*;23/12/2018;;NÃO;NÃO;SIM;NÃO;NÃO;NÃO;SIM;;;;;;;;;
HU-UFSCAR;HU;UCMC;CLÍNICA MÉDICA E CIRÚRGICA;CLINICA MEDICA;PREF-ESFIG-011;4518719;ESFIGMOMANOMETRO ANEROIDE;ACESSÓRIO;WENZHOU KANGJU;BR-20-D;MUNICIPIO DE SÃO CARLOS;50;23/12/2017;;*;23/12/2018;;NÃO;NÃO;SIM;NÃO;NÃO;NÃO;SIM;;;;;;;;;
HU-UFSCAR;HU;UCMC;CLÍNICA MÉDICA E CIRÚRGICA;CLINICA MEDICA;PREF-ESFIG-012;4567048;ESFIGMOMANOMETRO ANEROIDE;ACESSÓRIO;WENZHOU KANGJU;BR-20-D;MUNICIPIO DE SÃO CARLOS;50;23/12/2017;;*;23/12/2018;;NÃO;NÃO;SIM;NÃO;NÃO;NÃO;SIM;;;;;;;;;
HU-UFSCAR;HU;UCMC;CLÍNICA MÉDICA E CIRÚRGICA;CLINICA MEDICA;PREF-ESFIG-013;4572675;ESFIGMOMANOMETRO ANEROIDE;ACESSÓRIO;WENZHOU KANGJU;BR-20-D;MUNICIPIO DE SÃO CARLOS;50;23/12/2017;;*;23/12/2018;;NÃO;NÃO;SIM;NÃO;NÃO;NÃO;SIM;;;;;;;;;
HU-UFSCAR;HU;UCMC;CLÍNICA MÉDICA E CIRÚRGICA;CLINICA MEDICA;PREF-ESFIG-015;5762832;ESFIGMOMANOMETRO ANEROIDE;ACESSÓRIO;WENZHOU KANGJU;BR-20-D;MUNICIPIO DE SÃO CARLOS;50;23/12/2017;;*;23/12/2018;;NÃO;NÃO;SIM;NÃO;NÃO;NÃO;SIM;;;;;;;;;
HU-UFSCAR;HU;UCMC;CLÍNICA MÉDICA E CIRÚRGICA;CLINICA MEDICA;PREF-ESFIG-016;5779632;ESFIGMOMANOMETRO ANEROIDE;ACESSÓRIO;WENZHOU KANGJU;BR-20-D;MUNICIPIO DE SÃO CARLOS;50;23/12/2017;;*;23/12/2018;;NÃO;NÃO;SIM;NÃO;NÃO;NÃO;SIM;;;;;;;;;
HU-UFSCAR;HU;UCMC;CLÍNICA MÉDICA E CIRÚRGICA;CLINICA MEDICA;PREF-ESFIG-017;885372;ESFIGMOMANOMETRO ANEROIDE;ACESSÓRIO;WENZHOU KANGJU;BR-20-D;MUNICIPIO DE SÃO CARLOS;50;23/12/2017;;*;23/12/2018;;NÃO;NÃO;SIM;NÃO;NÃO;NÃO;SIM;;;;;;;;;
HU-UFSCAR;HU;UCMC;CLÍNICA MÉDICA E CIRÚRGICA;CLINICA MÉDICA ;;5171764;ESFIGMOMANOMETRO ANEROIDE;ACESSÓRIO;WENZHOU KANGJU;BR-20-D;TESTE/ AGUARDANDO CADASTRO DE FORNECEDOR;60;22/10/2022;;00000;22/10/2023;;NÃO;NÃO;SIM;NÃO;NÃO;NÃO;SIM;;;;;;;;;
HU-UFSCAR;HU;UCMC;CLÍNICA MÉDICA E CIRÚRGICA;CLÍNICA MÉDICA;;7025669;ESFIGMOMANOMETRO ANEROIDE;ACESSÓRIO;WENZHOU KANGJU;BR-20-D;TESTE/ AGUARDANDO CADASTRO DE FORNECEDOR;50;01/12/2022;;00;01/12/2023;;NÃO;NÃO;SIM;NÃO;NÃO;NÃO;SIM;"NÃO HÁ INFORMAÇÕES SOBRE AQUISIÇÃO;";;;;;;;;
HU-UFSCAR;HU;UCMC;CLÍNICA MÉDICA E CIRÚRGICA;CLÍNICA MÉDICA;;7087507;ESFIGMOMANOMETRO ANEROIDE;ACESSÓRIO;WENZHOU KANGJU;BR-20-D;TESTE/ AGUARDANDO CADASTRO DE FORNECEDOR;0;01/12/2022;;00;01/12/2023;;NÃO;NÃO;SIM;NÃO;NÃO;NÃO;SIM;SEM DADOS DE AQUISIÇÃO;;;;;;;;
HU-UFSCAR;HU;UCMC;CLÍNICA MÉDICA E CIRÚRGICA;CLÍNICA MÉDICA;;7089922;ESFIGMOMANOMETRO ANEROIDE;ACESSÓRIO;WENZHOU KANGJU;BR-20-D;TESTE/ AGUARDANDO CADASTRO DE FORNECEDOR;50;01/12/2022;;00;01/12/2023;;NÃO;NÃO;SIM;NÃO;NÃO;NÃO;SIM;NÃO HÁ INFORMAÇÕES SOBRE AQUISIÇÃO;;;;;;;;
HU-UFSCAR;HU;UCMC;CLÍNICA MÉDICA E CIRÚRGICA;CLÍNICA MÉDICA;;7142658;ESFIGMOMANOMETRO ANEROIDE;ACESSÓRIO;WENZHOU KANGJU;BR-20-D;TESTE/ AGUARDANDO CADASTRO DE FORNECEDOR;0;12/12/2022;;00;12/12/2023;;NÃO;NÃO;SIM;NÃO;NÃO;NÃO;SIM;SEM DADOS DE AQUISIÇÃO;;;;;;;;
HU-UFSCAR;HU;UCMC;CLÍNICA MÉDICA E CIRÚRGICA;CLÍNICA MÉDICA;ESFIG;6741618;ESFIGMOMANOMETRO ANEROIDE;ACESSÓRIO;WENZHOU KANGJU;BR-20-D;TESTE/ AGUARDANDO CADASTRO DE FORNECEDOR;60;20/12/2022;;00;20/12/2023;;NÃO;NÃO;SIM;NÃO;NÃO;NÃO;SIM;NÃO HÁ DADOS SOBRE AQUISIÇÃO;;;;;;;;
HU-UFSCAR;HU;USM;SAÚDE MENTAL;SAUDE MENTAL;;7083503;ESFIGMOMANOMETRO ANEROIDE;ACESSÓRIO;WENZHOU KANGJU;BR-20-D;TESTE/ AGUARDANDO CADASTRO DE FORNECEDOR;60;20/12/2022;;00000;20/12/2023;;NÃO;NÃO;SIM;NÃO;NÃO;NÃO;SIM;;;;;;;;;
HU-UFSCAR;HU;UTIA;UTI ADULTO;UTI ADULTO;;7087433;ESFIGMOMANOMETRO ANEROIDE;ACESSÓRIO;WENZHOU KANGJU;BR-20-D;TESTE/ AGUARDANDO CADASTRO DE FORNECEDOR;0;12/12/2022;;00;12/12/2023;;NÃO;NÃO;SIM;NÃO;NÃO;NÃO;SIM;;;;;;;;;
HU-UFSCAR;HU;UTIA;UTI ADULTO;UTI ADULTO;;7142770;ESFIGMOMANOMETRO ANEROIDE;ACESSÓRIO;WENZHOU KANGJU;BR-20-D;TESTE/ AGUARDANDO CADASTRO DE FORNECEDOR;0;12/12/2022;;00;12/12/2023;;NÃO;NÃO;SIM;NÃO;NÃO;NÃO;SIM;;;;;;;;;
HU-UFSCAR;HU;AMB;AMBULATÓRIO DE ESPECIALIDADES MÉDICAS;AMBULATORIO;AMB0039;;ESFIGMOMANOMETRO AUTOMATICO ELETRONICO;EQUIPAMENTO;EBAI;FZF-19-SB-869;TESTE/ AGUARDANDO CADASTRO DE FORNECEDOR;82,73;22/07/2020;0;00000;22/07/2021;21/01/2026;SIM;SIM;NÃO;NÃO;NÃO;NÃO;SIM;;;;;;;5 ANOS, 5 MESES E 30 DIAS;;
HU-UFSCAR;HU;ECG;ELETROCARDIOGRAFIA;UDIDE;UDID0042;;ESFIGMOMANOMETRO AUTOMATICO ELETRONICO;EQUIPAMENTO;EBAI;FZF-19-SB-869;TESTE/ AGUARDANDO CADASTRO DE FORNECEDOR;82,73;22/07/2020;0;0000;22/07/2021;21/01/2026;SIM;SIM;NÃO;NÃO;NÃO;NÃO;SIM;;;;;;;5 ANOS, 5 MESES E 30 DIAS;;
HU-UFSCAR;HU;SOST;SAÚDE OCUPACIONAL E SEGURANÇA DO TRABALHO;;SOST0001;;ESFIGMOMANOMETRO AUTOMATICO ELETRONICO;EQUIPAMENTO;EBAI;FZF-19-SB-869;TESTE/ AGUARDANDO CADASTRO DE FORNECEDOR;82,73;22/07/2020;;0;22/07/2021;21/01/2026;SIM;SIM;NÃO;NÃO;NÃO;NÃO;SIM;;;;;;;5 ANOS, 5 MESES E 30 DIAS;;
HU-UFSCAR;HU;UMULTI;UNIDADE MULTIPROFISSIONAL ;MULTI;PREF-ESP-001;1808K4113;ESPIROMETRO DIAGNOSTICO;EQUIPAMENTO;NSPIRE;KOKO SX-1000;PRO-AR COMERCIO DE PRODUTOS HOSPITALARES LTDA;30760;25/09/2018;;*;26/09/2021;;NÃO;NÃO;SIM;NÃO;NÃO;NÃO;SIM;;;;;;;;;
HU-UFSCAR;HU;UDIDE-MG-ERGO;ERGOMETRIA;UDI - TESTE ERGOMETRICO;501453/UDID0002;181901210;ESTEIRA ERGOMETRICA;EQUIPAMENTO;TEB;APEX-200;TECNOCLIN;24400;20/02/2019;;25560;20/02/2021;;NÃO;NÃO;SIM;NÃO;NÃO;SIM;SIM;;;;;;;;;
HU-UFSCAR;HU;UMULTI;UNIDADE MULTIPROFISSIONAL ;REABILITAÇÃO;499611/0010019141/UMULTI0005;03265000121;ESTEIRA ERGOMETRICA;EQUIPAMENTO;ATHLETIC;EXTREME-1060-T;MEDSYSTEM EQUIPAMENTOS MEDICOS LTDA;4809,99;20/02/2019;;200;20/02/2020;;NÃO;NÃO;SIM;NÃO;NÃO;NÃO;SIM;;;;;;;;;
HU-UFSCAR;HU;STEC;SETOR DE ENGENHARIA CLÍNICA;SALA DISTRIBUIÇÃO;10022750;1545360220;ESTIMULADOR ELETRICO N P ANALGESIA TRANSCUTANEO;EQUIPAMENTO;IBRAMED;NEURODYN; SZ HOSPITALAR;999,9;27/01/2026;23763.000662/2026-09;16937;27/01/2027;;NÃO;NÃO;SIM;NÃO;NÃO;NÃO;SIM;;;;;;;;;
HU-UFSCAR;HU;STEC;SETOR DE ENGENHARIA CLÍNICA;SALA DISTRIBUIÇÃO;10022751;1546010102;ESTIMULADOR ELETRICO N P ANALGESIA TRANSCUTANEO;EQUIPAMENTO;IBRAMED;NEURODYN; SZ HOSPITALAR;999,9;27/01/2026;23763.000662/2026-09;16937;27/01/2027;;NÃO;NÃO;SIM;NÃO;NÃO;NÃO;SIM;;;;;;;;;
HU-UFSCAR;HU;STEC;SETOR DE ENGENHARIA CLÍNICA;SALA DISTRIBUIÇÃO;10022752;1546010114;ESTIMULADOR ELETRICO N P ANALGESIA TRANSCUTANEO;EQUIPAMENTO;IBRAMED;NEURODYN; SZ HOSPITALAR;999,9;27/01/2026;23763.000662/2026-09;16937;27/01/2027;;NÃO;NÃO;SIM;NÃO;NÃO;NÃO;SIM;;;;;;;;;
HU-UFSCAR;HU;STEC;SETOR DE ENGENHARIA CLÍNICA;SALA DISTRIBUIÇÃO;10022754;1548400109;ESTIMULADOR ELETRICO N P ANALGESIA TRANSCUTANEO;EQUIPAMENTO;IBRAMED;NEURODYN; SZ HOSPITALAR;999,9;27/01/2026;23763.000662/2026-09;16937;27/01/2027;;NÃO;NÃO;SIM;NÃO;NÃO;NÃO;SIM;;;;;;;;;
HU-UFSCAR;HU;UTIA;UTI ADULTO;SALA UTI ADULTO;10022753;1546010119;ESTIMULADOR ELETRICO N P ANALGESIA TRANSCUTANEO;EQUIPAMENTO;IBRAMED;NEURODYN; SZ HOSPITALAR;999,9;27/01/2026;23763.000662/2026-09;16937;27/01/2027;;NÃO;NÃO;SIM;NÃO;NÃO;NÃO;SIM;;;;;;;;;
HU-UFSCAR;HU;UTIA;UTI ADULTO;UTI ADULTO;;5212;ESTIMULADOR ELETRICO N P ANALGESIA TRANSCUTANEO;EQUIPAMENTO;IBRAMED;NEURODYN HIGH VOLT;TESTE/ AGUARDANDO CADASTRO DE FORNECEDOR;0;01/01/2022;;0000;01/01/2023;;NÃO;NÃO;SIM;NÃO;NÃO;NÃO;SIM;;;;;;;;;
HU-UFSCAR;HU;LAC;LABORATÓRIO DE ANÁLISES CLÍNICAS;LABORATÓRIO;501433/LAB0030;;ESTUFA ESTERILIZACAO;EQUIPAMENTO;LUCADEMA;LUCA-82/100;ATOMOLAB COMERCIAL EIRELI;5500;30/11/2018;;260;30/11/2020;;NÃO;NÃO;SIM;NÃO;NÃO;NÃO;SIM;;;;;;;;;
HU-UFSCAR;HU;SFHS;FARMÁCIA HOSPITALAR - SATÉLITE CC;FARMÁCIA SATÉLITE CENTRO CIRÚRGICO;0010020598/501112/UFCD0003;22110108A;ESTUFA ESTERILIZACAO;EQUIPAMENTO;SOLIDSTEEL;SSEI-85 L;SKYLAB COMERCIAL HOSPITALAR LTDA;3100;22/11/2022;;58;22/11/2024;;NÃO;NÃO;SIM;NÃO;NÃO;NÃO;SIM;;;;;;;;;
HU-UFSCAR;HU;STEC;SETOR DE ENGENHARIA CLÍNICA;SALA DISTRIBUIÇÃO STEC;10022221;25010398;ESTUFA ESTERILIZACAO;EQUIPAMENTO;SOLIDSTEEL;SSEI-85 L;QUICKBUM E-COMMERCE LTDA;5200;17/02/2025;;3759;17/02/2026;;NÃO;NÃO;SIM;NÃO;NÃO;NÃO;SIM;" ANEXO 2024NE001630 - QUICKBUM (45652664) 

";;;;;;;;
HU-UFSCAR;HU;STEC;SETOR DE ENGENHARIA CLÍNICA;SALA DISTRIBUIÇÃO STEC;10022222;25010399;ESTUFA ESTERILIZACAO;EQUIPAMENTO;SOLIDSTEEL;SSEI-85 L;QUICKBUM E-COMMERCE LTDA;5200;17/02/2025;;3759;17/02/2026;;NÃO;NÃO;SIM;NÃO;NÃO;NÃO;SIM;" ANEXO 2024NE001630 - QUICKBUM (45652664) 

";;;;;;;;
HU-UFSCAR;HU;STEC;SETOR DE ENGENHARIA CLÍNICA;2º ANDAR;HE-8771;AAD-23509;EXTRATOR PLASMA;EQUIPAMENTO;FANEM;232;FANEM LTDA;4329,54;05/04/2007;;51968;05/04/2008;;SIM;NÃO;NÃO;NÃO;NÃO;NÃO;SIM;;;;;;;;;
HU-UFSCAR;HU;STEC;SETOR DE ENGENHARIA CLÍNICA;2º ANDAR;HE-8772;AAD-23510;EXTRATOR PLASMA;EQUIPAMENTO;FANEM;232;FANEM LTDA;4329,54;05/04/2007;;51968;05/04/2008;;SIM;NÃO;NÃO;NÃO;NÃO;NÃO;SIM;;;;;;;;;
HU-UFSCAR;HU;CC;CENTRO CIRÚRGICO;CC;PREF-FACO-001;6403160967;FACOEMULSIFICADOR;EQUIPAMENTO;CARL ZEISS;VISALIS-100;CARL ZEISS DO BRASIL LTDA;160000;21/02/2020;;167233;21/02/2020;;NÃO;NÃO;SIM;NÃO;NÃO;NÃO;SIM;;;;;;;;;
HU-UFSCAR;HU;CC;CENTRO CIRÚRGICO;CC;501281;1943111870;FOCO CIRURGICO;EQUIPAMENTO;BAUMER;F-0102 500700;BAUMER SA;46000;19/12/2019;;169041;23/11/2023;;NÃO;NÃO;SIM;NÃO;NÃO;NÃO;SIM;;;;;;;;;
HU-UFSCAR;HU;CC;CENTRO CIRÚRGICO;CC;501288/CC0030;1944112390;FOCO CIRURGICO;EQUIPAMENTO;BAUMER;F-0102 500700;BAUMER SA;46000;19/12/2019;;169041;23/11/2023;;NÃO;NÃO;SIM;NÃO;NÃO;NÃO;SIM;;;;;;;;;
HU-UFSCAR;HU;CC;CENTRO CIRÚRGICO;CC;PREF-FOCO-001;1944112380;FOCO CIRURGICO;EQUIPAMENTO;BAUMER;F-0102 500700;BAUMER SA;46000;19/12/2019;;169041;23/11/2023;;NÃO;NÃO;SIM;NÃO;NÃO;NÃO;SIM;;;;;;;;;
HU-UFSCAR;HU;CC;CENTRO CIRÚRGICO;CC;PREF-FOCO-004;1943111880;FOCO CIRURGICO;EQUIPAMENTO;BAUMER;F-0102 500700;BAUMER SA;46000;19/12/2019;;169041;23/11/2023;;NÃO;NÃO;SIM;NÃO;NÃO;NÃO;SIM;;;;;;;;;
HU-UFSCAR;HU;CC;CENTRO CIRÚRGICO;CC - SALA 01;10019160/500038/CC0003;64039;FOCO CIRURGICO;EQUIPAMENTO;KSS;SKYLED-160 + 160;METALÚRGICA HOSPITALAR INDUSTRIA E COMERCIO DE APARELHOS ELETROMEDICOS LTDA;23200;21/02/2020;;4881;14/10/2021;;NÃO;NÃO;SIM;NÃO;NÃO;NÃO;SIM;;;;;;;;;
HU-UFSCAR;HU;CC;CENTRO CIRÚRGICO;SALA 6 CENTRO CIRURGICO;10625168;500055;FOCO CIRURGICO;EQUIPAMENTO;MAQUET;EZEA;GETINGE DO BRASIL EQUIPAMENTOS MÉDICOS LTDA;74303;20/02/2026;23763.000943/2026-53;66987;20/02/2028;;NÃO;NÃO;SIM;NÃO;NÃO;NÃO;SIM;TERMO DE RECEBIMENTO PROVISÓRIO - SEI 57801373;;;;;;;;
HU-UFSCAR;HU;CC;CENTRO CIRÚRGICO;SALA 7 CENTRO CIRURGICO;10625169;500056;FOCO CIRURGICO;EQUIPAMENTO;MAQUET;EZEA;GETINGE DO BRASIL EQUIPAMENTOS MÉDICOS LTDA;74303;20/02/2026;23763.000943/2026-53;67035;20/02/2028;;NÃO;NÃO;SIM;NÃO;NÃO;NÃO;SIM;TERMO DE RECEBIMENTO PROVISÓRIO - SEI 57801373;;;;;;;;
HU-UFSCAR;HU;UTIA;UTI ADULTO;UTI- SALA DE EQUIPAMENTOS;10019159/501212;280819FA300SLCE002;FOCO CIRURGICO;EQUIPAMENTO;INPROMED;INP 3×3 F-MASTER;PRIOM TECNOLOGIA EM EQUIPAMENTOS;17900;03/12/2019;;5778;03/12/2020;;NÃO;NÃO;SIM;NÃO;NÃO;NÃO;SIM;;;;;;;;;
HU-UFSCAR;HU;CC;CENTRO CIRÚRGICO;;10022271/CC0050;801258782;FOCO CLINICO;EQUIPAMENTO;MED LIGHT;FA APOLLO 3 X 4 LED;FELIX MEDICAL HOSPITALAR LTDA;16500;24/04/2025;23763.004575/2024-51;153;24/04/2027;;NÃO;NÃO;SIM;NÃO;NÃO;NÃO;SIM;"ANEXO 2024NE001635 - FELIX MEDICAL (45656442)



";;;;;;;;
HU-UFSCAR;HU;CC;CENTRO CIRÚRGICO;;10022272/CC0051;801258781;FOCO CLINICO;EQUIPAMENTO;MED LIGHT;FA APOLLO 3 X 4 LED;FELIX MEDICAL HOSPITALAR LTDA;16500;24/04/2025;23763.004575/2024-51;153;24/04/2027;;NÃO;NÃO;SIM;NÃO;NÃO;NÃO;SIM;ANEXO 2024NE001635 - FELIX MEDICAL (45656442);;;;;;;;
HU-UFSCAR;HU;CC;CENTRO CIRÚRGICO;;7817561;SL012026000256;FOCO CLINICO;EQUIPAMENTO;OQTIS;SIRIUS-2;OQTIS INDÚSTIA DE EQUIPAMENTOS HOSPITALARES LTDA;35000;10/02/2026;23763.001039/2026-65;879;10/02/2029;;NÃO;NÃO;SIM;NÃO;NÃO;NÃO;SIM;;;;;;;;;
HU-UFSCAR;HU;CC;CENTRO CIRÚRGICO;;7817562;SL012026000257;FOCO CLINICO;EQUIPAMENTO;OQTIS;SIRIUS-2;OQTIS INDÚSTIA DE EQUIPAMENTOS HOSPITALARES LTDA;35000;10/02/2026;23763.001039/2026-65;879;10/02/2029;;NÃO;NÃO;SIM;NÃO;NÃO;NÃO;SIM;;;;;;;;;
HU-UFSCAR;HU;UTIPED;UTI PEDIÁTRICA;;10022273/UTIP0048;801258783;FOCO CLINICO;EQUIPAMENTO;MED LIGHT;FA APOLLO 3 X 4 LED;FELIX MEDICAL HOSPITALAR LTDA;16500;24/04/2025;23763.004575/2024-51;153;24/04/2027;;NÃO;NÃO;SIM;NÃO;NÃO;NÃO;SIM;"ANEXO 2024NE001635 - FELIX MEDICAL (45656442)



";;;;;;;;
HU-UFSCAR;HU;STEC;SETOR DE ENGENHARIA CLÍNICA;STEC;123456;123456;FONTE ENERGIA REGULADA ELETROFORESE;ACESSÓRIO;THERMO SCIENTIFIC;EC-105;MUNICIPIO DE SÃO CARLOS;0;01/01/2023;123456;0;02/01/2023;;NÃO;NÃO;SIM;NÃO;NÃO;NÃO;SIM;;;;;;;;;
HU-UFSCAR;HU;AMB;AMBULATÓRIO DE ESPECIALIDADES MÉDICAS;AMBULATÓRIO;498743/AMB0015;15060;FONTE LUZ;EQUIPAMENTO;MICROEM;FC-400; MICROEM PRODUTOS MÉDICOS LTDA;229,76;04/03/2008;;20737;04/03/2009;;NÃO;NÃO;SIM;NÃO;NÃO;NÃO;SIM;;;;;;;;;
HU-UFSCAR;HU;AMB;AMBULATÓRIO DE ESPECIALIDADES MÉDICAS;AMBULATÓRIO;498745/AMB0010;15047;FONTE LUZ;EQUIPAMENTO;MICROEM;FC-400; MICROEM PRODUTOS MÉDICOS LTDA;229,76;04/03/2007;;*;04/03/2008;;NÃO;NÃO;SIM;NÃO;NÃO;NÃO;SIM;;;;;;;;;
HU-UFSCAR;HU;AMB;AMBULATÓRIO DE ESPECIALIDADES MÉDICAS;AMBULATÓRIO;499434;15054;FONTE LUZ;EQUIPAMENTO;MICROEM;FC-400; MICROEM PRODUTOS MÉDICOS LTDA;229,76;04/03/2019;;*;04/03/2020;;NÃO;NÃO;SIM;NÃO;NÃO;NÃO;SIM;;;;;;;;;
HU-UFSCAR;HU;AMB;AMBULATÓRIO DE ESPECIALIDADES MÉDICAS;AMBULATÓRIO;PREF-FOCO-006;15048;FONTE LUZ;EQUIPAMENTO;MICROEM;FC-400; MICROEM PRODUTOS MÉDICOS LTDA;229,76;04/03/2019;;*;04/03/2020;;NÃO;NÃO;SIM;NÃO;NÃO;NÃO;SIM;;;;;;;;;
HU-UFSCAR;HU;AMB;AMBULATÓRIO DE ESPECIALIDADES MÉDICAS;AMBULATÓRIO;PREF-FOCO-008;15055;FONTE LUZ;EQUIPAMENTO;MICROEM;FC-400; MICROEM PRODUTOS MÉDICOS LTDA;229,76;04/03/2019;;*;04/03/2020;;NÃO;NÃO;SIM;NÃO;NÃO;NÃO;SIM;;;;;;;;;
HU-UFSCAR;HU;AMB;AMBULATÓRIO DE ESPECIALIDADES MÉDICAS;AMBULATÓRIO;PREF-FOCO-010;15061;FONTE LUZ;EQUIPAMENTO;MICROEM;FC-400; MICROEM PRODUTOS MÉDICOS LTDA;229,76;04/03/2019;;*;04/03/2020;;NÃO;NÃO;SIM;NÃO;NÃO;NÃO;SIM;;;;;;;;;
HU-UFSCAR;HU;PAA;PA ADULTO;PA ADULTO;;15057;FONTE LUZ;EQUIPAMENTO;MICROEM;FC-400; MICROEM PRODUTOS MÉDICOS LTDA;229,76;04/03/2008;;20737;04/03/2009;;NÃO;NÃO;SIM;NÃO;NÃO;NÃO;SIM;;;;;;;;;
HU-UFSCAR;HU;RAD;RADIOLOGIA;SALA 07 RAIO X ;498020/UDID0008;15053;FONTE LUZ;EQUIPAMENTO;MICROEM;FC-400; MICROEM PRODUTOS MÉDICOS LTDA;229,76;04/03/2008;;20737;04/03/2009;;NÃO;NÃO;SIM;NÃO;NÃO;NÃO;SIM;;;;;;;;;
HU-UFSCAR;HU;UCMC;CLÍNICA MÉDICA E CIRÚRGICA;;498742/UCM0065;15058;FONTE LUZ;EQUIPAMENTO;MICROEM;FC-400; MICROEM PRODUTOS MÉDICOS LTDA;229,76;04/03/2008;;20737;04/03/2009;;NÃO;NÃO;SIM;NÃO;NÃO;NÃO;SIM;;;;;;;;;
HU-UFSCAR;HU;UTIPED;UTI PEDIÁTRICA;UTI PED;PREF-FOCO-009;15056;FONTE LUZ;EQUIPAMENTO;MICROEM;FC-400; MICROEM PRODUTOS MÉDICOS LTDA;229,76;04/03/2019;;*;04/03/2020;;NÃO;NÃO;SIM;NÃO;NÃO;NÃO;SIM;;;;;;;;;
HU-UFSCAR;HU;CC;CENTRO CIRÚRGICO;CC;;LEDT-201912-6;FONTE LUZ FIBRA OPTICA;EQUIPAMENTO;CONFIANCE MEDICAL;CM LED;CONFIANCE MEDICAL PRODUTOS MEDICOS S.A.;21346,08;03/01/2020;;11313;03/01/2023;;NÃO;NÃO;SIM;NÃO;NÃO;NÃO;SIM;;;;;;;;;
HU-UFSCAR;HU;CC;CENTRO CIRÚRGICO;CC;;LEDT-201912-7;FONTE LUZ FIBRA OPTICA;EQUIPAMENTO;CONFIANCE MEDICAL;CM LED;CONFIANCE MEDICAL PRODUTOS MEDICOS S.A.;21346,08;03/01/2020;;11313;03/01/2023;;NÃO;NÃO;SIM;NÃO;NÃO;NÃO;SIM;;;;;;;;;
HU-UFSCAR;HU;CC;CENTRO CIRÚRGICO;;SANTACASA_35000854;XW0691152;FONTE LUZ FIBRA OPTICA ENDOSCOPIO RIGIDO MULTIUSO;EQUIPAMENTO;KARL STORZ;XENON NOVA-300 201340 20;NÃO APLICÁVEL;0;19/06/2026;;0;19/06/2026;;NÃO;NÃO;SIM;NÃO;NÃO;NÃO;SIM;EMPRÉSTIMO DA SANTA CASA;;;;;;;;
HU-UFSCAR;HU;STEC;SETOR DE ENGENHARIA CLÍNICA;SALA DISTRIBUIÇÃO STEC;;137492001049;FOTOFORO;EQUIPAMENTO;MD;HL-8000;BH LABORATORIOS LTDA;6728;28/03/2025;23763.004614/2024-10;7505;28/03/2026;;NÃO;NÃO;NÃO;NÃO;NÃO;NÃO;SIM;"NOTA DE EMPENHO 2024NE001595 - BH LABORATORIOS (45635548)



INDISPONIVEL PARA USO";;;;;;;;
HU-UFSCAR;HU;STEC;SETOR DE ENGENHARIA CLÍNICA;SALA DISTRIBUIÇÃO STEC;;137492001050;FOTOFORO;EQUIPAMENTO;MD;HL-8000;BH LABORATORIOS LTDA;6728;28/03/2025;23763.004614/2024-10;7504;28/03/2026;;NÃO;NÃO;NÃO;NÃO;NÃO;NÃO;SIM;"ANEXO 2024NE001623 - BH LABORATORIOS (45650680)



INDISPONIVEL PARA USO";;;;;;;;
HU-UFSCAR;HU;STEC;SETOR DE ENGENHARIA CLÍNICA;SALA DISTRIBUIÇÃO STEC;;137492001051;FOTOFORO;EQUIPAMENTO;MD;HL-8000;BH LABORATORIOS LTDA;6728;28/03/2025;23763.004614/2024-10;7504;28/03/2026;;NÃO;NÃO;NÃO;NÃO;NÃO;NÃO;SIM;"ANEXO 2024NE001623 - BH LABORATORIOS (45650680) INDISPONIVEL PARA USO



";;;;;;;;
HU-UFSCAR;HU;STEC;SETOR DE ENGENHARIA CLÍNICA;SALA DISTRIBUIÇÃO STEC;;137492001052;FOTOFORO;EQUIPAMENTO;MD;HL-8000;BH LABORATORIOS LTDA;6728;28/03/2025;23763.004614/2024-10;7504;28/03/2026;;NÃO;NÃO;NÃO;NÃO;NÃO;NÃO;SIM;"ANEXO 2024NE001623 - BH LABORATORIOS (45650680) INDISPONIVEL PARA USO



";;;;;;;;
HU-UFSCAR;HU;STEC;SETOR DE ENGENHARIA CLÍNICA;STEC CALIBRAÇÃO;ALMOXECQ-0015;1302366;FOTOTACOMETRO;INSTRUMENTO DE CALIBRAÇÃO;INSTRUTHERM;TD-812;ECQ COMERCIO E MANUTENCAO HOSPITALAR LTDA;0;11/07/2023;;000;11/07/2024;;NÃO;NÃO;SIM;NÃO;NÃO;NÃO;SIM;;;;;;;;;
HU-UFSCAR;HU;UTIPED;UTI PEDIÁTRICA;UTIPED;10022740;0288798001;FOTOTERAPIA HIPERBILIRRUBINEMIA;EQUIPAMENTO;FANEM;BILITRON CONFORT-8006;FANEM LTDA;7000;28/04/2026;23763.002655/2026-33;92719;28/04/2029;;NÃO;NÃO;NÃO;NÃO;NÃO;NÃO;NÃO;ATA DE REGISTRO DE PREÇOS - SEI 312 (53478379);;;;;;;;
HU-UFSCAR;HU;LAC;LABORATÓRIO DE ANÁLISES CLÍNICAS;LABORATÓRIO;PREF-FRZ-001/LAB0007;17040119;FREEZER LAB MULTIUSO;EQUIPAMENTO;PANASONIC;MDFU-5312-PA;DMC COMERCIO DE EQUIPAMENTOS PARA LABORATORIO - EIRELI;40000;07/11/2018;;136;09/09/2022;;NÃO;NÃO;SIM;NÃO;NÃO;NÃO;SIM;;;;;;;;;
HU-UFSCAR;HU;AT;AGÊNCIA TRANSFUSIONAL;LABORATÓRIO;PREF-FRZ-002/LAB0036;55210;FREEZER LAB MULTIUSO VERTICAL;EQUIPAMENTO;INDREL;CPS-10-D;A C PON LAU COMERCIO DE EQUIPAMENTOS ELETRO-ELETRONICOS;14854;14/08/2019;;1946;24/04/2022;;NÃO;NÃO;SIM;NÃO;NÃO;NÃO;SIM;;;;;;;;;
HU-UFSCAR;HU;SAFS;ABASTECIMENTO FARMACÊUTICO E SUPRIMENTOS;ALMOXARIFADO BLOCO D;10020594;23201222;FREEZER LAB MULTIUSO VERTICAL;EQUIPAMENTO;COLDLAB;CL-500 40-V;COLDLAB INDUSTRIA, COMERCIO E ASSISTENCIA TECNICA LTDA;25100;09/01/2023;23763.001530/2022-62;1880;09/01/2024;;NÃO;NÃO;SIM;NÃO;NÃO;NÃO;SIM;NOTA DE EMPENHO 771/2022 LUIS ROBERTO BOSCARIOL (25331877);;;;;;;;
HU-UFSCAR;HU;SGPIT;SETOR DE GESTÃO DA PESQUISA E INOVAÇÃO TECNOLÓGICA;UNIDADE DE PESQUISA CLÍNICA;10020593/SGPITS0016;23211222;FREEZER LAB MULTIUSO VERTICAL;EQUIPAMENTO;COLDLAB;CL-500 40-V;LUIS ROBERTO BOSCARIOL EIRELI;25100;13/12/2022;;1880;31/10/2025;;NÃO;NÃO;SIM;NÃO;NÃO;NÃO;SIM;;;;;;;;;
HU-UFSCAR;HU;SGPIT;SETOR DE GESTÃO DA PESQUISA E INOVAÇÃO TECNOLÓGICA;UNIDADE DE PESQUISA CLÍNICA;10020595/SGPITS0017;23221222;FREEZER LAB MULTIUSO VERTICAL;EQUIPAMENTO;COLDLAB;CL-500 40-V;LUIS ROBERTO BOSCARIOL EIRELI;25100;13/12/2022;;1880;31/10/2025;;NÃO;NÃO;SIM;NÃO;NÃO;NÃO;SIM;;;;;;;;;
HU-UFSCAR;HU;AT;AGÊNCIA TRANSFUSIONAL;AGÊNCIA TRANSFUSIONAL;10022744;29350426;FREEZER LAB U B T VERTICAL;EQUIPAMENTO;COLDLAB;CL-120 40-V;LUIS ROBERTO BOSCARIOL EIRELI;19800;08/05/2026;23763.002427/2025-82;2303;08/05/2027;;NÃO;NÃO;SIM;NÃO;NÃO;NÃO;SIM;;;;;;;;;
HU-UFSCAR;HU;LAC;LABORATÓRIO DE ANÁLISES CLÍNICAS;LABORATÓRIO ;10022192;27310225;FREEZER LAB U B T VERTICAL;EQUIPAMENTO;COLDLAB;CL-374 80-V;COLDLAB INDUSTRIA, COMERCIO E ASSISTENCIA TECNICA LTDA;48000;21/02/2025;;936;21/02/2026;;NÃO;NÃO;SIM;NÃO;NÃO;NÃO;SIM;" ANEXO 2024NE001624 - COLDLAB (45654742) 

";;;;;;;;
HU-UFSCAR;HU;SGPIT;SETOR DE GESTÃO DA PESQUISA E INOVAÇÃO TECNOLÓGICA;UPC - SALA COLETA;10022191;27320225;FREEZER LAB U B T VERTICAL;EQUIPAMENTO;COLDLAB;CL-374 80-V;COLDLAB INDUSTRIA, COMERCIO E ASSISTENCIA TECNICA LTDA;48000;21/02/2025;;935;21/02/2026;;NÃO;NÃO;SIM;NÃO;NÃO;NÃO;SIM;" ANEXO 2024NE001625 COLDLAB (45654797) 

";;;;;;;;
HU-UFSCAR;HU;STEC;SETOR DE ENGENHARIA CLÍNICA;SALA DISTRIBUIÇÃO;INST_12;2026042305;GARROTE PNEUMATICO;EQUIPAMENTO;GERAR;2000 I SIMPLES;AAMED COMÉRCIO DE EQUIPAMENTOS EIRELI;40000;01/07/2026;23763.004116/2026-39;18448;01/07/2028;;NÃO;NÃO;SIM;NÃO;NÃO;NÃO;SIM;"NOTA DE EMPENHO 2025NE001937 - AAMED (56809357)

ORDEM DE SERVIÇO OU DE FORNECIMENTO DE BENS - SEI 12 (56895013)";;;;;;;;
HU-UFSCAR;HU;STEC;SETOR DE ENGENHARIA CLÍNICA;SALA DISTRIBUIÇÃO;INST_13;2026042306;GARROTE PNEUMATICO;EQUIPAMENTO;GERAR;2000 I SIMPLES;AAMED COMÉRCIO DE EQUIPAMENTOS EIRELI;40000;01/07/2026;23763.004116/2026-39;18448;01/07/2028;;NÃO;NÃO;SIM;NÃO;NÃO;NÃO;SIM;"NOTA DE EMPENHO 2025NE001937 - AAMED (56809357)

ORDEM DE SERVIÇO OU DE FORNECIMENTO DE BENS - SEI 12 (56895013)";;;;;;;;
HU-UFSCAR;HU;AMB;AMBULATÓRIO DE ESPECIALIDADES MÉDICAS;AMBULATORIO;COM02-43804;90501343804;GLICOSIMETRO;ACESSÓRIO;ROCHE;ACCU CHEK GUIDE ME;SO QUIMICA LABORATÓRIOS LTDA;0;01/12/2023;;00000;01/12/2024;;NÃO;NÃO;SIM;NÃO;NÃO;NÃO;NÃO;;;;;;;;;
HU-UFSCAR;HU;AMB;AMBULATÓRIO DE ESPECIALIDADES MÉDICAS;AMBULATORIO 1 ANDAR;COM02-1834;90501331834;GLICOSIMETRO;ACESSÓRIO;ROCHE;ACCU CHEK GUIDE ME;SO QUIMICA LABORATÓRIOS LTDA;62,9;10/05/2024;NF 157117;1258,00;10/05/2025;;NÃO;NÃO;SIM;NÃO;NÃO;NÃO;NÃO;;;;;;;;;
HU-UFSCAR;HU;CC;CENTRO CIRÚRGICO;CC;COM02-47368;90502347368;GLICOSIMETRO;ACESSÓRIO;ROCHE;ACCU CHEK GUIDE ME;SO QUIMICA LABORATÓRIOS LTDA;0;27/11/2023;;00;27/11/2024;;NÃO;NÃO;SIM;NÃO;NÃO;NÃO;NÃO;"NÃO HÁ DADOS SOBRE ""AQUISIÇÃO""";;;;;;;;
HU-UFSCAR;HU;PAA;PA ADULTO;;COM02-7239;90501267239;GLICOSIMETRO;ACESSÓRIO;ROCHE;ACCU CHEK GUIDE ME;SO QUIMICA LABORATÓRIOS LTDA;62,9;21/10/2024;;163762;15/02/2026;;NÃO;NÃO;SIM;NÃO;NÃO;NÃO;NÃO;;;;;;;;;
HU-UFSCAR;HU;PAA;PA ADULTO;P.A;COM02-5804;92508095804;GLICOSIMETRO;ACESSÓRIO;ROCHE;ACCU CHEK GUIDE;SO QUIMICA LABORATÓRIOS LTDA;0;01/12/2023;;00000;01/12/2024;;NÃO;NÃO;SIM;NÃO;NÃO;NÃO;NÃO;;;;;;;;;
HU-UFSCAR;HU;PAA;PA ADULTO;PA ADULTO;COM02-95804;92508095804;GLICOSIMETRO;ACESSÓRIO;ROCHE;ACCU CHEK GUIDE ME;SO QUIMICA LABORATÓRIOS LTDA;0;01/12/2022;;00;01/12/2023;;NÃO;NÃO;SIM;NÃO;NÃO;NÃO;NÃO;;;;;;;;;
HU-UFSCAR;HU;PAA;PA ADULTO;PRONTO ATENDIMENTO;COM02-1660;90501331660;GLICOSIMETRO;ACESSÓRIO;ROCHE;ACCU CHEK GUIDE ME;SO QUIMICA LABORATÓRIOS LTDA;62,9;10/05/2024;NF 157117;1258,00;10/05/2025;;NÃO;NÃO;SIM;NÃO;NÃO;NÃO;NÃO;;;;;;;;;
HU-UFSCAR;HU;PAA;PA ADULTO;PRONTO ATENDIMENTO;COM02-9135;90501329135;GLICOSIMETRO;ACESSÓRIO;ROCHE;ACCU CHEK GUIDE ME;SO QUIMICA LABORATÓRIOS LTDA;62,9;10/05/2024;NF 157117;1258,00;10/05/2025;;NÃO;NÃO;SIM;NÃO;NÃO;NÃO;NÃO;;;;;;;;;
HU-UFSCAR;HU;PAA;PRONTO ATENDIMENTO ADULTO_INATIVO;PRONTO ATENDIMENTO;COM2-7745;90501267745;GLICOSIMETRO;ACESSÓRIO;ROCHE;ACCU CHEK GUIDE ME;SO QUIMICA LABORATÓRIOS LTDA;62,9;21/10/2024;;163762;15/02/2026;;NÃO;NÃO;SIM;NÃO;NÃO;NÃO;NÃO;;;;;;;;;
HU-UFSCAR;HU;SEGE;SETOR DE GESTÃO DO ENSINO;;COM02-9140;90501329140;GLICOSIMETRO;ACESSÓRIO;ROCHE;ACCU CHEK GUIDE ME;SO QUIMICA LABORATÓRIOS LTDA;62,9;10/05/2024;NF 157117;1258,00;10/05/2025;;NÃO;NÃO;SIM;NÃO;NÃO;NÃO;NÃO;;;;;;;;;
HU-UFSCAR;HU;SGPIT;SETOR DE GESTÃO DA PESQUISA E INOVAÇÃO TECNOLÓGICA;UNIDADE DE PESQUISA;COM02-0242;90501330242;GLICOSIMETRO;ACESSÓRIO;ROCHE;ACCU CHEK GUIDE ME;SO QUIMICA LABORATÓRIOS LTDA;62,9;10/05/2024;NF 157117;1258,00;10/05/2025;;NÃO;NÃO;SIM;NÃO;NÃO;NÃO;NÃO;;;;;;;;;
HU-UFSCAR;HU;STEC;SETOR DE ENGENHARIA CLÍNICA;;COM02-0285;90501330285;GLICOSIMETRO;ACESSÓRIO;ROCHE;ACCU CHEK GUIDE ME;SO QUIMICA LABORATÓRIOS LTDA;62,9;10/05/2024;NF 157117;1258,00;06/05/2025;;NÃO;NÃO;SIM;NÃO;NÃO;NÃO;NÃO;;;;;;;;;
HU-UFSCAR;HU;STEC;SETOR DE ENGENHARIA CLÍNICA;;COM02-0290;90501330290;GLICOSIMETRO;ACESSÓRIO;ROCHE;ACCU CHEK GUIDE ME;SO QUIMICA LABORATÓRIOS LTDA;62,9;10/05/2024;NF 157117;1258,00;10/05/2025;;NÃO;NÃO;SIM;NÃO;NÃO;NÃO;NÃO;;;;;;;;;
HU-UFSCAR;HU;STEC;SETOR DE ENGENHARIA CLÍNICA;;COM02-2670;90502082670;GLICOSIMETRO;ACESSÓRIO;ROCHE;ACCU CHEK GUIDE ME;SO QUIMICA LABORATÓRIOS LTDA;0;28/11/2022;;0;28/11/2023;;NÃO;NÃO;SIM;NÃO;NÃO;NÃO;NÃO;;;;;;;;;
HU-UFSCAR;HU;STEC;SETOR DE ENGENHARIA CLÍNICA;;COM02-64959;90502764959;GLICOSIMETRO;ACESSÓRIO;ROCHE;ACCU CHEK GUIDE ME;ZAFALON SOLUCOES HOSPITALARES LTDA;0;13/10/2023;;00;13/10/2024;06/08/2025;SIM;SIM;NÃO;NÃO;NÃO;NÃO;SIM;;;;;;;1 ANO, 9 MESES E 24 DIAS;;
HU-UFSCAR;HU;STEC;SETOR DE ENGENHARIA CLÍNICA;;COM2-49103;90501249103;GLICOSIMETRO;ACESSÓRIO;ROCHE;ACCU CHEK GUIDE ME;SO QUIMICA LABORATÓRIOS LTDA;0;01/12/2022;;0;01/12/2023;;NÃO;NÃO;SIM;NÃO;NÃO;NÃO;NÃO;;;;;;;;;
HU-UFSCAR;HU;STEC;SETOR DE ENGENHARIA CLÍNICA;ENG. CLINICA ;;90501343773;GLICOSIMETRO;ACESSÓRIO;ROCHE;ACCU CHEK GUIDE ME;SO QUIMICA LABORATÓRIOS LTDA;0;13/10/2023;;0000;13/10/2024;;NÃO;NÃO;SIM;NÃO;NÃO;NÃO;NÃO;;;;;;;;;
HU-UFSCAR;HU;STEC;SETOR DE ENGENHARIA CLÍNICA;ENG. CLINICA ;COM02-21251;90502521251;GLICOSIMETRO;ACESSÓRIO;ROCHE;ACCU CHEK GUIDE ME;TESTE/ AGUARDANDO CADASTRO DE FORNECEDOR;0;01/01/2022;;0000;01/03/2024;;SIM;NÃO;NÃO;SIM;NÃO;NÃO;NÃO;;;;;;;;;
HU-UFSCAR;HU;STEC;SETOR DE ENGENHARIA CLÍNICA;ENG. CLINICA ;COM02-3792;90501343792;GLICOSIMETRO;ACESSÓRIO;ROCHE;ACCU CHEK GUIDE ME;ZAFALON SOLUCOES HOSPITALARES LTDA;0;13/10/2023;;00;13/10/2024;;NÃO;NÃO;SIM;NÃO;NÃO;NÃO;SIM;;;;;;;;;
HU-UFSCAR;HU;STEC;SETOR DE ENGENHARIA CLÍNICA;ENG. CLINICA ;COM02-46428;92508146428;GLICOSIMETRO;ACESSÓRIO;ROCHE;ACCU CHEK GUIDE ME;SO QUIMICA LABORATÓRIOS LTDA;0;27/11/2022;;0000;27/11/2022;;NÃO;NÃO;SIM;NÃO;NÃO;NÃO;NÃO;COMODATO.;;;;;;;;
HU-UFSCAR;HU;STEC;SETOR DE ENGENHARIA CLÍNICA;ENG. CLINICA ;COM02-9290;90502089290;GLICOSIMETRO;ACESSÓRIO;ROCHE;ACCU CHEK GUIDE ME;SO QUIMICA LABORATÓRIOS LTDA;0;01/12/2023;;0;01/12/2024;;NÃO;NÃO;SIM;NÃO;NÃO;NÃO;NÃO;;;;;;;;;
HU-UFSCAR;HU;STEC;SETOR DE ENGENHARIA CLÍNICA;ENG.CLINICA;COM02-9287;90502089287;GLICOSIMETRO;ACESSÓRIO;ROCHE;ACCU CHEK GUIDE ME;SO QUIMICA LABORATÓRIOS LTDA;0;28/11/2022;;00;28/11/2023;;NÃO;NÃO;SIM;NÃO;NÃO;NÃO;NÃO;COMODATO - SEM DADOS DE NF;;;;;;;;
HU-UFSCAR;HU;STEC-ECQ;ECQ/HU-UFSCAR;;COM02-0806;90501330806;GLICOSIMETRO;ACESSÓRIO;ROCHE;ACCU CHEK GUIDE ME;SO QUIMICA LABORATÓRIOS LTDA;62,9;06/05/2024;NF 157117;1258,00;06/05/2025;;NÃO;NÃO;SIM;NÃO;NÃO;NÃO;NÃO;;;;;;;;;
HU-UFSCAR;HU;STEC-ECQ;ECQ/HU-UFSCAR;;COM02-1832;90501331832;GLICOSIMETRO;ACESSÓRIO;ROCHE;ACCU CHEK GUIDE ME;SO QUIMICA LABORATÓRIOS LTDA;62,9;10/05/2024;NF 157117;1258,00;10/05/2025;;SIM;NÃO;NÃO;NÃO;NÃO;NÃO;NÃO;;;;;;;;;
HU-UFSCAR;HU;STEC-ECQ;ECQ/HU-UFSCAR;;COM02-2326;90501342326;GLICOSIMETRO;ACESSÓRIO;ROCHE;ACCU CHEK GUIDE ME;SO QUIMICA LABORATÓRIOS LTDA;0;01/04/2024;;0;01/04/2025;;NÃO;NÃO;SIM;NÃO;NÃO;NÃO;NÃO;;;;;;;;;
HU-UFSCAR;HU;STEC-ECQ;ECQ/HU-UFSCAR;;COM02-3811;90501343811;GLICOSIMETRO;ACESSÓRIO;ROCHE;ACCU CHEK GUIDE ME;SO QUIMICA LABORATÓRIOS LTDA;62,9;10/05/2024;;0;10/05/2025;;NÃO;NÃO;SIM;NÃO;NÃO;NÃO;NÃO;;;;;;;;;
HU-UFSCAR;HU;STEC-ECQ;ECQ/HU-UFSCAR;ENG. CLINICA ;COM01-65039;90502765039;GLICOSIMETRO;ACESSÓRIO;ROCHE;ACCU CHEK GUIDE ME;TESTE/ AGUARDANDO CADASTRO DE FORNECEDOR;62,9;28/11/2022;;0;28/11/2023;;SIM;NÃO;NÃO;SIM;NÃO;NÃO;NÃO;;;;;;;;;
HU-UFSCAR;HU;STEC-ECQ;ECQ/HU-UFSCAR;ENG. CLINICA ;GLI-COM001;90502766088;GLICOSIMETRO;ACESSÓRIO;ROCHE;ACCU CHEK GUIDE ME;ZAFALON SOLUCOES HOSPITALARES LTDA;0;10/01/2022;;0000;10/01/2023;;SIM;NÃO;NÃO;SIM;NÃO;NÃO;NÃO;;;;;;;;;
HU-UFSCAR;HU;STEC-ECQ;ECQ/HU-UFSCAR;ENGENHARIA CLINICA;;90506497294;GLICOSIMETRO;EQUIPAMENTO;ROCHE;ACCU CHEK GUIDE ME;TESTE/ AGUARDANDO CADASTRO DE FORNECEDOR;0;21/05/2025;;0;21/05/2026;;NÃO;NÃO;SIM;NÃO;NÃO;NÃO;NÃO;;;;;;;;;
HU-UFSCAR;HU;UCIR;UNIDADE DE CLÍNICA CIRÚRGICA;UCIR;;90506493473;GLICOSIMETRO;EQUIPAMENTO;ROCHE;ACCU CHEK GUIDE ME;SO QUIMICA LABORATÓRIOS LTDA;0;26/02/2026;;0000;26/02/2027;;NÃO;NÃO;SIM;NÃO;NÃO;NÃO;SIM;;;;;;;;;
HU-UFSCAR;HU;UCMC;CLÍNICA MÉDICA E CIRÚRGICA;;COM02-0291;90501330291;GLICOSIMETRO;ACESSÓRIO;ROCHE;ACCU CHEK GUIDE ME;SO QUIMICA LABORATÓRIOS LTDA;62,9;10/05/2024;NF 157117;1258,00;10/05/2025;;NÃO;NÃO;SIM;NÃO;NÃO;NÃO;NÃO;;;;;;;;;
HU-UFSCAR;HU;UCMC;CLÍNICA MÉDICA E CIRÚRGICA;;COM02-7258;90501267258;GLICOSIMETRO;ACESSÓRIO;ROCHE;ACCU CHEK GUIDE ME;SO QUIMICA LABORATÓRIOS LTDA;62,9;21/10/2024;;163762;15/02/2026;;NÃO;NÃO;SIM;NÃO;NÃO;NÃO;NÃO;;;;;;;;;
HU-UFSCAR;HU;UCMC;CLÍNICA MÉDICA E CIRÚRGICA;;COM2-7270;90501267270;GLICOSIMETRO;ACESSÓRIO;ROCHE;ACCU CHEK GUIDE ME;SO QUIMICA LABORATÓRIOS LTDA;62,9;21/10/2024;;163762;15/02/2026;;NÃO;NÃO;SIM;NÃO;NÃO;NÃO;NÃO;;;;;;;;;
HU-UFSCAR;HU;UCMC;CLÍNICA MÉDICA E CIRÚRGICA;CLINICA MÉDICA ;COM02-0287;90501330287;GLICOSIMETRO;ACESSÓRIO;ROCHE;ACCU CHEK GUIDE ME;SO QUIMICA LABORATÓRIOS LTDA;62,9;10/05/2024;NF 157117;1258,00;10/05/2025;;NÃO;NÃO;SIM;NÃO;NÃO;NÃO;NÃO;;;;;;;;;
HU-UFSCAR;HU;UCMC;CLÍNICA MÉDICA E CIRÚRGICA;CLINICA MÉDICA ;COM02-1847;90501331847;GLICOSIMETRO;ACESSÓRIO;ROCHE;ACCU CHEK GUIDE ME;SO QUIMICA LABORATÓRIOS LTDA;62,9;10/05/2024;NF 157117;1258,00;10/05/2025;;NÃO;NÃO;SIM;NÃO;NÃO;NÃO;NÃO;;;;;;;;;
HU-UFSCAR;HU;UCMC;CLÍNICA MÉDICA E CIRÚRGICA;CLINICA MÉDICA ;COM02-9233;90501329233;GLICOSIMETRO;ACESSÓRIO;ROCHE;ACCU CHEK GUIDE ME;SO QUIMICA LABORATÓRIOS LTDA;62,9;10/05/2024;NF 157117;1258,00;10/05/2025;;NÃO;NÃO;SIM;NÃO;NÃO;NÃO;NÃO;;;;;;;;;
HU-UFSCAR;HU;UCMC;CLÍNICA MÉDICA E CIRÚRGICA;CLÍNICA MÉDICA;COM02-2314;90501342314;GLICOSIMETRO;ACESSÓRIO;ROCHE;ACCU CHEK GUIDE ME;SO QUIMICA LABORATÓRIOS LTDA;0;28/11/2022;;00;28/11/2023;;NÃO;NÃO;SIM;NÃO;NÃO;NÃO;NÃO;COMODATO;;;;;;;;
HU-UFSCAR;HU;UCMC;CLÍNICA MÉDICA E CIRÚRGICA;CLÍNICA MÉDICA;COM02-9590;90502079590;GLICOSIMETRO;ACESSÓRIO;ROCHE;ACCU CHEK GUIDE ME;SO QUIMICA LABORATÓRIOS LTDA;0;28/11/2022;;00;28/11/2023;;NÃO;NÃO;NÃO;NÃO;NÃO;NÃO;NÃO;COMODATO - NÃO POSSUI DADOS DA NF;;;;;;;;
HU-UFSCAR;HU;UCMC;CLÍNICA MÉDICA E CIRÚRGICA;UCM;COMGLICO66178;90502766178;GLICOSIMETRO;ACESSÓRIO;ROCHE;ACCU CHEK GUIDE ME;ZAFALON SOLUCOES HOSPITALARES LTDA;0;01/01/2023;;00;01/01/2025;;NÃO;NÃO;SIM;NÃO;NÃO;NÃO;SIM;;;;;;;;;
HU-UFSCAR;HU;UCMC;CLÍNICA MÉDICA E CIRÚRGICA;UCMC;COM02-1479;90501341479;GLICOSIMETRO;ACESSÓRIO;ROCHE;ACCU CHEK GUIDE ME;ZAFALON SOLUCOES HOSPITALARES LTDA;0;13/10/2023;;00;13/10/2024;;SIM;NÃO;NÃO;NÃO;NÃO;NÃO;SIM;;;;;;;;;
HU-UFSCAR;HU;UCMC;CLÍNICA MÉDICA E CIRÚRGICA;UCMC;COM02-1558;90501341558;GLICOSIMETRO;ACESSÓRIO;ROCHE;ACCU CHEK GUIDE ME;ZAFALON SOLUCOES HOSPITALARES LTDA;0;13/10/2023;;00;13/10/2024;;NÃO;NÃO;SIM;NÃO;NÃO;NÃO;SIM;;;;;;;;;
HU-UFSCAR;HU;UCMC;CLÍNICA MÉDICA E CIRÚRGICA;UCMC;COM02-3789;90501343789;GLICOSIMETRO;ACESSÓRIO;ROCHE;ACCU CHEK GUIDE ME;ZAFALON SOLUCOES HOSPITALARES LTDA;0;13/10/2023;;00;13/10/2024;;NÃO;NÃO;SIM;NÃO;NÃO;NÃO;SIM;;;;;;;;;
HU-UFSCAR;HU;UCRIT-RETAGUARDA;LEITOS DE RETAGUARDA;;COM02-7229;90501267229;GLICOSIMETRO;ACESSÓRIO;ROCHE;ACCU CHEK GUIDE ME;SO QUIMICA LABORATÓRIOS LTDA;62,9;21/10/2024;;163762;15/02/2026;;NÃO;NÃO;SIM;NÃO;NÃO;NÃO;NÃO;;;;;;;;;
HU-UFSCAR;HU;UCRIT-RETAGUARDA;LEITOS DE RETAGUARDA;;COM02-7714;90501267714;GLICOSIMETRO;ACESSÓRIO;ROCHE;ACCU CHEK GUIDE ME;SO QUIMICA LABORATÓRIOS LTDA;62,9;21/10/2024;;163762;15/02/2026;;NÃO;NÃO;NÃO;NÃO;NÃO;NÃO;NÃO;;;;;;;;;
HU-UFSCAR;HU;UCRIT-RETAGUARDA;LEITOS DE RETAGUARDA;;COM2-7988;90501267988;GLICOSIMETRO;ACESSÓRIO;ROCHE;ACCU CHEK GUIDE ME;SO QUIMICA LABORATÓRIOS LTDA;62,9;21/10/2024;;163762;15/02/2026;;NÃO;NÃO;NÃO;NÃO;NÃO;NÃO;NÃO;;;;;;;;;
HU-UFSCAR;HU;USM;SAÚDE MENTAL;SAÚDE MENTAL ;COM02-8882;90501328882;GLICOSIMETRO;ACESSÓRIO;ROCHE;ACCU CHEK GUIDE ME;SO QUIMICA LABORATÓRIOS LTDA;62,9;10/05/2024;NF 157117;1258,00;10/05/2025;;NÃO;NÃO;SIM;NÃO;NÃO;NÃO;NÃO;;;;;;;;;
HU-UFSCAR;HU;UTIA;UTI ADULTO;;;90506493628;GLICOSIMETRO;EQUIPAMENTO;ROCHE;ACCU CHEK GUIDE ME;TESTE/ AGUARDANDO CADASTRO DE FORNECEDOR;0;09/06/2025;;0;09/06/2026;;SIM;NÃO;NÃO;NÃO;NÃO;NÃO;NÃO;;;;;;;;;
HU-UFSCAR;HU;UTIA;UTI ADULTO;;;90506493632;GLICOSIMETRO;EQUIPAMENTO;ROCHE;ACCU CHEK GUIDE ME;TESTE/ AGUARDANDO CADASTRO DE FORNECEDOR;0;09/06/2025;;0;09/06/2026;;NÃO;NÃO;SIM;NÃO;NÃO;NÃO;NÃO;;;;;;;;;
HU-UFSCAR;HU;UTIA;UTI ADULTO;;;90506497291;GLICOSIMETRO;EQUIPAMENTO;ROCHE;ACCU CHEK GUIDE ME;TESTE/ AGUARDANDO CADASTRO DE FORNECEDOR;0;21/05/2025;;0;21/05/2026;;SIM;NÃO;NÃO;NÃO;NÃO;NÃO;NÃO;;;;;;;;;
HU-UFSCAR;HU;UTIA;UTI ADULTO;;;90506497296;GLICOSIMETRO;EQUIPAMENTO;ROCHE;ACCU CHEK GUIDE ME;TESTE/ AGUARDANDO CADASTRO DE FORNECEDOR;0;09/06/2025;;0;09/06/2026;;SIM;NÃO;NÃO;NÃO;NÃO;NÃO;NÃO;;;;;;;;;
HU-UFSCAR;HU;UTIA;UTI ADULTO;;COM02-7269;90501267269;GLICOSIMETRO;ACESSÓRIO;ROCHE;ACCU CHEK GUIDE ME;SO QUIMICA LABORATÓRIOS LTDA;62,9;21/10/2024;;163762;15/02/2026;;NÃO;NÃO;SIM;NÃO;NÃO;NÃO;NÃO;;;;;;;;;
HU-UFSCAR;HU;UTIA;UTI ADULTO;;COM02-7971;90501267971;GLICOSIMETRO;ACESSÓRIO;ROCHE;ACCU CHEK GUIDE ME;SO QUIMICA LABORATÓRIOS LTDA;62,9;21/10/2024;;163762;15/02/2026;;NÃO;NÃO;SIM;NÃO;NÃO;NÃO;NÃO;;;;;;;;;
HU-UFSCAR;HU;UTIA;UTI ADULTO;UTI ADULTO;COM02-0172;90501330172;GLICOSIMETRO;ACESSÓRIO;ROCHE;ACCU CHEK GUIDE ME;SO QUIMICA LABORATÓRIOS LTDA;62,9;10/05/2024;NF 157117;1258,00;10/05/2025;20/01/2026;SIM;SIM;NÃO;NÃO;NÃO;NÃO;NÃO;;;;;;;1 ANO, 8 MESES E 10 DIAS;;
HU-UFSCAR;HU;UTIA;UTI ADULTO;UTI ADULTO;COM02-1833;90501331833;GLICOSIMETRO;ACESSÓRIO;ROCHE;ACCU CHEK GUIDE ME;SO QUIMICA LABORATÓRIOS LTDA;62,9;10/05/2024;NF 157117;1258,00;10/05/2025;;NÃO;NÃO;SIM;NÃO;NÃO;NÃO;NÃO;;;;;;;;;
HU-UFSCAR;HU;UTIA;UTI ADULTO;UTI ADULTO;COM02-43791;90501343791;GLICOSIMETRO;ACESSÓRIO;ROCHE;ACCU CHEK GUIDE ME;A C PON LAU COMERCIO DE EQUIPAMENTOS ELETRO-ELETRONICOS;0;13/10/2023;;00;13/10/2024;;NÃO;NÃO;SIM;NÃO;NÃO;NÃO;SIM;;;;;;;;;
HU-UFSCAR;HU;UTIA;UTI ADULTO;UTI ADULTO;COM02-9096;90501329096;GLICOSIMETRO;ACESSÓRIO;ROCHE;ACCU CHEK GUIDE ME;SO QUIMICA LABORATÓRIOS LTDA;62,9;10/05/2024;NF 157117;1258,00;10/05/2025;;NÃO;NÃO;SIM;NÃO;NÃO;NÃO;NÃO;;;;;;;;;
HU-UFSCAR;HU;UTIPED;UTI PEDIÁTRICA;;;90506493624;GLICOSIMETRO;EQUIPAMENTO;ROCHE;ACCU CHEK GUIDE ME;TESTE/ AGUARDANDO CADASTRO DE FORNECEDOR;0;21/05/2025;;0;21/05/2026;;SIM;NÃO;NÃO;NÃO;NÃO;NÃO;NÃO;;;;;;;;;
HU-UFSCAR;HU;UTIPED;UTI PEDIÁTRICA;;COM02-7343;90501267343;GLICOSIMETRO;ACESSÓRIO;ROCHE;ACCU CHEK GUIDE ME;SO QUIMICA LABORATÓRIOS LTDA;62,9;21/10/2024;;163762;15/02/2026;;NÃO;NÃO;SIM;NÃO;NÃO;NÃO;NÃO;;;;;;;;;
HU-UFSCAR;HU;UTIPED;UTI PEDIÁTRICA;UTI PED;COM02-0449;90501330449;GLICOSIMETRO;ACESSÓRIO;ROCHE;ACCU CHEK GUIDE ME;SO QUIMICA LABORATÓRIOS LTDA;62,9;10/05/2024;NF 157117;1258,00;10/05/2025;;SIM;NÃO;NÃO;NÃO;NÃO;NÃO;NÃO;;;;;;;;;
HU-UFSCAR;HU;UTIPED;UTI PEDIÁTRICA;UTI PED;COM02-0802;90501330802;GLICOSIMETRO;ACESSÓRIO;ROCHE;ACCU CHEK GUIDE ME;SO QUIMICA LABORATÓRIOS LTDA;62,9;10/05/2024;NF 157117;1258,00;10/05/2025;;SIM;NÃO;NÃO;NÃO;NÃO;NÃO;NÃO;;;;;;;;;
HU-UFSCAR;HU;UTIPED;UTI PEDIÁTRICA;UTI PED;COM02-43790;90501343790;GLICOSIMETRO;ACESSÓRIO;ROCHE;ACCU CHEK GUIDE ME;ZAFALON SOLUCOES HOSPITALARES LTDA;0;13/10/2023;;00;13/10/2024;;NÃO;NÃO;SIM;NÃO;NÃO;NÃO;SIM;;;;;;;;;
HU-UFSCAR;HU;UTIPED;UTI PEDIÁTRICA;UTI PED;COM02-9661;90501329661;GLICOSIMETRO;ACESSÓRIO;ROCHE;ACCU CHEK GUIDE ME;SO QUIMICA LABORATÓRIOS LTDA;62,9;10/05/2024;NF 157117;1258,00;10/05/2025;;NÃO;NÃO;SIM;NÃO;NÃO;NÃO;NÃO;;;;;;;;;
HU-UFSCAR;HU;ECG;ELETROCARDIOGRAFIA;;22262213;2412260812;GRAVADOR ELETRONICO ECG;EQUIPAMENTO;CARDIOS;CARDIO SEVEN;TESTE/ AGUARDANDO CADASTRO DE FORNECEDOR;0;01/04/2025;;0;01/04/2026;;NÃO;NÃO;SIM;NÃO;NÃO;NÃO;SIM;;;;;;;;;
HU-UFSCAR;HU;ECG;ELETROCARDIOGRAFIA;;22622210;2412260807;GRAVADOR ELETRONICO ECG;EQUIPAMENTO;CARDIOS;CARDIO SEVEN;TESTE/ AGUARDANDO CADASTRO DE FORNECEDOR;0;01/04/2025;;0;01/04/2026;;NÃO;NÃO;SIM;NÃO;NÃO;NÃO;SIM;;;;;;;;;
HU-UFSCAR;HU;ECG;ELETROCARDIOGRAFIA;;22622211;2412260811;GRAVADOR ELETRONICO ECG;EQUIPAMENTO;CARDIOS;CARDIO SEVEN;TESTE/ AGUARDANDO CADASTRO DE FORNECEDOR;0;01/04/2025;;0;01/04/2026;;NÃO;NÃO;SIM;NÃO;NÃO;NÃO;SIM;;;;;;;;;
HU-UFSCAR;HU;ECG;ELETROCARDIOGRAFIA;;22622212;2412260810;GRAVADOR ELETRONICO ECG;EQUIPAMENTO;CARDIOS;CARDIO SEVEN;TESTE/ AGUARDANDO CADASTRO DE FORNECEDOR;0;01/04/2025;;0;01/04/2026;;NÃO;NÃO;SIM;NÃO;NÃO;NÃO;SIM;;;;;;;;;
HU-UFSCAR;HU;ECG;ELETROCARDIOGRAFIA;;22622214;2412260809;GRAVADOR ELETRONICO ECG;EQUIPAMENTO;CARDIOS;CARDIO SEVEN;TESTE/ AGUARDANDO CADASTRO DE FORNECEDOR;0;01/04/2025;;0;01/04/2026;;NÃO;NÃO;SIM;NÃO;NÃO;NÃO;SIM;;;;;;;;;
HU-UFSCAR;HU;ECG;ELETROCARDIOGRAFIA;;22622215;2412260808;GRAVADOR ELETRONICO ECG;EQUIPAMENTO;CARDIOS;CARDIO SEVEN;TESTE/ AGUARDANDO CADASTRO DE FORNECEDOR;0;01/04/2025;;0;01/04/2026;;NÃO;NÃO;SIM;NÃO;NÃO;NÃO;SIM;;;;;;;;;
HU-UFSCAR;HU;UDIDE-MG-MAPA;M.A.P.A.;SADT;PREF-GRMAPA-003;00108537;GRAVADOR ELETRONICO PA;EQUIPAMENTO;SUNTECH MEDICAL;OSCAR-2 24-HR ABP;COM MAT MED HOSP MACROSUL LTDA;10378,7;25/01/2019;;96294;22/02/2021;;NÃO;NÃO;SIM;NÃO;NÃO;NÃO;SIM;;;;;;;;;
HU-UFSCAR;HU;UDIDE-MG-MAPA;M.A.P.A.;UDIDE;PREF-GRMAPA-001/UDIDE0047;00108535;GRAVADOR ELETRONICO PA;EQUIPAMENTO;SUNTECH MEDICAL;OSCAR-2 24-HR ABP;COM MAT MED HOSP MACROSUL LTDA;10378,7;25/01/2019;;96294;22/02/2021;;NÃO;NÃO;SIM;NÃO;NÃO;NÃO;SIM;;;;;;;;;
HU-UFSCAR;HU;UDIDE-MG-MAPA;M.A.P.A.;UDIDE;PREF-GRMAPA-002;00108540;GRAVADOR ELETRONICO PA;EQUIPAMENTO;SUNTECH MEDICAL;OSCAR-2 24-HR ABP;COM MAT MED HOSP MACROSUL LTDA;10378,7;25/01/2019;;96294;22/02/2021;;NÃO;NÃO;SIM;NÃO;NÃO;NÃO;SIM;;;;;;;;;
HU-UFSCAR;HU;UDIDE-MG-MAPA;M.A.P.A.;UDIDE;PREF-GRMAPA-004/UDIDE0042;00108536;GRAVADOR ELETRONICO PA;EQUIPAMENTO;SUNTECH MEDICAL;OSCAR-2 24-HR ABP;COM MAT MED HOSP MACROSUL LTDA;10378,7;25/01/2019;;96294;22/02/2021;;NÃO;NÃO;SIM;NÃO;NÃO;NÃO;SIM;;;;;;;;;
HU-UFSCAR;HU;UDIDE-MG-MAPA;M.A.P.A.;UDIDE;PREF-GRMAPA-005/UDIDE0043;00108529;GRAVADOR ELETRONICO PA;EQUIPAMENTO;SUNTECH MEDICAL;OSCAR-2 24-HR ABP;COM MAT MED HOSP MACROSUL LTDA;10378,7;25/01/2019;;96294;22/02/2021;;NÃO;NÃO;SIM;NÃO;NÃO;NÃO;SIM;;;;;;;;;
HU-UFSCAR;HU;UDIDE-MG-MAPA;M.A.P.A.;UDIDE;PREF-GRMAPA-006/UDIDE0045;00108528;GRAVADOR ELETRONICO PA;EQUIPAMENTO;SUNTECH MEDICAL;OSCAR-2 24-HR ABP;COM MAT MED HOSP MACROSUL LTDA;10378,7;25/01/2019;;96294;22/02/2021;;NÃO;NÃO;SIM;NÃO;NÃO;NÃO;SIM;;;;;;;;;
HU-UFSCAR;HU;UDIDE-MG-MAPA;M.A.P.A.;UDIDE;PREF-GRMAPA-007/UDIDE0048;00108527;GRAVADOR ELETRONICO PA;EQUIPAMENTO;SUNTECH MEDICAL;OSCAR-2 24-HR ABP;COM MAT MED HOSP MACROSUL LTDA;10378,7;25/01/2019;;96294;22/02/2021;;NÃO;NÃO;SIM;NÃO;NÃO;NÃO;SIM;;;;;;;;;
HU-UFSCAR;HU;UDIDE-MG-MAPA;M.A.P.A.;UDIDE;PREF-GRMAPA-008/UDIDE0044;00108541;GRAVADOR ELETRONICO PA;EQUIPAMENTO;SUNTECH MEDICAL;OSCAR-2 24-HR ABP;COM MAT MED HOSP MACROSUL LTDA;10378,7;25/01/2019;;96294;22/02/2021;;NÃO;NÃO;SIM;NÃO;NÃO;NÃO;SIM;;;;;;;;;
HU-UFSCAR;HU;UDIDE-MG-MAPA;M.A.P.A.;UDIDE;PREF-GRMAPA-009/UDIDE0046;00108539;GRAVADOR ELETRONICO PA;EQUIPAMENTO;SUNTECH MEDICAL;OSCAR-2 24-HR ABP;COM MAT MED HOSP MACROSUL LTDA;10378,7;25/01/2019;;96294;22/02/2021;;NÃO;NÃO;SIM;NÃO;NÃO;NÃO;SIM;;;;;;;;;
HU-UFSCAR;HU;UDIDE-MG-MAPA;M.A.P.A.;UDIDE;PREF-GRMAPA-010/UDIDE0049;00108538;GRAVADOR ELETRONICO PA;EQUIPAMENTO;SUNTECH MEDICAL;OSCAR-2 24-HR ABP;COM MAT MED HOSP MACROSUL LTDA;10378,7;25/01/2019;;96294;22/02/2021;;NÃO;NÃO;SIM;NÃO;NÃO;NÃO;SIM;;;;;;;;;
HU-UFSCAR;HU;STEC;SETOR DE ENGENHARIA CLÍNICA;SALA ECQ;10022789;ZPH4064510/25;GRAVADOR ELETRONICO PH;EQUIPAMENTO;ALACER;AL-4-ZPH;ATITUDE MEDICAL HOSPIALAR LTDA;41000;21/05/2026;23763.003386/2026-22;1167;21/05/2028;;NÃO;NÃO;SIM;NÃO;NÃO;NÃO;SIM;"NOTA DE EMPENHO 2025NE001909 - ATITUDE (56805902)

ORDEM DE SERVIÇO OU DE FORNECIMENTO DE BENS - SEI 21 (56909218)";;;;;;;;
HU-UFSCAR;HU;STEC;SETOR DE ENGENHARIA CLÍNICA;SALA ECQ;10022790;ZPH4065810/25;GRAVADOR ELETRONICO PH;EQUIPAMENTO;ALACER;AL-4-ZPH;ATITUDE MEDICAL HOSPIALAR LTDA;41000;21/05/2026;23763.003386/2026-22;1167;21/05/2028;;NÃO;NÃO;SIM;NÃO;NÃO;NÃO;SIM;21/2025 - NOTA DE EMPENHO 2025NE001909 - ATITUDE (56805902);;;;;;;;
HU-UFSCAR;HU;UMULTI;UNIDADE MULTIPROFISSIONAL ;SALA DE REABILITAÇÃO;501209;;GUINDASTE TRANSFERENCIA PACIENTE;EQUIPAMENTO;LIDER;BT-300;K.C.R.S. COMERCIO DE EQUIPAMENTOS EIRELI;20900;29/03/2019;;4803;03/10/2021;;NÃO;NÃO;SIM;NÃO;NÃO;NÃO;SIM;;;;;;;;;
HU-UFSCAR;HU;UTIA;UTI ADULTO;;10021239;3DGEI2000381;GUINDASTE TRANSFERENCIA PACIENTE;EQUIPAMENTO;FREEDOM;PLUS TRANSFER;MARCK TECNOLOGIA COMERCIO & SERVICOS MECANICOS LTDA;15200;05/05/2023;;588;11/07/2025;;NÃO;NÃO;SIM;NÃO;NÃO;NÃO;SIM;;;;;;;;;
HU-UFSCAR;HU;LAC;LABORATÓRIO DE ANÁLISES CLÍNICAS;LABORATÓRIO ;10022237;2786-00;HOMOGENEIZADOR;EQUIPAMENTO;KACIL;HM-01;MANANCIAL MEDICAL LTDA;1990;09/04/2025;23763.004580/2024-63;4358;09/04/2026;;NÃO;NÃO;SIM;NÃO;NÃO;NÃO;SIM;"ANEXO 2024NE001627 - MANANCIAL MEDICAL LTDA (45651558)



";;;;;;;;
HU-UFSCAR;HU;LAC;LABORATÓRIO DE ANÁLISES CLÍNICAS;LABORATÓRIO DE ANALISE CLINICAS;10022238;2787-00;HOMOGENEIZADOR;EQUIPAMENTO;KACIL;HM-01;MANANCIAL MEDICAL LTDA;1990;09/04/2025;23763.004580/2024-63;4358;09/04/2026;;NÃO;NÃO;SIM;NÃO;NÃO;NÃO;SIM;"ANEXO 2024NE001627 - MANANCIAL MEDICAL LTDA (45651558)



";;;;;;;;
HU-UFSCAR;HU;STEC;SETOR DE ENGENHARIA CLÍNICA;2º ANDAR;HE-8773;RAD-221514;HOMOGENEIZADOR;EQUIPAMENTO;FANEM;270-THB;FANEM LTDA;5113,63;05/04/2007;;51968;05/04/2008;;SIM;NÃO;NÃO;NÃO;NÃO;NÃO;SIM;;;;;;;;;
HU-UFSCAR;HU;STEC;SETOR DE ENGENHARIA CLÍNICA;SALA DISTRIBUIÇÃO STEC;10022236;2785-00;HOMOGENEIZADOR;EQUIPAMENTO;KACIL;HM-01;MANANCIAL MEDICAL LTDA;1990;09/04/2025;23763.004580/2024-63;4358;09/04/2026;;NÃO;NÃO;SIM;NÃO;NÃO;NÃO;SIM;ANEXO 2024NE001627 - MANANCIAL MEDICAL LTDA (45651558);;;;;;;;
HU-UFSCAR;HU;AT;AGÊNCIA TRANSFUSIONAL;AGÊNCIA TRANSFUSIONAL;499756/0010018009/LAB0040;120131119510002;HOMOGENEIZADOR BOLSA SANGUE;EQUIPAMENTO;INBRAS;ALB-480-PLUS;AULAB AUTOMAÇÃO LABORATORIAL LTDA;10000;23/06/2020;;274;23/06/2022;;NÃO;NÃO;SIM;NÃO;NÃO;NÃO;SIM;;;;;;;;;
HU-UFSCAR;HU;RAD;RADIOLOGIA;DIGITALIZAÇÃO DE RX;497682;2546;IMPRESSORA GRAFICA;EQUIPAMENTO;AGFA;DRYSTAR-5302;AGFA HEALTHCARE;40000;27/07/2007;;178049;27/07/2008;;NÃO;NÃO;SIM;NÃO;NÃO;NÃO;SIM;;;;;;;;;
HU-UFSCAR;HU;RAD;RADIOLOGIA;DIGITALIZAÇÃO RAIOS-X;497686/UDID0015;19992;IMPRESSORA GRAFICA;EQUIPAMENTO;AGFA;DRYSTAR-5503;AGFA HEALTHCARE;0;01/12/2014;;;01/12/2015;;NÃO;NÃO;SIM;NÃO;NÃO;NÃO;SIM;;;;;;;;;
HU-UFSCAR;HU;RAD;RADIOLOGIA;DIGITALIZAÇÃO DE RX;497946;4934;IMPRESSORA LASER;EQUIPAMENTO;AGFA;DRY-5300;AGFA HEALTHCARE;0;21/07/2007;;*;21/07/2008;;NÃO;NÃO;SIM;NÃO;NÃO;NÃO;SIM;;;;;;;;;
HU-UFSCAR;HU;ENDO;ENDOSCOPIA;UDI - ENDOSCOPIA;PMS-24158;725350;IMPRESSORA VIDEO;EQUIPAMENTO;SONY;UP-25-MD;ENDOTECH COMÉRCIO IMPORTAÇÃO EXPORTAÇÃO E SERVIÇOS LTDA;34000;17/10/2017;;20792;17/10/2020;;NÃO;NÃO;SIM;NÃO;NÃO;NÃO;SIM;;;;;;;;;
HU-UFSCAR;HU;ENDO;ENDOSCOPIA;UDI - ENDOSCOPIA;PMS-24165;725391;IMPRESSORA VIDEO;EQUIPAMENTO;SONY;UP-25-MD;ENDOTECH COMÉRCIO IMPORTAÇÃO EXPORTAÇÃO E SERVIÇOS LTDA;34000;26/10/2017;;20890;26/10/2020;;NÃO;NÃO;SIM;NÃO;NÃO;NÃO;SIM;;;;;;;;;
HU-UFSCAR;HU;AT;AGÊNCIA TRANSFUSIONAL;LABORATÓRIO;PREF-INCU-001;050;INCUBADORA;EQUIPAMENTO;BIONOVA;IC-10/20-FR;HIROMED PRODUTOS HOSPITALARES EIRELI ;0;01/06/2020;;*;01/06/2021;;NÃO;NÃO;SIM;NÃO;NÃO;NÃO;SIM;;;;;;;;;
HU-UFSCAR;HU;LAP-LACP;LABORATÓRIO DE ANATOMIA PATOLÓGICA;LABORATÓRIO DE APOIO;501113/10020599/UDIDE0039;;INCUBADORA;EQUIPAMENTO;SOLIDSTEEL;SSBI-21 L;SKYLAB COMERCIAL HOSPITALAR LTDA;3370;22/11/2022;;58;22/11/2024;;NÃO;NÃO;SIM;NÃO;NÃO;NÃO;SIM;;;;;;;;;
HU-UFSCAR;HU;STEC;SETOR DE ENGENHARIA CLÍNICA;CORREDOR INTERNO;10022785;26030583;INCUBADORA;EQUIPAMENTO;SOLIDSTEEL;SSB-110 L;SQUADRA DO BRASIL DISTRIBUIDORA DE EQUIPAMENTOS LTDA;4300;10/04/2026;23763.002466/2026-61;662;09/04/2028;;NÃO;NÃO;SIM;NÃO;NÃO;NÃO;SIM;;;;;;;;;
HU-UFSCAR;HU;STEC;SETOR DE ENGENHARIA CLÍNICA;CORREDOR INTERNO;10022786;26030584;INCUBADORA;EQUIPAMENTO;SOLIDSTEEL;SSB-110 L;SQUADRA DO BRASIL DISTRIBUIDORA DE EQUIPAMENTOS LTDA;4300;10/04/2026;23763.002466/2026-61;662;09/04/2028;;NÃO;NÃO;SIM;NÃO;NÃO;NÃO;SIM;;;;;;;;;
HU-UFSCAR;HU;CC;CENTRO CIRÚRGICO;FARMÁCIA SATÉLITE;10019239/500034;42000896;INCUBADORA LAB ANAEROBICA/AEROBICA;EQUIPAMENTO;THERMO SCIENTIFIC;HERATHERM IGS-100;DATAMED LTDA;18385;04/05/2020;;38152;03/05/2021;;NÃO;NÃO;SIM;NÃO;NÃO;NÃO;SIM;;;;;;;;;
HU-UFSCAR;HU;CME;CENTRAL DE MATERIAIS ESTERILIZADOS;CME;COM03;1025003P8;INCUBADORA LAB TESTE TUBO ENSAIO;EQUIPAMENTO;MAXXIMED;LUMMINA PRO-8;MAXXIMED COMERCIO DE PRODUTOS MEDICOS HOSPITALARES LTDA;0;01/06/2026;23763.001507/2026-00;0;01/06/2026;;NÃO;NÃO;SIM;NÃO;NÃO;NÃO;NÃO;"COMODATO

AQUISIÇÃO DE PRODUTOS PARA SAÚDE - CME, SANEANTES E LUVAS - ID 344



23763.001507/2026-00";;;;;;;;
HU-UFSCAR;HU;STEC;SETOR DE ENGENHARIA CLÍNICA;2º ANDAR;498777;CF-2956;INCUBADORA RN TRANSPORTE;EQUIPAMENTO;FANEM;IT-158-TS;FANEM LTDA;14138,19;18/12/2006;;33331;18/12/2007;23/01/2026;SIM;SIM;NÃO;NÃO;NÃO;NÃO;SIM;;;;;;;19 ANOS, 1 MÊS E 5 DIAS;;
HU-UFSCAR;HU;STEC;SETOR DE ENGENHARIA CLÍNICA;2º ANDAR;498778;CF-2957;INCUBADORA RN TRANSPORTE;EQUIPAMENTO;FANEM;IT-158-TS;FANEM LTDA;14138,19;18/12/2006;;33331;18/12/2007;23/01/2026;SIM;SIM;NÃO;NÃO;NÃO;NÃO;SIM;;;;;;;19 ANOS, 1 MÊS E 5 DIAS;;
HU-UFSCAR;HU;TOMO;TOMOGRAFIA;SADT;497929;CI0306B610;INJETOR MEIO CONTRASTE;EQUIPAMENTO;MALLINCKRODT;OPTIVANTAGE DH;MEDSYSTEM EQUIPAMENTOS MEDICOS LTDA;3500;01/12/2013;;*;01/12/2014;;NÃO;NÃO;SIM;NÃO;NÃO;SIM;SIM;;;;;;;;;
HU-UFSCAR;HU;UMULTI;UNIDADE MULTIPROFISSIONAL ;MULTI;10019275/499485;;INSUFLADOR BAINHA TUBO TRAQUEAL;EQUIPAMENTO;VBM;54 04 000;VAD MEDICAL COMERCIO LTDA;2400;04/01/2019;;11893;04/01/2020;;NÃO;NÃO;SIM;NÃO;NÃO;NÃO;SIM;;;;;;;;;
HU-UFSCAR;HU;UTIA;UTI ADULTO;UTI ADULTO;10019276/499486;1803512;INSUFLADOR BAINHA TUBO TRAQUEAL;EQUIPAMENTO;VBM;54 07 000-C;CAMILA ALVES SAMPAIO FALCAO DA SILVA LTDA EPP;2400;04/01/2019;;11893;04/01/2020;;NÃO;NÃO;SIM;NÃO;NÃO;NÃO;SIM;;;;;;;;;
HU-UFSCAR;HU;UTIA;UTI ADULTO;UTI ADULTO;10019277/499911;1908547;INSUFLADOR BAINHA TUBO TRAQUEAL;EQUIPAMENTO;VBM;54 04 000;VAD MEDICAL COMERCIO LTDA;2400;04/01/2019;;1646;04/01/2020;;NÃO;NÃO;SIM;NÃO;NÃO;NÃO;SIM;;;;;;;;;
HU-UFSCAR;HU;UTIPED;UTI PEDIÁTRICA;UTI PED;499486*;;INSUFLADOR BAINHA TUBO TRAQUEAL;EQUIPAMENTO;VBM;54 04 000;VAD MEDICAL COMERCIO LTDA;2400;04/01/2019;;11893;04/01/2020;;NÃO;NÃO;SIM;NÃO;NÃO;NÃO;SIM;;;;;;;;;
HU-UFSCAR;HU;CC;CENTRO CIRÚRGICO;CC;;CM40T-201912-11;INSUFLADOR LAPAROSCOPIA;EQUIPAMENTO;CONFIANCE MEDICAL;CM-40 L;CONFIANCE MEDICAL PRODUTOS MEDICOS S.A.;26227,45;03/01/2020;;11313;03/01/2023;;NÃO;NÃO;SIM;NÃO;NÃO;NÃO;SIM;;;;;;;;;
HU-UFSCAR;HU;CC;CENTRO CIRÚRGICO;CC;;CM40T-201912-16;INSUFLADOR LAPAROSCOPIA;EQUIPAMENTO;CONFIANCE MEDICAL;CM-40 L;CONFIANCE MEDICAL PRODUTOS MEDICOS S.A.;26227,45;03/01/2020;;11313;03/01/2023;;NÃO;NÃO;SIM;NÃO;NÃO;NÃO;SIM;;;;;;;;;
HU-UFSCAR;HU;STEC-ECQ;ECQ/HU-UFSCAR;SALA DE CALIBRAÇÃO;ECQ-02;;KIT PESO AFERICAO;INSTRUMENTO DE CALIBRAÇÃO;BRASIL CALIBRACOES;CLASSE M1;ECQ COMERCIO E MANUTENCAO HOSPITALAR LTDA;0;25/04/2023;;00000;25/04/2024;;NÃO;NÃO;SIM;NÃO;NÃO;NÃO;SIM;;;;;;;;;
HU-UFSCAR;HU;STEC-ECQ;ECQ/HU-UFSCAR;SALA DE CALIBRAÇÃO;ECQ-03;;KIT PESO AFERICAO;INSTRUMENTO DE CALIBRAÇÃO;BRASIL CALIBRACOES;CLASSE M1;ECQ COMERCIO E MANUTENCAO HOSPITALAR LTDA;0;25/04/2023;;00000;25/04/2024;;NÃO;NÃO;SIM;NÃO;NÃO;NÃO;SIM;;;;;;;;;
HU-UFSCAR;HU;AMB;AMBULATÓRIO DE ESPECIALIDADES MÉDICAS;AMBULATÓRIO;501189/AMB0037;5781;LAMPADA FENDA;EQUIPAMENTO;KEELER;SYMPHONY-40-H;AXIS TECNOLOGIA MEDICA LTDA;65380;08/01/2020;Prefeitura;271;27/02/2023;;NÃO;NÃO;SIM;NÃO;NÃO;SIM;SIM;"EQUIPAMENTO ACESSÓRIOS:

TONÔMETRO KEELER SN: 16252

MESA COM COLUNA OFTALMOLÓGICA: VIEWMED, SN: 19113/3-1";;;;;;;;
HU-UFSCAR;HU;AMB;AMBULATÓRIO DE ESPECIALIDADES MÉDICAS;AMBULATÓRIO;10020601;0952710011;LASER DIODO BIOESTIMULACAO;EQUIPAMENTO;IBRAMED;LASERPULSE;PROMEDI DISTR PROD HOSPITALARES LTDA;3187,8;19/12/2022;;10149;19/12/2024;;NÃO;NÃO;SIM;NÃO;NÃO;NÃO;SIM;;;;;;;;;
HU-UFSCAR;HU;AMB;AMBULATÓRIO DE ESPECIALIDADES MÉDICAS;AMBULATÓRIO;10020602;0952710002;LASER DIODO BIOESTIMULACAO;EQUIPAMENTO;IBRAMED;LASERPULSE;PROMEDI DISTR PROD HOSPITALARES LTDA;3187,8;19/12/2022;;10149;19/12/2024;;NÃO;NÃO;SIM;NÃO;NÃO;NÃO;SIM;;;;;;;;;
HU-UFSCAR;HU;UMULTI;UNIDADE MULTIPROFISSIONAL ;SALA REABILITAÇÃO;10020603;0952710005;LASER DIODO BIOESTIMULACAO;EQUIPAMENTO;IBRAMED;LASERPULSE;PROMEDI DISTR PROD HOSPITALARES LTDA;3187,8;19/12/2022;;10149;19/12/2024;;NÃO;NÃO;SIM;NÃO;NÃO;NÃO;SIM;;;;;;;;;
HU-UFSCAR;HU;AMB;AMBULATÓRIO DE ESPECIALIDADES MÉDICAS;AMBULATÓRIO - OFTALMO;501188/AMB0038;1222070;LASER ND:YAG OFTALMOLOGICO;EQUIPAMENTO;CARL ZEISS;VISULAS YAG III;CARL ZEISS DO BRASIL LTDA;143000;20/02/2020;;167031;16/08/2024;;NÃO;NÃO;SIM;NÃO;NÃO;NÃO;SIM;"EQUIPAMENTOS ACESSÓRIOS:

LÂMPADA DE FENDA: LSLIAG3, SN: 1222339

MESA COM COLUNA: ITI060, SN: 3009567";;;;;;;;
HU-UFSCAR;HU;CME;CENTRAL DE MATERIAIS ESTERILIZADOS;CME - AREA SUJA;501472/CME0014;1900810CF002;LAVADORA DESCONTAMINADORA;EQUIPAMENTO;STEELCO;BP-100-HLX;L.D.M EQUIPAMENTOS LTDA;65000;01/11/2019;;13113;07/12/2022;;NÃO;NÃO;SIM;NÃO;NÃO;NÃO;SIM;EQUIPAMENTO TRIFÁSICO 380V;;;;;;;;
HU-UFSCAR;HU;CME;CENTRAL DE MATERIAIS ESTERILIZADOS;CME - AREA SUJA;501415/CME0015;3654;LAVADORA US;EQUIPAMENTO;LABNEWS;PROSONIC JET-6510;L.D.M EQUIPAMENTOS LTDA;29380;21/12/2018;;11539;07/12/2022;;NÃO;NÃO;SIM;NÃO;NÃO;NÃO;SIM;;;;;;;;;
HU-UFSCAR;HU;STEC;SETOR DE ENGENHARIA CLÍNICA;CME;INST_9;XXXXXX;LAVADORA US;EQUIPAMENTO;KLARE;KL-35;H STRATTNER &  CIA LTDA;52360;18/03/2026;23477.006833/2025-40;1785;18/03/2026;;NÃO;NÃO;SIM;NÃO;NÃO;NÃO;SIM;;;;;;;;;
HU-UFSCAR;HU;AMB;AMBULATÓRIO DE ESPECIALIDADES MÉDICAS;CONSULTÓRIO DE OFTALMOLOGIA;10020600/AMB0033;1526122;LENSOMETRO;EQUIPAMENTO;NEW VISION;NV-3000;HOSPLIFE COMERCIO DE EQUIPAMENTOS HOSPITALARES LTDA;9700;03/01/2023;;2843;03/01/2026;;NÃO;NÃO;SIM;NÃO;NÃO;NÃO;SIM;;;;;;;;;
HU-UFSCAR;HU;CC;CENTRO CIRÚRGICO;CC;501125;5101/21-471;LITOTRIPTOR INTRACORPOREO;EQUIPAMENTO;ENGEMED;CALCULITUS;ENGEMED INDUSTRIA E COMERCIO LTDA;43000;13/04/2021;;1972;13/04/2024;;NÃO;NÃO;SIM;NÃO;NÃO;NÃO;SIM;;;;;;;;;
HU-UFSCAR;HU;CC;CENTRO CIRÚRGICO;SALA DE EQUIPAMENTOS;10022558;40873;LOCALIZADOR VEIAS;EQUIPAMENTO;MEDCAPTAIN;NAVI-60;NOEM MEDICAL IMPORTACAO E EXPORTACAO DE PRODUTOS MEDICOS-HOSPITALARES LTDA;39300;25/02/2026;23763.001379/2026-96;2067;25/02/2027;;NÃO;NÃO;SIM;NÃO;NÃO;NÃO;SIM;NOTA DE EMPENHO 2025NE001918 - NOEM (56814882);;;;;;;;
HU-UFSCAR;HU;STEC;SETOR DE ENGENHARIA CLÍNICA;CALIBRAÇÃO;10019837/499469-501099;1072567;LOCALIZADOR VEIAS;EQUIPAMENTO;DUAN;IV PLUS;CIRURGICA SAO FELIPE PRODUTOS PARA SAUDE EIRELI ;1654,88;10/12/2018;;9454;10/12/2020;;NÃO;NÃO;SIM;NÃO;NÃO;NÃO;SIM;;;;;;;;;
HU-UFSCAR;HU;STEC;SETOR DE ENGENHARIA CLÍNICA;SALA DE CALIBRAÇÃO;10019838/499470;1072564;LOCALIZADOR VEIAS;EQUIPAMENTO;DUAN;IV PLUS;CIRURGICA SAO FELIPE PRODUTOS PARA SAUDE EIRELI ;1654,88;10/12/2018;;9454;10/12/2019;;NÃO;NÃO;SIM;NÃO;NÃO;NÃO;SIM;;;;;;;;;
HU-UFSCAR;HU;STEC;SETOR DE ENGENHARIA CLÍNICA;SALA DE CALIBRAÇÃO E METROLOGIA;10019835/499467;1072562;LOCALIZADOR VEIAS;EQUIPAMENTO;DUAN;IV PLUS;CIRURGICA SAO FELIPE PRODUTOS PARA SAUDE EIRELI ;1654,88;10/12/2018;;9454;10/12/2019;;NÃO;NÃO;SIM;NÃO;NÃO;NÃO;SIM;;;;;;;;;
HU-UFSCAR;HU;UCAI;UNIDADE DA CRIANÇA E ADOLESCENTE - INTERNAÇÃO;UCA;10019836/499468;10725642;LOCALIZADOR VEIAS;EQUIPAMENTO;DUAN;IV PLUS;CIRURGICA SAO FELIPE PRODUTOS PARA SAUDE EIRELI ;1654,88;10/12/2018;;9454;10/12/2019;;NÃO;NÃO;SIM;NÃO;NÃO;NÃO;SIM;;;;;;;;;
HU-UFSCAR;HU;UTIPED;UTI PEDIÁTRICA;UTI PED;10022557;40831;LOCALIZADOR VEIAS;EQUIPAMENTO;MEDCAPTAIN;NAVI-60;NOEM MEDICAL IMPORTACAO E EXPORTACAO DE PRODUTOS MEDICOS-HOSPITALARES LTDA;39300;25/02/2026;23763.001379/2026-96;2067;25/02/2027;;NÃO;NÃO;SIM;NÃO;NÃO;NÃO;SIM;NOTA DE EMPENHO 2025NE001918 - NOEM (56814882);;;;;;;;
HU-UFSCAR;HU;CME;CENTRAL DE MATERIAIS ESTERILIZADOS;CME;PREF-LUPA-001;3721;LUPA;ACESSÓRIO;LABNEWS;8;L.D.M EQUIPAMENTOS LTDA;1500;21/12/2018;;11539;21/12/2019;;NÃO;NÃO;SIM;NÃO;NÃO;NÃO;SIM;;;;;;;;;
HU-UFSCAR;HU;CME;CENTRAL DE MATERIAIS ESTERILIZADOS;CME;PREF-LUPA-002;3452;LUPA;ACESSÓRIO;LABNEWS;8;L.D.M EQUIPAMENTOS LTDA;1500;21/12/2018;;11539;21/12/2019;;NÃO;NÃO;SIM;NÃO;NÃO;NÃO;SIM;;;;;;;;;
HU-UFSCAR;HU;AMB;AMBULATÓRIO DE ESPECIALIDADES MÉDICAS;AMBULATORIO;10019270/499484/AMB0027;244982-05;MACA TRANSFERENCIA PACIENTE;EQUIPAMENTO;RC MOVEIS;RC-325;RC MÓVEIS LTDA;7260;24/12/2018;;12517;09/01/2021;;NÃO;NÃO;SIM;NÃO;NÃO;NÃO;SIM;;;;;;;;;
HU-UFSCAR;HU;AMB;AMBULATÓRIO DE ESPECIALIDADES MÉDICAS;AMBULATÓRIO;499478/0010019264;244982-04;MACA TRANSFERENCIA PACIENTE;EQUIPAMENTO;RC MOVEIS;RC-325;RC MÓVEIS LTDA;7260;24/12/2018;;12517;09/01/2021;;NÃO;NÃO;SIM;NÃO;NÃO;NÃO;SIM;;;;;;;;;
HU-UFSCAR;HU;AMB;AMBULATÓRIO DE ESPECIALIDADES MÉDICAS;CORREDOR AMBULATÓRIO;10019268/499482;244982-02;MACA TRANSFERENCIA PACIENTE;EQUIPAMENTO;RC MOVEIS;RC-325;RC MÓVEIS LTDA;7260;24/12/2018;;12517;09/01/2021;;NÃO;NÃO;SIM;NÃO;NÃO;NÃO;SIM;;;;;;;;;
HU-UFSCAR;HU;CC;CENTRO CIRÚRGICO;CC - RPA;501098;2019399868-04;MACA TRANSFERENCIA PACIENTE;EQUIPAMENTO;RC MOVEIS;RC-324;RC MÓVEIS LTDA;9814,81;06/08/2019;;13496;05/10/2022;;NÃO;NÃO;SIM;NÃO;NÃO;NÃO;SIM;;;;;;;;;
HU-UFSCAR;HU;CC;CENTRO CIRÚRGICO;CC - RPA;501151;2019399868-27;MACA TRANSFERENCIA PACIENTE;EQUIPAMENTO;RC MOVEIS;RC-324;RC MÓVEIS LTDA;9814,81;06/08/2019;;13496;05/10/2022;;NÃO;NÃO;SIM;NÃO;NÃO;NÃO;SIM;;;;;;;;;
HU-UFSCAR;HU;CC;CENTRO CIRÚRGICO;CC - RPA;501441;2019399868-18;MACA TRANSFERENCIA PACIENTE;EQUIPAMENTO;RC MOVEIS;RC-324;RC MÓVEIS LTDA;9814,81;06/08/2019;;13496;05/10/2022;;NÃO;NÃO;SIM;NÃO;NÃO;NÃO;SIM;;;;;;;;;
HU-UFSCAR;HU;CC;CENTRO CIRÚRGICO;CC- RPA;PREF-MACA-006;2019399868-06;MACA TRANSFERENCIA PACIENTE;EQUIPAMENTO;RC MOVEIS;RC-324;RC MÓVEIS LTDA;9814,81;06/08/2019;;13496;05/10/2022;;NÃO;NÃO;SIM;NÃO;NÃO;NÃO;SIM;;;;;;;;;
HU-UFSCAR;HU;CC;CENTRO CIRÚRGICO;CENTRO CIRURGICO;501100/CC0036;2019399868-12;MACA TRANSFERENCIA PACIENTE;EQUIPAMENTO;RC MOVEIS;RC-324;RC MÓVEIS LTDA;9814,81;06/08/2019;;13496;25/03/2022;;NÃO;NÃO;SIM;NÃO;NÃO;NÃO;SIM;;;;;;;;;
HU-UFSCAR;HU;CC;CENTRO CIRÚRGICO;CENTRO CIRURGICO;501101/CC0035;2019399868-24;MACA TRANSFERENCIA PACIENTE;EQUIPAMENTO;RC MOVEIS;RC-324;RC MÓVEIS LTDA;9814,81;06/08/2019;;13496;05/10/2022;;NÃO;NÃO;SIM;NÃO;NÃO;NÃO;SIM;;;;;;;;;
HU-UFSCAR;HU;CC;CENTRO CIRÚRGICO;CENTRO CIRURGICO;501104/CC0037;2019399868-05;MACA TRANSFERENCIA PACIENTE;EQUIPAMENTO;RC MOVEIS;RC-324;RC MÓVEIS LTDA;9814,81;06/08/2019;;13496;05/10/2022;;NÃO;NÃO;SIM;NÃO;NÃO;NÃO;SIM;;;;;;;;;
HU-UFSCAR;HU;CC;CENTRO CIRÚRGICO;CENTRO CIRURGICO;501105/CC0038;2019399868-26;MACA TRANSFERENCIA PACIENTE;EQUIPAMENTO;RC MOVEIS;RC-324;RC MÓVEIS LTDA;9814,81;06/08/2019;;13496;05/10/2022;;NÃO;NÃO;SIM;NÃO;NÃO;NÃO;SIM;;;;;;;;;
HU-UFSCAR;HU;CC;CENTRO CIRÚRGICO;CENTRO CIRURGICO;501237/CC0034;2019399868-13;MACA TRANSFERENCIA PACIENTE;EQUIPAMENTO;RC MOVEIS;RC-324;RC MÓVEIS LTDA;9814,81;06/08/2019;;13496;05/10/2022;;NÃO;NÃO;SIM;NÃO;NÃO;NÃO;SIM;;;;;;;;;
HU-UFSCAR;HU;ECG;ELETROCARDIOGRAFIA;SALA DE EXAMES ECG;10019267/499481;244982-03;MACA TRANSFERENCIA PACIENTE;EQUIPAMENTO;RC MOVEIS;RC-325;RC MÓVEIS LTDA;7260;24/12/2018;;12517;09/01/2021;;NÃO;NÃO;SIM;NÃO;NÃO;NÃO;SIM;;;;;;;;;
HU-UFSCAR;HU;ENDO;ENDOSCOPIA;UDI - ENDOSCOPIA;501458;2019399868-07;MACA TRANSFERENCIA PACIENTE;EQUIPAMENTO;RC MOVEIS;RC-324;RC MÓVEIS LTDA;9814,81;06/08/2019;;13496;26/08/2021;;NÃO;NÃO;SIM;NÃO;NÃO;NÃO;SIM;;;;;;;;;
HU-UFSCAR;HU;ENDO;ENDOSCOPIA;UDI- RPA ENDOSCOPIA;PREF-MACA-024;2019399868-23;MACA TRANSFERENCIA PACIENTE;EQUIPAMENTO;RC MOVEIS;RC-324;RC MÓVEIS LTDA;9814,81;06/08/2019;;13496;26/08/2021;;NÃO;NÃO;SIM;NÃO;NÃO;NÃO;SIM;;;;;;;;;
HU-UFSCAR;HU;PAA;PA ADULTO;;499479/PA0009;244982-07;MACA TRANSFERENCIA PACIENTE;EQUIPAMENTO;RC MOVEIS;RC-325;RC MÓVEIS LTDA;7260;24/12/2018;;12517;09/01/2021;;NÃO;NÃO;SIM;NÃO;NÃO;NÃO;SIM;;;;;;;;;
HU-UFSCAR;HU;PAA;PA ADULTO;;501538/PA0022;2019399868-10;MACA TRANSFERENCIA PACIENTE;EQUIPAMENTO;RC MOVEIS;RC-324;RC MÓVEIS LTDA;9814,81;06/08/2019;;13496;25/03/2022;;NÃO;NÃO;SIM;NÃO;NÃO;NÃO;SIM;;;;;;;;;
HU-UFSCAR;HU;PAA;PA ADULTO;;PREF-MACA-004/PA0015;2019399868-15;MACA TRANSFERENCIA PACIENTE;EQUIPAMENTO;RC MOVEIS;RC-324;RC MÓVEIS LTDA;9814,81;06/08/2019;;13496;05/10/2022;;NÃO;NÃO;SIM;NÃO;NÃO;NÃO;SIM;;;;;;;;;
HU-UFSCAR;HU;PAA;PA ADULTO;;PREF-MACA-012/PA0021;2019399868-01;MACA TRANSFERENCIA PACIENTE;EQUIPAMENTO;RC MOVEIS;RC-324;RC MÓVEIS LTDA;9814,81;06/08/2019;;13496;25/03/2022;;NÃO;NÃO;SIM;NÃO;NÃO;NÃO;SIM;;;;;;;;;
HU-UFSCAR;HU;PAA;PA ADULTO;PA ADULTO;499480/0010019266;244982-01;MACA TRANSFERENCIA PACIENTE;EQUIPAMENTO;RC MOVEIS;RC-325;RC MÓVEIS LTDA;7260;24/12/2018;;12517;09/01/2021;;NÃO;NÃO;SIM;NÃO;NÃO;NÃO;SIM;;;;;;;;;
HU-UFSCAR;HU;PAA;PA ADULTO;PA ADULTO;PREF-MACA-021;2019399868-17;MACA TRANSFERENCIA PACIENTE;EQUIPAMENTO;RC MOVEIS;RC-324;RC MÓVEIS LTDA;9814,81;06/08/2019;;13496;26/08/2021;;NÃO;NÃO;SIM;NÃO;NÃO;NÃO;SIM;;;;;;;;;
HU-UFSCAR;HU;PAA;PA ADULTO;PRONTO ATENDIMENTO ADULTO;10019265/499479/PA0033;244982-06;MACA TRANSFERENCIA PACIENTE;EQUIPAMENTO;RC MOVEIS;RC-325;RC MÓVEIS LTDA;7260;24/12/2018;;12517;09/01/2021;;NÃO;NÃO;SIM;NÃO;NÃO;NÃO;SIM;;;;;;;;;
HU-UFSCAR;HU;PAI;PA INFANTIL;AMBULATORIO;501176/UCA0001;2019399868-20;MACA TRANSFERENCIA PACIENTE;EQUIPAMENTO;RC MOVEIS;RC-324;RC MÓVEIS LTDA;9814,81;06/08/2019;;13496;25/03/2022;;NÃO;NÃO;SIM;NÃO;NÃO;NÃO;SIM;;;;;;;;;
HU-UFSCAR;HU;PAI;PA INFANTIL;PA INFANTIL ;501155/UCA0006;2019399868-21;MACA TRANSFERENCIA PACIENTE;EQUIPAMENTO;RC MOVEIS;RC-324;RC MÓVEIS LTDA;9814,81;06/08/2019;;13496;25/03/2022;;NÃO;NÃO;SIM;NÃO;NÃO;NÃO;SIM;;;;;;;;;
HU-UFSCAR;HU;STEC;SETOR DE ENGENHARIA CLÍNICA;CORREDOR BLOCO C/D;10022651;902.2026.117.1494-01;MACA TRANSFERENCIA PACIENTE;EQUIPAMENTO;RC MOVEIS;RC-324;RC MÓVEIS LTDA;13000;06/03/2026;23763.001665/2026-51;25563;06/03/2028;;NÃO;NÃO;SIM;NÃO;NÃO;NÃO;SIM;;;;;;;;;
HU-UFSCAR;HU;STEC;SETOR DE ENGENHARIA CLÍNICA;CORREDOR BLOCO C/D;10022652;902.2026.117.1494-02;MACA TRANSFERENCIA PACIENTE;EQUIPAMENTO;RC MOVEIS;RC-324;RC MÓVEIS LTDA;13000;06/03/2026;23763.001665/2026-51;25563;06/03/2028;;NÃO;NÃO;SIM;NÃO;NÃO;NÃO;SIM;;;;;;;;;
HU-UFSCAR;HU;STEC;SETOR DE ENGENHARIA CLÍNICA;CORREDOR BLOCO C/D;10022655;902.2026.117.1494-05;MACA TRANSFERENCIA PACIENTE;EQUIPAMENTO;RC MOVEIS;RC-324;RC MÓVEIS LTDA;13000;06/03/2026;23763.001665/2026-51;25563;06/03/2028;;NÃO;NÃO;SIM;NÃO;NÃO;NÃO;SIM;;;;;;;;;
HU-UFSCAR;HU;STEC;SETOR DE ENGENHARIA CLÍNICA;CORREDOR BLOCO C/D;10022656;902.2026.117.1494-06;MACA TRANSFERENCIA PACIENTE;EQUIPAMENTO;RC MOVEIS;RC-324;RC MÓVEIS LTDA;13000;06/03/2026;23763.001665/2026-51;25563;06/03/2028;;NÃO;NÃO;SIM;NÃO;NÃO;NÃO;SIM;;;;;;;;;
HU-UFSCAR;HU;STEC;SETOR DE ENGENHARIA CLÍNICA;CORREDOR BLOCO C/D;10022657;902.2026.117.1494-07;MACA TRANSFERENCIA PACIENTE;EQUIPAMENTO;RC MOVEIS;RC-324;RC MÓVEIS LTDA;13000;06/03/2026;23763.001665/2026-51;25563;06/03/2028;;NÃO;NÃO;SIM;NÃO;NÃO;NÃO;SIM;;;;;;;;;
HU-UFSCAR;HU;STEC;SETOR DE ENGENHARIA CLÍNICA;CORREDOR NECROTÉRIO;10022649;902.2026.116.1374-02;MACA TRANSFERENCIA PACIENTE;EQUIPAMENTO;RC MOVEIS;RC-324;RC MÓVEIS LTDA;13000;19/02/2026;23763.001153/2026-95;25522;19/02/2028;;NÃO;NÃO;SIM;NÃO;NÃO;NÃO;SIM;NOTA DE EMPENHO 2025NE001720 - RC (55387692);;;;;;;;
HU-UFSCAR;HU;STEC;SETOR DE ENGENHARIA CLÍNICA;CORREDOR NECROTÉRIO;10022650;902.2026.116.1374-03;MACA TRANSFERENCIA PACIENTE;EQUIPAMENTO;RC MOVEIS;RC-324;RC MÓVEIS LTDA;13000;19/02/2026;23763.001153/2026-95;25522;19/02/2028;;NÃO;NÃO;SIM;NÃO;NÃO;NÃO;SIM;NOTA DE EMPENHO 2025NE001720 - RC (55387692);;;;;;;;
HU-UFSCAR;HU;STEC;SETOR DE ENGENHARIA CLÍNICA;ENTREGUE RETAGUARDA;0010022145;;MACA TRANSFERENCIA PACIENTE;EQUIPAMENTO;RC MOVEIS;RC-325;RC MÓVEIS LTDA;13700;02/12/2024;;23343;02/12/2025;;NÃO;NÃO;SIM;NÃO;NÃO;NÃO;SIM;" NOTA DE EMPENHO 2024NE000909 - R.C - MOVEIS (42222604) 

";;;;;;;;
HU-UFSCAR;HU;STEC;SETOR DE ENGENHARIA CLÍNICA;ENTREGUE RETAGUARDA;0010022147;;MACA TRANSFERENCIA PACIENTE;EQUIPAMENTO;RC MOVEIS;RC-325;RC MÓVEIS LTDA;13700;02/12/2024;;23343;02/12/2025;;NÃO;NÃO;SIM;NÃO;NÃO;NÃO;SIM;" NOTA DE EMPENHO 2024NE000909 - R.C - MOVEIS (42222604) 

";;;;;;;;
HU-UFSCAR;HU;STEC;SETOR DE ENGENHARIA CLÍNICA;TERREO;0010022149;;MACA TRANSFERENCIA PACIENTE;EQUIPAMENTO;RC MOVEIS;RC-325;RC MÓVEIS LTDA;13700;02/12/2024;;23343;02/12/2025;;NÃO;NÃO;SIM;NÃO;NÃO;NÃO;SIM;" NOTA DE EMPENHO 2024NE000909 - R.C - MOVEIS (42222604) 

";;;;;;;;
HU-UFSCAR;HU;UCAI;UNIDADE DA CRIANÇA E ADOLESCENTE - INTERNAÇÃO;PEDIATRIA;501504/UCA0030;2019399868-03;MACA TRANSFERENCIA PACIENTE;EQUIPAMENTO;RC MOVEIS;RC-324;RC MÓVEIS LTDA;9814,81;06/08/2019;;13496;26/08/2021;;NÃO;NÃO;SIM;NÃO;NÃO;NÃO;SIM;;;;;;;;;
HU-UFSCAR;HU;UCAI;UNIDADE DA CRIANÇA E ADOLESCENTE - INTERNAÇÃO;PEDIATRIA;PREF-MACA-026/UCA0036;2019399868-11;MACA TRANSFERENCIA PACIENTE;EQUIPAMENTO;RC MOVEIS;RC-324;RC MÓVEIS LTDA;9814,81;06/08/2019;;13496;26/08/2021;;NÃO;NÃO;SIM;NÃO;NÃO;NÃO;SIM;;;;;;;;;
HU-UFSCAR;HU;UCMC;CLÍNICA MÉDICA E CIRÚRGICA;UCM;501439;2019399868-19;MACA TRANSFERENCIA PACIENTE;EQUIPAMENTO;RC MOVEIS;RC-324;RC MÓVEIS LTDA;9814,81;06/08/2019;;13496;25/03/2022;;NÃO;NÃO;SIM;NÃO;NÃO;NÃO;SIM;;;;;;;;;
HU-UFSCAR;HU;UCMC;CLÍNICA MÉDICA E CIRÚRGICA;UCM;501502;2019399868-22;MACA TRANSFERENCIA PACIENTE;EQUIPAMENTO;RC MOVEIS;RC-324;RC MÓVEIS LTDA;9814,81;06/08/2019;;13496;25/03/2022;;NÃO;NÃO;SIM;NÃO;NÃO;NÃO;SIM;;;;;;;;;
HU-UFSCAR;HU;UCMC;CLÍNICA MÉDICA E CIRÚRGICA;UCM;501509;2019399868-16;MACA TRANSFERENCIA PACIENTE;EQUIPAMENTO;RC MOVEIS;RC-324;RC MÓVEIS LTDA;9814,81;06/08/2019;;13496;25/03/2022;;NÃO;NÃO;SIM;NÃO;NÃO;NÃO;SIM;;;;;;;;;
HU-UFSCAR;HU;UCMC;CLÍNICA MÉDICA E CIRÚRGICA;UCM;501511;2019399868-09;MACA TRANSFERENCIA PACIENTE;EQUIPAMENTO;RC MOVEIS;RC-324;RC MÓVEIS LTDA;9814,81;06/08/2019;;13496;25/03/2022;;NÃO;NÃO;SIM;NÃO;NÃO;NÃO;SIM;;;;;;;;;
HU-UFSCAR;HU;UCMC;CLÍNICA MÉDICA E CIRÚRGICA;UCM;PREF-MACA-020;2019399868-14;MACA TRANSFERENCIA PACIENTE;EQUIPAMENTO;RC MOVEIS;RC-324;RC MÓVEIS LTDA;9814,81;06/08/2019;;13496;25/03/2022;;NÃO;NÃO;SIM;NÃO;NÃO;NÃO;SIM;;;;;;;;;
HU-UFSCAR;HU;UMULTI;UNIDADE MULTIPROFISSIONAL ;;PREF-MACA-014/UMULTI0001;2019399868-02;MACA TRANSFERENCIA PACIENTE;EQUIPAMENTO;RC MOVEIS;RC-324;RC MÓVEIS LTDA;9814,81;06/08/2019;;13496;25/03/2022;;NÃO;NÃO;SIM;NÃO;NÃO;NÃO;SIM;;;;;;;;;
HU-UFSCAR;HU;US;ULTRASSOM;UDIDE;10022648;902.2026.116.1374-01;MACA TRANSFERENCIA PACIENTE;EQUIPAMENTO;RC MOVEIS;RC-324;RC MÓVEIS LTDA;13000;19/02/2026;23763.001153/2026-95;25521;19/02/2028;;NÃO;NÃO;SIM;NÃO;NÃO;NÃO;SIM;NOTA DE EMPENHO 2025NE001721 - RC (55387721);;;;;;;;
HU-UFSCAR;HU;US;ULTRASSOM;UDIDE;10022653;902.2026.117.1494-03;MACA TRANSFERENCIA PACIENTE;EQUIPAMENTO;RC MOVEIS;RC-324;RC MÓVEIS LTDA;13000;06/03/2026;23763.001665/2026-51;25563;06/03/2028;;NÃO;NÃO;SIM;NÃO;NÃO;NÃO;SIM;;;;;;;;;
HU-UFSCAR;HU;US;ULTRASSOM;UDIDE;10022654;902.2026.117.1494-04;MACA TRANSFERENCIA PACIENTE;EQUIPAMENTO;RC MOVEIS;RC-324;RC MÓVEIS LTDA;13000;06/03/2026;23763.001665/2026-51;25563;06/03/2028;;NÃO;NÃO;SIM;NÃO;NÃO;NÃO;SIM;;;;;;;;;
HU-UFSCAR;HU;UTIA;UTI ADULTO;PA ADULTO;501241;2019399868-08;MACA TRANSFERENCIA PACIENTE;EQUIPAMENTO;RC MOVEIS;RC-324;RC MÓVEIS LTDA;9814,81;06/08/2019;;13496;26/08/2021;;NÃO;NÃO;SIM;NÃO;NÃO;NÃO;SIM;;;;;;;;;
HU-UFSCAR;HU;UTIPED;UTI PEDIÁTRICA;TERREO;0010022146;2024.112480-01;MACA TRANSFERENCIA PACIENTE;EQUIPAMENTO;RC MOVEIS;RC-325;RC MÓVEIS LTDA;13700;02/12/2024;;23343;02/12/2025;;NÃO;NÃO;SIM;NÃO;NÃO;NÃO;SIM;" NOTA DE EMPENHO 2024NE000909 - R.C - MOVEIS (42222604) 

";;;;;;;;
HU-UFSCAR;HU;UTIPED;UTI PEDIÁTRICA;TERREO;0010022148;2024.112480-03;MACA TRANSFERENCIA PACIENTE;EQUIPAMENTO;RC MOVEIS;RC-325;RC MÓVEIS LTDA;13700;02/12/2024;;23343;02/12/2025;;NÃO;NÃO;SIM;NÃO;NÃO;NÃO;SIM;" NOTA DE EMPENHO 2024NE000909 - R.C - MOVEIS (42222604) 

";;;;;;;;
HU-UFSCAR;HU;UTIPED;UTI PEDIÁTRICA;UTI PED;501149;2019399868-25;MACA TRANSFERENCIA PACIENTE;EQUIPAMENTO;RC MOVEIS;RC-324;RC MÓVEIS LTDA;9814,81;06/08/2019;;13496;26/08/2021;;NÃO;NÃO;SIM;NÃO;NÃO;NÃO;SIM;;;;;;;;;
HU-UFSCAR;HU;RAD-MAMO;MAMOGRAFIA;MAMOGRAFIA;497953/0010019271/UDID0018;673700BU1;MAMOGRAFO;EQUIPAMENTO;GE HEALTHCARE;SENOGRAPHE ESSENTIAL;GE HEALTHCARE DO BRASIL COMÉRCIO E SERVIÇOS PARA EQUIPAMENTOS MÉDICO-HOSPITALARES;834220,36;12/05/2016;;11086;12/05/2018;;NÃO;NÃO;SIM;NÃO;NÃO;SIM;SIM;;;;;;;;;
HU-UFSCAR;HU;UTIA;UTI ADULTO;UTI;499763/UTIA0037;61205451;MARCA-PASSO CARDIACO-ELETRODO INVASIVO;EQUIPAMENTO;BIOTRONIK;REOCOR D;BIOTRONIK COMERCIAL MÉDICA LTD;15933,88;12/05/2020;;927656;12/05/2021;;NÃO;NÃO;SIM;NÃO;NÃO;NÃO;SIM;;;;;;;;;
HU-UFSCAR;HU;LAC;LABORATÓRIO DE ANÁLISES CLÍNICAS;LABORATÓRIO;498690/0010019632;26532/1706;MEDIDOR PH;EQUIPAMENTO;TECNOPON;PA-210;JF EQUIPAMENTOS CIENTÍFICOS LTDA;1379;27/06/2017;;*;27/06/2018;;NÃO;NÃO;SIM;NÃO;NÃO;NÃO;SIM;;;;;;;;;
HU-UFSCAR;HU;AT;AGÊNCIA TRANSFUSIONAL;AGÊNCIA TRANSFUSIONAL;;THENG-001;MEDIDOR PRESSAO/TEMPERATURA/UMIDADE;EQUIPAMENTO;AKSO;AK-28;AKSO PRODUTOS ELETRONICOS LTDA;0;01/12/2022;;0;01/12/2023;;NÃO;NÃO;SIM;NÃO;NÃO;NÃO;SIM;;;;;;;;;
HU-UFSCAR;HU;AT;AGÊNCIA TRANSFUSIONAL;UDIDE;THUDI-001;;MEDIDOR PRESSAO/TEMPERATURA/UMIDADE;EQUIPAMENTO;UNITY;THU-200;AKSO PRODUTOS ELETRONICOS LTDA;0;01/08/2022;;;03/08/2023;;NÃO;NÃO;SIM;NÃO;NÃO;NÃO;SIM;;;;;;;;;
HU-UFSCAR;HU;AT;AGÊNCIA TRANSFUSIONAL;UDIDE;THUDI-002;20204382;MEDIDOR PRESSAO/TEMPERATURA/UMIDADE;EQUIPAMENTO;AKSO;AK-28;AKSO PRODUTOS ELETRONICOS LTDA;0;01/08/2022;;;02/08/2023;;NÃO;NÃO;SIM;NÃO;NÃO;NÃO;SIM;;;;;;;;;
HU-UFSCAR;HU;HH;HOTELARIA HOSPITALAR;COZINHA;THCZ-006;20230012;MEDIDOR PRESSAO/TEMPERATURA/UMIDADE;EQUIPAMENTO;AKSO;AK-28;AKSO PRODUTOS ELETRONICOS LTDA;0;01/10/2022;;;01/10/2023;;NÃO;NÃO;SIM;NÃO;NÃO;NÃO;SIM;;;;;;;;;
HU-UFSCAR;HU;HH;HOTELARIA HOSPITALAR;COZINHA;THCZ-007;20230011;MEDIDOR PRESSAO/TEMPERATURA/UMIDADE;EQUIPAMENTO;AKSO;AK-28;AKSO PRODUTOS ELETRONICOS LTDA;0;01/10/2022;;;01/10/2023;;NÃO;NÃO;SIM;NÃO;NÃO;NÃO;SIM;;;;;;;;;
HU-UFSCAR;HU;LAC;LABORATÓRIO DE ANÁLISES CLÍNICAS;LABORATORIO;2023003;THLAB-001;MEDIDOR PRESSAO/TEMPERATURA/UMIDADE;EQUIPAMENTO;AKSO;AK-28;AKSO PRODUTOS ELETRONICOS LTDA;0;01/07/2022;;;01/07/2022;;NÃO;NÃO;SIM;NÃO;NÃO;NÃO;SIM;;;;;;;;;
HU-UFSCAR;HU;LAC;LABORATÓRIO DE ANÁLISES CLÍNICAS;LABORATORIO;THLAB-001;20230003;MEDIDOR PRESSAO/TEMPERATURA/UMIDADE;EQUIPAMENTO;AKSO;AK-28;AKSO PRODUTOS ELETRONICOS LTDA;0;01/09/2022;;;01/09/2023;;NÃO;NÃO;SIM;NÃO;NÃO;NÃO;SIM;;;;;;;;;
HU-UFSCAR;HU;LAC;LABORATÓRIO DE ANÁLISES CLÍNICAS;LABORATORIO;THLAB-003;;MEDIDOR PRESSAO/TEMPERATURA/UMIDADE;EQUIPAMENTO;AKSO;AK-28;AKSO PRODUTOS ELETRONICOS LTDA;0;01/12/2023;;0;01/12/2024;;NÃO;NÃO;SIM;NÃO;NÃO;NÃO;SIM;;;;;;;;;
HU-UFSCAR;HU;LAC;LABORATÓRIO DE ANÁLISES CLÍNICAS;LABORATÓRIO;;THENG-003;MEDIDOR PRESSAO/TEMPERATURA/UMIDADE;EQUIPAMENTO;AKSO;AK-28;AKSO PRODUTOS ELETRONICOS LTDA;0;01/12/2022;;0;01/12/2023;;NÃO;NÃO;SIM;NÃO;NÃO;NÃO;SIM;;;;;;;;;
HU-UFSCAR;HU;LAC;LABORATÓRIO DE ANÁLISES CLÍNICAS;LABORATORO;THLAB-002;20230010;MEDIDOR PRESSAO/TEMPERATURA/UMIDADE;EQUIPAMENTO;AKSO;AK-28;AKSO PRODUTOS ELETRONICOS LTDA;0;01/10/2022;;;10/10/2023;;NÃO;NÃO;SIM;NÃO;NÃO;NÃO;SIM;;;;;;;;;
HU-UFSCAR;HU;SAFS;ABASTECIMENTO FARMACÊUTICO E SUPRIMENTOS;ALMOXARIFADO;;THENG-007;MEDIDOR PRESSAO/TEMPERATURA/UMIDADE;EQUIPAMENTO;AKSO;AK-28;AKSO PRODUTOS ELETRONICOS LTDA;0;01/12/2022;;;01/12/2023;;NÃO;NÃO;SIM;NÃO;NÃO;NÃO;SIM;;;;;;;;;
HU-UFSCAR;HU;SFHC;FARMÁCIA HOSPITALAR CENTRAL;;;THENG-009;MEDIDOR PRESSAO/TEMPERATURA/UMIDADE;EQUIPAMENTO;AKSO;AK-28;AKSO PRODUTOS ELETRONICOS LTDA;0;01/12/2022;;0;01/12/2023;;NÃO;NÃO;SIM;NÃO;NÃO;NÃO;SIM;;;;;;;;;
HU-UFSCAR;HU;SFHC;FARMÁCIA HOSPITALAR CENTRAL;;;THENG-010;MEDIDOR PRESSAO/TEMPERATURA/UMIDADE;EQUIPAMENTO;AKSO;AK-28;AKSO PRODUTOS ELETRONICOS LTDA;0;01/12/2022;;0;01/12/2023;;NÃO;NÃO;SIM;NÃO;NÃO;NÃO;SIM;;;;;;;;;
HU-UFSCAR;HU;SFHC;FARMÁCIA HOSPITALAR CENTRAL;;;THENG-011;MEDIDOR PRESSAO/TEMPERATURA/UMIDADE;EQUIPAMENTO;AKSO;AK-28;AKSO PRODUTOS ELETRONICOS LTDA;0;01/12/2022;;0;01/12/2023;;NÃO;NÃO;SIM;NÃO;NÃO;NÃO;SIM;;;;;;;;;
HU-UFSCAR;HU;SFHC;FARMÁCIA HOSPITALAR CENTRAL;FARMACIA;;THFAR-001;MEDIDOR PRESSAO/TEMPERATURA/UMIDADE;EQUIPAMENTO;AKSO;AK-28;AKSO PRODUTOS ELETRONICOS LTDA;0;01/12/2022;;0;01/12/2023;;NÃO;NÃO;SIM;NÃO;NÃO;NÃO;SIM;;;;;;;;;
HU-UFSCAR;HU;SGPIT;SETOR DE GESTÃO DA PESQUISA E INOVAÇÃO TECNOLÓGICA;UNIDADE DE PESQUISA;THUPC-001;20230006;MEDIDOR PRESSAO/TEMPERATURA/UMIDADE;EQUIPAMENTO;AKSO;AK-28;AKSO PRODUTOS ELETRONICOS LTDA;0;01/09/2022;;;01/09/2023;;NÃO;NÃO;SIM;NÃO;NÃO;NÃO;SIM;;;;;;;;;
HU-UFSCAR;HU;STEC;SETOR DE ENGENHARIA CLÍNICA;ENGENHARIA CLINICA ;;THENG-002;MEDIDOR PRESSAO/TEMPERATURA/UMIDADE;EQUIPAMENTO;AKSO;AK-28;AKSO PRODUTOS ELETRONICOS LTDA;0;01/12/2022;;00000;01/12/2023;;NÃO;NÃO;SIM;NÃO;NÃO;NÃO;SIM;;;;;;;;;
HU-UFSCAR;HU;STEC;SETOR DE ENGENHARIA CLÍNICA;ENGENHARIA CLINICA ;;THENG-005;MEDIDOR PRESSAO/TEMPERATURA/UMIDADE;EQUIPAMENTO;AKSO;AK-28;AKSO PRODUTOS ELETRONICOS LTDA;0;01/12/2022;;0;01/12/2023;;NÃO;NÃO;SIM;NÃO;NÃO;NÃO;SIM;;;;;;;;;
HU-UFSCAR;HU;STEC;SETOR DE ENGENHARIA CLÍNICA;ENGENHARIA CLINICA ;;THENG-006;MEDIDOR PRESSAO/TEMPERATURA/UMIDADE;EQUIPAMENTO;AKSO;AK-28;AKSO PRODUTOS ELETRONICOS LTDA;0;01/12/2022;;0;01/12/2023;;NÃO;NÃO;SIM;NÃO;NÃO;NÃO;SIM;;;;;;;;;
HU-UFSCAR;HU;STEC;SETOR DE ENGENHARIA CLÍNICA;ENGENHARIA CLINICA ;;THENG-008;MEDIDOR PRESSAO/TEMPERATURA/UMIDADE;EQUIPAMENTO;AKSO;AK-28;AKSO PRODUTOS ELETRONICOS LTDA;0;01/12/2022;;00000;01/12/2023;;NÃO;NÃO;SIM;NÃO;NÃO;NÃO;SIM;;;;;;;;;
HU-UFSCAR;HU;UMULTI;UNIDADE MULTIPROFISSIONAL ;;498385;14121501096136;MEDIDOR PRESSAO/TEMPERATURA/UMIDADE;EQUIPAMENTO;INSTRUTHERM;HT-700;AIQ FERRAMENTAS E INSTRUMENTOS LTDA - EPP;66,66;17/01/2017;;9459;17/01/2018;;NÃO;NÃO;SIM;NÃO;NÃO;NÃO;SIM;;;;;;;;;
HU-UFSCAR;HU;UMULTI;UNIDADE MULTIPROFISSIONAL ;;498499;14121501096131;MEDIDOR PRESSAO/TEMPERATURA/UMIDADE;EQUIPAMENTO;INSTRUTHERM;HT-700;AIQ FERRAMENTAS E INSTRUMENTOS LTDA - EPP;66,66;17/01/2017;;9459;17/01/2018;;NÃO;NÃO;SIM;NÃO;NÃO;NÃO;SIM;;;;;;;;;
HU-UFSCAR;HU;UMULTI;UNIDADE MULTIPROFISSIONAL ;;498500;14121501096122;MEDIDOR PRESSAO/TEMPERATURA/UMIDADE;EQUIPAMENTO;INSTRUTHERM;HT-700;AIQ FERRAMENTAS E INSTRUMENTOS LTDA - EPP;66,66;17/01/2017;;9459;17/01/2018;;NÃO;NÃO;SIM;NÃO;NÃO;NÃO;SIM;;;;;;;;;
HU-UFSCAR;HU;UTIA;UTI ADULTO;UTI ADULTO;10020597;032125171;MEDIDOR PRESSAO VIAS AEREAS;EQUIPAMENTO;NEWMED;25-CUFF;MAKE LINE COMERCIAL LTDA;1550;07/11/2022;;14620;07/11/2024;;NÃO;NÃO;SIM;NÃO;NÃO;NÃO;SIM;;;;;;;;;
HU-UFSCAR;HU;UTIA;UTI ADULTO;UTI ADUTO;10020596;032125170;MEDIDOR PRESSAO VIAS AEREAS;EQUIPAMENTO;NEWMED;25-CUFF;MAKE LINE COMERCIAL LTDA;1550;07/11/2022;;14620;07/11/2024;;NÃO;NÃO;SIM;NÃO;NÃO;NÃO;SIM;;;;;;;;;
HU-UFSCAR;HU;CC;CENTRO CIRÚRGICO;CC;7817912;0184640126;MESA CIRURGICA;EQUIPAMENTO;BARRFAB;BF-683;BARRFAB INDUSTRIA COMERCIO IMPORTACAO E EXPORTACAO DE EQUIPAMENTOS HOSPITALARES LTDA;95540;19/03/2026;23763.000968/2026-57;44148;19/03/2029;;NÃO;NÃO;SIM;NÃO;NÃO;NÃO;SIM;;;;;;;;;
HU-UFSCAR;HU;CC;CENTRO CIRÚRGICO;CC - SALA 01;501233/CC0011;13070;MESA CIRURGICA;EQUIPAMENTO;MAQUET;ALPHACLASSIC PRO-1118;GETINGE DO BRASIL EQUIPAMENTOS MÉDICOS LTDA;142000;29/07/2020;;30105;06/10/2023;;NÃO;NÃO;SIM;NÃO;NÃO;NÃO;SIM;"TENSÃO

DE ALIMENTAÇÃO DE ENTRADA PARA CARGA DAS BATERIAS SETADAS EM

220V.

ACOMPANHA: CONTROLE REMOTO SEM FIO REF.1118.91J0 SN 00266;

CARREGADOR REF. 1009.70A0 SN 06331; PLACA DE APOIO DE CABEÇA

REF1130.64C0 SN 112034; PLACA DE EXTENSÃO REF.1131.31BC SN 03291;

PLACA DE EXTENSÃO REF.1131.55BC SN 01597; UM PAR DE APOIO DAS

PERNAS REF.1133.53BC SN 105812; ARCO DE NARCOSE REF. 1002.57A0 SN

119605; FIXADOR RADIAL REF. 1003.23C0 SN 193230; FIXADOR RADIAL REF.

1003.23C0 SN 185647; UM PAR DE APOIO DOS BRAÇOS REF. 1001.6000 SN

132858 E 132855; PERNEIRA REF.1001.65A0 SN 06571; PERNEIRA

REF.1001.65A0 SN 06284; FIXADOR RADIAL REF. 1003.23C0 SN 193240;

CINTA CORPORAL REF. 1001.59B0 LOTE 105/19; MESA DE OMBRO 1007.18B0

SN 00642; CARRINHO P/ PLACA DORSAL 1007.20A0 LOTE 146/20; UM PAR DE

PLACA DE EXTENSÃO LARGURA REF.1001.75A0 SN 00733; SUPORTE DA

CABEÇA REF.1002.15A0 SN 01269; UM PAR DE APOIO DA CABEÇA EM

FORMA DE FERRADURA REF. 1002.72A0 SN 00897; SUPORTE PARA

ACESSÓRIO REF. 1003.48A0 LOTE 146/20; BRAÇO ARTICULADO REF.

1002.40A0 LOTE 170; TRILHO DE FIXAÇÃO APOIO DA CABEÇA REF

1002.65A0 SN11248; SUPORTE DE CONEXÃO REF 1130.54B0 SN SUPORTE

REF 1002.19C0 SN111455; SUPORTE REF 1002.19C0 SN 111447; SUPORTE

DORSAL REF 1002.11A0 SN105850; SUPORTE LATERAL REF 1002.11C0

SN105653; SUPORTE REF. 1002.11B0 SN 02438; CABO DE ALIMENTAÇÃO

2P+T; CABO PARA ATERRAMENTO ADICIONAL E MANUAL DE INSTALAÇÃO /

USUÁRIO.

OBS.: TODOS OS ACESSÓRIOS ACOMPANHA ALMOFADAS.";;;;;;;;
HU-UFSCAR;HU;CC;CENTRO CIRÚRGICO;CC- SALA 02;501292/CC0027;13072;MESA CIRURGICA;EQUIPAMENTO;MAQUET;ALPHACLASSIC PRO-1118;GETINGE DO BRASIL EQUIPAMENTOS MÉDICOS LTDA;142000;29/07/2020;;30105;06/10/2023;;NÃO;NÃO;SIM;NÃO;NÃO;NÃO;SIM;"TENSÃO

DE ALIMENTAÇÃO DE ENTRADA PARA CARGA DAS BATERIAS SETADAS EM

220V.

ACOMPANHA: CONTROLE REMOTO SEM FIO REF.1118.91J0 SN 00327;

CARREGADOR REF. 1009.70A0 SN 06356; PLACA DE APOIO DE CABEÇA

REF1130.64C0 SN 112028; PLACA DE EXTENSÃO REF.1131.31BC SN 01518;

PLACA DE EXTENSÃO REF.1131.55BC SN 01595; UM PAR DE APOIO DAS

PERNAS REF.1133.53BC SN 005631; ARCO DE NARCOSE REF. 1002.57A0 SN

119603; FIXADOR RADIAL REF. 1003.23C0 SN 193231; FIXADOR RADIAL REF.

1003.23C0 SN 193232; UM PAR DE APOIO DOS BRAÇOS REF. 1001.6000 SN

132854 E 132853; PERNEIRA REF.1001.65A0 SN 06571; CINTA CORPORAL

REF. 1001.59B0 LOTE 105/19; CABO DE ALIMENTAÇÃO 2P+T; CABO PARA

ATERRAMENTO ADICIONAL E MANUAL DE INSTALAÇÃO / USUÁRIO.

OBS.: TODOS OS ACESSÓRIOS ACOMPANHA ALMOFADAS.";;;;;;;;
HU-UFSCAR;HU;CC;CENTRO CIRÚRGICO;CC - SALA 03;500044/0010019355/CC0008;12920;MESA CIRURGICA;EQUIPAMENTO;MAQUET;ALPHACLASSIC PRO-1118;GETINGE DO BRASIL EQUIPAMENTOS MÉDICOS LTDA;182177,22;21/02/2020;;27952;06/10/2023;;NÃO;NÃO;SIM;NÃO;NÃO;NÃO;SIM;;;;;;;;;
HU-UFSCAR;HU;CC;CENTRO CIRÚRGICO;CC- SALA 04;PREF-MECI-004/CC0018;13073;MESA CIRURGICA;EQUIPAMENTO;MAQUET;ALPHACLASSIC PRO-1118;GETINGE DO BRASIL EQUIPAMENTOS MÉDICOS LTDA;142000;29/07/2020;;30105;06/10/2023;;NÃO;NÃO;SIM;NÃO;NÃO;NÃO;SIM;"TENSÃO

DE ALIMENTAÇÃO DE ENTRADA PARA CARGA DAS BATERIAS SETADAS EM

220V.

ACOMPANHA: CONTROLE REMOTO SEM FIO REF.1118.91J0 SN 00252;

CARREGADOR REF. 1009.70A0 SN 06326; PLACA DE APOIO DE CABEÇA

REF1130.64C0 SN 112037; PLACA DE EXTENSÃO REF.1131.31BC SN 03268;

UM PAR DE APOIO DAS PERNAS REF.1133.53BC SN 005933; ARCO DE

NARCOSE REF. 1002.57A0 SN 119604; FIXADOR RADIAL REF. 1003.23C0 SN

184107; FIXADOR RADIAL REF. 1003.23C0 SN 184199; UM PAR DE APOIO

DOS BRAÇOS REF. 1001.6000 SN 132849 E 132845; PERNEIRA REF.1001.65A0

SN 06571; CINTA CORPORAL REF. 1001.59B0 LOTE 105/19; CABO DE

ALIMENTAÇÃO 2P+T; CABO PARA ATERRAMENTO ADICIONAL E MANUAL DE

INSTALAÇÃO / USUÁRIO.

OBS.: TODOS OS ACESSÓRIOS ACOMPANHA ALMOFADAS.";;;;;;;;
HU-UFSCAR;HU;CC;CENTRO CIRÚRGICO;CC- SALA 05;501282/CC0002;13071;MESA CIRURGICA;EQUIPAMENTO;MAQUET;ALPHACLASSIC PRO-1118;GETINGE DO BRASIL EQUIPAMENTOS MÉDICOS LTDA;142000;29/07/2020;;30105;06/10/2023;;NÃO;NÃO;SIM;NÃO;NÃO;NÃO;SIM;"TENSÃO

DE ALIMENTAÇÃO DE ENTRADA PARA CARGA DAS BATERIAS SETADAS EM

220V.

ACOMPANHA: CONTROLE REMOTO SEM FIO REF.1118.91J0 SN 00269;

CARREGADOR REF. 1009.70A0 SN 06360; PLACA DE APOIO DE CABEÇA

REF1130.64C0 SN 112026; PLACA DE EXTENSÃO REF.1131.31BC SN 03293;

UM PAR DE APOIO DAS PERNAS REF.1133.53BC SN 005940; ARCO DE

NARCOSE REF. 1002.57A0 SN 119606; FIXADOR RADIAL REF. 1003.23C0 SN

184119; FIXADOR RADIAL REF. 1003.23C0 SN 184073; UM PAR DE APOIO

DOS BRAÇOS REF. 1001.6000 SN 132843 E 132865; PERNEIRA REF.1001.65A0

SN 06507; CINTA CORPORAL REF. 1001.59B0 LOTE 105/19; KIT DE

IRRIGAÇÃO REF. 1003.45DO; CABO DE ALIMENTAÇÃO 2P+T; CABO PARA

ATERRAMENTO ADICIONAL E MANUAL DE INSTALAÇÃO / USUÁRIO.

OBS.: TODOS OS ACESSÓRIOS ACOMPANHA ALMOFADAS.";;;;;;;;
HU-UFSCAR;HU;CC;CENTRO CIRÚRGICO;SALA 6 OU 7;7817911;0184630126;MESA CIRURGICA;EQUIPAMENTO;BARRFAB;BF-683;BARRFAB INDUSTRIA COMERCIO IMPORTACAO E EXPORTACAO DE EQUIPAMENTOS HOSPITALARES LTDA;95540;19/03/2026;23763.000968/2026-57;44148;19/03/2029;;NÃO;NÃO;SIM;NÃO;NÃO;NÃO;SIM;;;;;;;;;
HU-UFSCAR;HU;AMB;AMBULATÓRIO DE ESPECIALIDADES MÉDICAS;CONSULTÓRIO DE OFTALMOLOGIA;10020533A/AMB0034;MAC00096;MESA EXAME-TRATAMENTO;EQUIPAMENTO;EYETEC;CENTRAL;PETERSON JOSÉ BERNARDO ME;0;16/12/2022;23763.001551/2022-88;67;28/12/2025;;NÃO;NÃO;SIM;NÃO;NÃO;NÃO;SIM;;;;;;;;;
HU-UFSCAR;HU;SGPITS;SETOR DE GESTÃO DA PESQUISA E INOVAÇÃO TECNOLÓGICA EM SAÚDE - INATIVO;UPC;10021447/SGPITS0003;;MESA EXAME-TRATAMENTO;EQUIPAMENTO;INALAMED;RB-9015 I;M T M - EGOPEL EMPRESA GOIANA DE PAPEL LTDA;10946;06/07/2023;;2517;06/07/2025;;NÃO;NÃO;SIM;NÃO;NÃO;NÃO;SIM;;;;;;;;;
HU-UFSCAR;HU;SGPITS;SETOR DE GESTÃO DA PESQUISA E INOVAÇÃO TECNOLÓGICA EM SAÚDE - INATIVO;UPC;10021448/SGPITS0010;;MESA EXAME-TRATAMENTO;EQUIPAMENTO;INALAMED;RB-9015 I;M T M - EGOPEL EMPRESA GOIANA DE PAPEL LTDA;10946;06/07/2023;;2517;06/07/2024;;NÃO;NÃO;SIM;NÃO;NÃO;NÃO;SIM;;;;;;;;;
HU-UFSCAR;HU;SGPITS;SETOR DE GESTÃO DA PESQUISA E INOVAÇÃO TECNOLÓGICA EM SAÚDE - INATIVO;UPC;10021449/SGPITS0008;;MESA EXAME-TRATAMENTO;EQUIPAMENTO;INALAMED;RB-9015 I;M T M - EGOPEL EMPRESA GOIANA DE PAPEL LTDA;10946;06/07/2023;;2517;06/07/2025;;NÃO;NÃO;SIM;NÃO;NÃO;NÃO;SIM;;;;;;;;;
HU-UFSCAR;HU;CC;CENTRO CIRÚRGICO;CC - SALA EQUIPAMENTOS;501248/CC0006;6633126893;MICROSCOPIO CIRURGICO;EQUIPAMENTO;CARL ZEISS;OPMI LUMERA I;CARL ZEISS DO BRASIL LTDA;426000;20/02/2020;;167027;16/08/2024;;NÃO;NÃO;SIM;NÃO;NÃO;NÃO;SIM;;;;;;;;;
HU-UFSCAR;HU;AMB;AMBULATÓRIO DE ESPECIALIDADES MÉDICAS;SALA DE EXAMES;UFSCAR91561/AMB0004;851316;MICROSCOPIO LAB;EQUIPAMENTO;NIKON;ECLIPSE E-200;TESTE/ AGUARDANDO CADASTRO DE FORNECEDOR;0;01/01/2020;;00;01/01/2020;;NÃO;NÃO;SIM;NÃO;NÃO;NÃO;NÃO;NÃO HÁ DADOS SOBRE AQUISIÇÃO.;;;;;;;;
HU-UFSCAR;HU;LAC;LABORATÓRIO DE ANÁLISES CLÍNICAS;LABORATÓRIO;;9C50365;MICROSCOPIO LAB;EQUIPAMENTO;OLYMPUS;CX-43-RF;OLYMPUS OPTICAL DO BRASIL LTDA.;29438,69;06/08/2020;;153277;06/08/2021;;NÃO;NÃO;SIM;NÃO;NÃO;NÃO;SIM;;;;;;;;;
HU-UFSCAR;HU;LAC;LABORATÓRIO DE ANÁLISES CLÍNICAS;LABORATÓRIO;501412/LAB0011;3331010225;MICROSCOPIO LAB;EQUIPAMENTO;CARL ZEISS;AXIOSKOPE A-1;CARL ZEISS DO BRASIL LTDA;28500;18/10/2019;;157790;06/10/2022;;NÃO;NÃO;SIM;NÃO;NÃO;NÃO;SIM;;;;;;;;;
HU-UFSCAR;HU;LAC;LABORATÓRIO DE ANÁLISES CLÍNICAS;LABORATÓRIO;501421/LAB0021;3331010305;MICROSCOPIO LAB;EQUIPAMENTO;CARL ZEISS;AXIOSKOPE A-1;CARL ZEISS DO BRASIL LTDA;33000;18/10/2019;;157790;06/10/2022;;NÃO;NÃO;SIM;NÃO;NÃO;NÃO;SIM;;;;;;;;;
HU-UFSCAR;HU;LAC;LABORATÓRIO DE ANÁLISES CLÍNICAS;LABORATÓRIO;501480/LAB0023;3331010300;MICROSCOPIO LAB;EQUIPAMENTO;CARL ZEISS;AXIOSKOPE A-1;CARL ZEISS DO BRASIL LTDA;28500;18/10/2019;;157790;06/10/2022;;NÃO;NÃO;SIM;NÃO;NÃO;NÃO;SIM;;;;;;;;;
HU-UFSCAR;HU;LAC;LABORATÓRIO DE ANÁLISES CLÍNICAS;LABORATÓRIO ;501463/UDIDE0051;9C50368;MICROSCOPIO LAB;EQUIPAMENTO;OLYMPUS;CX-43-RF;OLYMPUS OPTICAL DO BRASIL LTDA.;29438,69;06/08/2020;;153277;31/08/2023;;NÃO;NÃO;SIM;NÃO;NÃO;NÃO;SIM;;;;;;;;;
HU-UFSCAR;HU;LAP-LACP;LABORATÓRIO DE ANATOMIA PATOLÓGICA;LABORATÓRIO;PREF-MICROLAB-002/UDIDE0041;190520;MICROTOMO ROTATIVO;EQUIPAMENTO;LUPETEC;MRP-2015;LUPE INDUSTRIA TECNOLOGICA DE EQUIPAMENTOS PARA LABORATORIO LTDA;22500;28/05/2019;;6956;28/05/2020;;NÃO;NÃO;SIM;NÃO;NÃO;NÃO;SIM;;;;;;;;;
HU-UFSCAR;HU;AMB;AMBULATÓRIO DE ESPECIALIDADES MÉDICAS;AMBULATÓRIO;501140/AMB0030;CN-73000431;MOD MULTIPARAMETRICO;EQUIPAMENTO;PHILIPS;EFFICIA CM-10;PHILIPS MEDICAL SYSTEMS LTDA;11516,93;06/09/2019;;18226;23/09/2021;;NÃO;NÃO;SIM;NÃO;NÃO;NÃO;SIM;;;;;;;;;
HU-UFSCAR;HU;CC;CENTRO CIRÚRGICO;CC - RPA;501116/CC0041;CN-73000434;MOD MULTIPARAMETRICO;EQUIPAMENTO;PHILIPS;EFFICIA CM-10;PHILIPS MEDICAL SYSTEMS LTDA;11516,93;06/09/2019;;18226;23/09/2021;;NÃO;NÃO;SIM;NÃO;NÃO;NÃO;SIM;;;;;;;;;
HU-UFSCAR;HU;CC;CENTRO CIRÚRGICO;CC - RPA;501118/CC0043;CN-73000429;MOD MULTIPARAMETRICO;EQUIPAMENTO;PHILIPS;EFFICIA CM-10;PHILIPS MEDICAL SYSTEMS LTDA;11516,93;06/09/2019;;18226;23/09/2021;;NÃO;NÃO;SIM;NÃO;NÃO;NÃO;SIM;;;;;;;;;
HU-UFSCAR;HU;CC;CENTRO CIRÚRGICO;CC - RPA;501121;CN-73000433;MOD MULTIPARAMETRICO;EQUIPAMENTO;PHILIPS;EFFICIA CM-10;PHILIPS MEDICAL SYSTEMS LTDA;11516,93;06/09/2019;;18226;23/09/2021;;NÃO;NÃO;SIM;NÃO;NÃO;NÃO;SIM;;;;;;;;;
HU-UFSCAR;HU;CC;CENTRO CIRÚRGICO;CC - RPA;501150;CN-73000436;MOD MULTIPARAMETRICO;EQUIPAMENTO;PHILIPS;EFFICIA CM-10;PHILIPS MEDICAL SYSTEMS LTDA;11516,93;06/09/2019;;18226;23/09/2021;;NÃO;NÃO;SIM;NÃO;NÃO;NÃO;SIM;;;;;;;;;
HU-UFSCAR;HU;CC;CENTRO CIRÚRGICO;CENTRO CIRURGICO;501119/CC0044;CN-73000430;MOD MULTIPARAMETRICO;EQUIPAMENTO;PHILIPS;EFFICIA CM-10;PHILIPS MEDICAL SYSTEMS LTDA;11516,93;06/08/2019;;18226;23/09/2021;;NÃO;NÃO;SIM;NÃO;NÃO;NÃO;SIM;;;;;;;;;
HU-UFSCAR;HU;CC;CENTRO CIRÚRGICO;CENTRO CIRURGICO;501596/PA0026;CN-73000432;MOD MULTIPARAMETRICO;EQUIPAMENTO;PHILIPS;EFFICIA CM-10;PHILIPS MEDICAL SYSTEMS LTDA;11516,93;06/09/2019;;18226;23/09/2021;;NÃO;NÃO;SIM;NÃO;NÃO;NÃO;SIM;;;;;;;;;
HU-UFSCAR;HU;CC;CENTRO CIRÚRGICO;RPA;501117/CC0042;CN-73000435;MOD MULTIPARAMETRICO;EQUIPAMENTO;PHILIPS;EFFICIA CM-10;PHILIPS MEDICAL SYSTEMS LTDA;11516,93;06/09/2019;;18226;23/09/2021;;NÃO;NÃO;SIM;NÃO;NÃO;NÃO;SIM;;;;;;;;;
HU-UFSCAR;HU;PAA;PA ADULTO;;501598/PA0030;CN-73000441;MOD MULTIPARAMETRICO;EQUIPAMENTO;PHILIPS;EFFICIA CM-10;PHILIPS MEDICAL SYSTEMS LTDA;11516,93;06/09/2019;;18226;23/09/2021;;NÃO;NÃO;SIM;NÃO;NÃO;NÃO;SIM;;;;;;;;;
HU-UFSCAR;HU;PAA;PA ADULTO;ISOLAMENTO RESPIRATÓRIO;501537/PA0020;CN-73000442;MOD MULTIPARAMETRICO;EQUIPAMENTO;PHILIPS;EFFICIA CM-10;PHILIPS MEDICAL SYSTEMS LTDA;11516,93;06/09/2019;;18226;23/09/2021;;NÃO;NÃO;SIM;NÃO;NÃO;NÃO;SIM;;;;;;;;;
HU-UFSCAR;HU;PAA;PA ADULTO;SALA AMARELA;PREF-MONM-022;CN-73000438;MOD MULTIPARAMETRICO;EQUIPAMENTO;PHILIPS;EFFICIA CM-10;PHILIPS MEDICAL SYSTEMS LTDA;11516,93;06/09/2019;;18226;23/09/2021;;NÃO;NÃO;SIM;NÃO;NÃO;NÃO;SIM;;;;;;;;;
HU-UFSCAR;HU;STEC;SETOR DE ENGENHARIA CLÍNICA;;MOD_SINAIS_VITAIS_1;23564;MOD MULTIPARAMETRICO;EQUIPAMENTO;NIHON KOHDEN;AY-663-P;NIHON KOHDEN RASIL IMP EXP E COM DE EQUIP MED LTDA;0,01;31/05/2019;;9235;23/03/2022;;NÃO;NÃO;SIM;NÃO;NÃO;NÃO;SIM;;;;;;;;;
HU-UFSCAR;HU;STEC;SETOR DE ENGENHARIA CLÍNICA;SALA DE CALIBRAÇÃO;501540;CN-73000440;MOD MULTIPARAMETRICO;EQUIPAMENTO;PHILIPS;EFFICIA CM-10;PHILIPS MEDICAL SYSTEMS LTDA;11516,93;06/09/2019;;18226;23/09/2021;;NÃO;NÃO;SIM;NÃO;NÃO;NÃO;SIM;;;;;;;;;
HU-UFSCAR;HU;UCMC;CLÍNICA MÉDICA E CIRÚRGICA;;501173/UCM0008;CN-73000437;MOD MULTIPARAMETRICO;EQUIPAMENTO;PHILIPS;EFFICIA CM-10;PHILIPS MEDICAL SYSTEMS LTDA;11516,93;06/09/2019;;18226;23/09/2021;;NÃO;NÃO;SIM;NÃO;NÃO;NÃO;SIM;;;;;;;;;
HU-UFSCAR;HU;UCMC;CLÍNICA MÉDICA E CIRÚRGICA;3 ANDAR;501148/AMB0024;CN-73000443;MOD MULTIPARAMETRICO;EQUIPAMENTO;PHILIPS;EFFICIA CM-10;PHILIPS MEDICAL SYSTEMS LTDA;11516,93;06/09/2019;;18226;23/09/2021;;NÃO;NÃO;SIM;NÃO;NÃO;NÃO;SIM;;;;;;;;;
HU-UFSCAR;HU;UTIA;UTI ADULTO;UTI;PREF-MONITORMULTI-001;CN-73000439;MOD MULTIPARAMETRICO;EQUIPAMENTO;PHILIPS;EFFICIA CM-10;PHILIPS MEDICAL SYSTEMS;11516,93;06/09/2019;;18226;23/09/2021;;NÃO;NÃO;SIM;NÃO;NÃO;NÃO;SIM;;;;;;;;;
HU-UFSCAR;HU;EEG;ELETROENCEFALOGRAFIA;SALA DE EXAMES EEG - 10;499906/0010018857;VGN64190037;MONITOR EEG;EQUIPAMENTO;ICELERA;IBLUE-64;CELERA TECNOLOGIA EM EQUIPAMENTOS MEDICOS LTDA;24310;05/12/2019;;2677;19/12/2022;;NÃO;NÃO;SIM;NÃO;NÃO;SIM;SIM;;;;;;;;;
HU-UFSCAR;HU;EEG;ELETROENCEFALOGRAFIA;UDIDE;497695;BWII-2008-1495;MONITOR EEG;EQUIPAMENTO;NEUROVIRTUAL;BW II EEG;NEUROVIRTUAL;26000;03/06/2008;;350;03/06/2009;;NÃO;NÃO;SIM;NÃO;NÃO;NÃO;SIM;;;;;;;;;
HU-UFSCAR;HU;AMB;AMBULATÓRIO DE ESPECIALIDADES MÉDICAS;2 ANDAR;10022683;AS5-58021571;MONITOR MULTIPARAMETRICO;EQUIPAMENTO;MINDRAY;VS-8;HOSPCOM EQUIPAMENTOS HOSPITALARES LTDA;6000;26/02/2026;23763.001382/2026-18;51595;26/02/2029;;NÃO;NÃO;SIM;NÃO;NÃO;NÃO;SIM;NOTA DE EMPENHO 2025NE001931 (56807101) - 2025NE001967 (56807143);;;;;;;;
HU-UFSCAR;HU;AMB;AMBULATÓRIO DE ESPECIALIDADES MÉDICAS;2 ANDAR;500213/0010019552/PA0010;F-7200603161-F;MONITOR MULTIPARAMETRICO;EQUIPAMENTO;PRO LIFE;C-12;MTB TECNOLOGIA LTDA;5168;17/08/2020;;8154;03/09/2023;;NÃO;NÃO;SIM;NÃO;NÃO;NÃO;SIM;PROCESSO DE COMPRA: 23763.000846/2019-31;;;;;;;;
HU-UFSCAR;HU;AMB;AMBULATÓRIO DE ESPECIALIDADES MÉDICAS;AMBULATORIO 1 ANDAR;500212/0010019551/UTIP0007;F-7200603226-F;MONITOR MULTIPARAMETRICO;EQUIPAMENTO;PRO LIFE;C-12;MTB TECNOLOGIA LTDA;5168;17/08/2020;;8154;03/09/2023;;NÃO;NÃO;SIM;NÃO;NÃO;NÃO;SIM;PROCESSO DE COMPRA: 23763.000846/2019-31;;;;;;;;
HU-UFSCAR;HU;AMB;AMBULATÓRIO DE ESPECIALIDADES MÉDICAS;AMBULATORIO (TERREO) ;ECQ-04;EVO64023465;MONITOR MULTIPARAMETRICO;EQUIPAMENTO;MINDRAY;IMEC-12;ECQ COMERCIO E MANUTENCAO HOSPITALAR LTDA;0;27/08/2024;;00000;27/08/2025;;NÃO;NÃO;SIM;NÃO;NÃO;NÃO;NÃO;EQUIPAMENTO EMPRESTADO DA EMPRESA ECQ;;;;;;;;
HU-UFSCAR;HU;AMB;AMBULATÓRIO DE ESPECIALIDADES MÉDICAS;CONSULTÓRIO 1 - 1 ANDAR BLOCO C;500037/0010019545/AMB1A0002;105;MONITOR MULTIPARAMETRICO;EQUIPAMENTO;TEKMARKET;SMART CHECK;TECNOCLIN;17800;17/02/2020;;704;17/02/2021;;NÃO;NÃO;SIM;NÃO;NÃO;NÃO;SIM;;;;;;;;;
HU-UFSCAR;HU;CC;CENTRO CIRÚRGICO;;501128/CC0022;10546;MONITOR MULTIPARAMETRICO;EQUIPAMENTO;NIHON KOHDEN;BSM-6701;NIHON KOHDEN RASIL IMP EXP E COM DE EQUIP MED LTDA;70446,95;31/05/2019;;9235;23/03/2022;;NÃO;NÃO;SIM;NÃO;NÃO;NÃO;SIM;;;;;;;;;
HU-UFSCAR;HU;CC;CENTRO CIRÚRGICO;CC;501285/CC0016;10542;MONITOR MULTIPARAMETRICO;EQUIPAMENTO;NIHON KOHDEN;BSM-6701;NIHON KOHDEN RASIL IMP EXP E COM DE EQUIP MED LTDA;70446,95;31/05/2019;;9235;06/10/2022;;NÃO;NÃO;SIM;NÃO;NÃO;NÃO;SIM;;;;;;;;;
HU-UFSCAR;HU;CC;CENTRO CIRÚRGICO;CENTRO CIRURGICO;;107700;MONITOR MULTIPARAMETRICO;EQUIPAMENTO;NIHON KOHDEN;SVM-7160;NIHON KOHDEN RASIL IMP EXP E COM DE EQUIP MED LTDA;10018,96;30/12/2024;;31870;30/12/2025;;NÃO;NÃO;SIM;NÃO;NÃO;NÃO;SIM;" NOTA DE EMPENHO 2024NE000898 - NIHON KOHDEN (42222614) 

";;;;;;;;
HU-UFSCAR;HU;CC;CENTRO CIRÚRGICO;CENTRO CIRURGICO;0010020661/SGPITS0011;F7201205102;MONITOR MULTIPARAMETRICO;EQUIPAMENTO;PRO LIFE;C-12;HOSPEQ COMÉRCIO E MANUTENÇÃO DE EQUIPAMENTOS LTDA;12870;24/01/2023;;9139;30/01/2026;;NÃO;NÃO;SIM;NÃO;NÃO;NÃO;SIM;;;;;;;;;
HU-UFSCAR;HU;CC;CENTRO CIRÚRGICO;CENTRO CIRURGICO;501290/CC0032;10543;MONITOR MULTIPARAMETRICO;EQUIPAMENTO;NIHON KOHDEN;MU-671-RK;NIHON KOHDEN RASIL IMP EXP E COM DE EQUIP MED LTDA;70446,95;31/05/2019;;9235;04/07/2021;;NÃO;NÃO;SIM;NÃO;NÃO;NÃO;SIM;;;;;;;;;
HU-UFSCAR;HU;CC;CENTRO CIRÚRGICO;CENTRO CIRURGICO SALA 6;10022681;AS5-58021525;MONITOR MULTIPARAMETRICO;EQUIPAMENTO;MINDRAY;VS-8;HOSPCOM EQUIPAMENTOS HOSPITALARES LTDA;6000;26/02/2026;23763.001382/2026-18;51595;26/02/2029;;NÃO;NÃO;SIM;NÃO;NÃO;NÃO;SIM;NOTA DE EMPENHO 2025NE001931 (56807101) - 2025NE001967 (56807143);;;;;;;;
HU-UFSCAR;HU;CC;CENTRO CIRÚRGICO;RPA;501191/CC0053;09731;MONITOR MULTIPARAMETRICO;EQUIPAMENTO;NIHON KOHDEN;BSM-6701;NIHON KOHDEN RASIL IMP EXP E COM DE EQUIP MED LTDA;70446,95;31/05/2019;;9235;11/05/2022;;NÃO;NÃO;SIM;NÃO;NÃO;NÃO;SIM;;;;;;;;;
HU-UFSCAR;HU;ENDO;ENDOSCOPIA;;500215/0010019554/UDIDE0031;F-7200603278;MONITOR MULTIPARAMETRICO;EQUIPAMENTO;PRO LIFE;C-12;MTB TECNOLOGIA LTDA;5168;17/08/2020;;8154;03/09/2023;;NÃO;NÃO;SIM;NÃO;NÃO;NÃO;SIM;PROCESSO DE COMPRA: 23763.000846/2019-31;;;;;;;;
HU-UFSCAR;HU;ENDO;ENDOSCOPIA;UDI- BRONCOSCOPIA;501413/UDIDE0030;10545;MONITOR MULTIPARAMETRICO;EQUIPAMENTO;NIHON KOHDEN;BSM-6701;NIHON KOHDEN RASIL IMP EXP E COM DE EQUIP MED LTDA;70446,95;31/05/2019;;9235;16/08/2023;;NÃO;NÃO;SIM;NÃO;NÃO;NÃO;SIM;;;;;;;;;
HU-UFSCAR;HU;ENDO;ENDOSCOPIA;UDIDE;;107699;MONITOR MULTIPARAMETRICO;EQUIPAMENTO;NIHON KOHDEN;SVM-7160;NIHON KOHDEN RASIL IMP EXP E COM DE EQUIP MED LTDA;10018,96;30/12/2024;;31870;30/12/2025;;NÃO;NÃO;SIM;NÃO;NÃO;NÃO;SIM;" NOTA DE EMPENHO 2024NE000898 - NIHON KOHDEN (42222614) 



SOLICITADO DIA 27 06 2025 - ALCIONE - UDIDE";;;;;;;;
HU-UFSCAR;HU;PAA;PA ADULTO;;501503/PA0004;10538;MONITOR MULTIPARAMETRICO;EQUIPAMENTO;NIHON KOHDEN;BSM-6701;NIHON KOHDEN RASIL IMP EXP E COM DE EQUIP MED LTDA;70446,95;31/05/2019;;9235;23/03/2022;;NÃO;NÃO;SIM;NÃO;NÃO;NÃO;SIM;;;;;;;;;
HU-UFSCAR;HU;PAA;PA ADULTO;;SMS026473/PA0029;;MONITOR MULTIPARAMETRICO;EQUIPAMENTO;OMNIMED;OMNI-610;GE HEALTHCARE DO BRASIL COMÉRCIO E SERVIÇOS PARA EQUIPAMENTOS MÉDICO-HOSPITALARES;0;04/10/2017;;0;04/12/2020;;NÃO;NÃO;SIM;NÃO;NÃO;NÃO;SIM;;;;;;;;;
HU-UFSCAR;HU;PAA;PA ADULTO;PA ADULTO;10022285;107349;MONITOR MULTIPARAMETRICO;EQUIPAMENTO;NIHON KOHDEN;SVM-7160;NIHON KOHDEN RASIL IMP EXP E COM DE EQUIP MED LTDA;987,17;28/05/2025;23763.000554/2025-47;32707;28/05/2026;;NÃO;NÃO;SIM;NÃO;NÃO;NÃO;SIM;ANEXO 2024NE001617 - NIHON KOHDEN (45648154);;;;;;;;
HU-UFSCAR;HU;PAI;PA INFANTIL;;500208/0010019547/CC0007;F-7200603239-F;MONITOR MULTIPARAMETRICO;EQUIPAMENTO;PRO LIFE;C-12;MTB TECNOLOGIA LTDA;5168;17/08/2020;;8154;03/09/2023;;NÃO;NÃO;SIM;NÃO;NÃO;NÃO;SIM;PROCESSO DE COMPRA: 23763.000846/2019-31;;;;;;;;
HU-UFSCAR;HU;PAI;PA INFANTIL;CONSULTÓRIO PA PED;500036;106;MONITOR MULTIPARAMETRICO;EQUIPAMENTO;TEKMARKET;SMART CHECK;TECNOCLIN;17800;17/02/2020;;704;17/02/2021;;NÃO;NÃO;SIM;NÃO;NÃO;NÃO;SIM;;;;;;;;;
HU-UFSCAR;HU;PAI;PA INFANTIL;PEDIATRIA;10019544/500036/UCA0018;102;MONITOR MULTIPARAMETRICO;EQUIPAMENTO;TOTH;SMART CHECK;TEKMARKET INDUSTRIA, COMERCIO E SERVICOS LTDA;17800;17/02/2020;23763.000252/2019-21;704;17/02/2023;;NÃO;NÃO;SIM;NÃO;NÃO;NÃO;SIM;;;;;;;;;
HU-UFSCAR;HU;PAI;PA INFANTIL;PEDIATRIA;501165/UCA0035;610V00065SX;MONITOR MULTIPARAMETRICO;EQUIPAMENTO;OMNIMED;OMNI-610;GE HEALTHCARE DO BRASIL COMÉRCIO E SERVIÇOS PARA EQUIPAMENTOS MÉDICO-HOSPITALARES;15800;04/12/2017;;10731;04/12/2020;;NÃO;NÃO;SIM;NÃO;NÃO;NÃO;SIM;;;;;;;;;
HU-UFSCAR;HU;SOST;SAÚDE OCUPACIONAL E SEGURANÇA DO TRABALHO;;SMS026476/USOST0001;610V00067SX;MONITOR MULTIPARAMETRICO;EQUIPAMENTO;OMNIMED;OMNI-610;GE HEALTHCARE DO BRASIL COMÉRCIO E SERVIÇOS PARA EQUIPAMENTOS MÉDICO-HOSPITALARES;15800;13/12/2017;;10731;13/12/2020;;NÃO;NÃO;SIM;NÃO;NÃO;NÃO;SIM;;;;;;;;;
HU-UFSCAR;HU;STEC;SETOR DE ENGENHARIA CLÍNICA;;10020662/UCA0004;F7201205128F;MONITOR MULTIPARAMETRICO;EQUIPAMENTO;PRO LIFE;C-12;HOSPEQ COMÉRCIO E MANUTENÇÃO DE EQUIPAMENTOS LTDA;12870;24/01/2023;;9139;30/01/2026;;NÃO;NÃO;SIM;NÃO;NÃO;NÃO;SIM;;;;;;;;;
HU-UFSCAR;HU;STEC;SETOR DE ENGENHARIA CLÍNICA;SALA DE CALIBRAÇÃO;10022160;26860;MONITOR MULTIPARAMETRICO;EQUIPAMENTO;NIHON KOHDEN;BSM-3763;NIHON KOHDEN RASIL IMP EXP E COM DE EQUIP MED LTDA;3010,973;30/12/2024;;32335;30/12/2025;;NÃO;NÃO;SIM;NÃO;NÃO;NÃO;SIM;" NOTA DE EMPENHO 2024NE000897 - NIHON KOHDEN (42222615) 

";;;;;;;;
HU-UFSCAR;HU;STEC;SETOR DE ENGENHARIA CLÍNICA;SALA DE CALIBRAÇÃO;10022161;26861;MONITOR MULTIPARAMETRICO;EQUIPAMENTO;NIHON KOHDEN;BSM-3763;NIHON KOHDEN RASIL IMP EXP E COM DE EQUIP MED LTDA;3010,973;30/12/2024;;32335;30/12/2025;;NÃO;NÃO;SIM;NÃO;NÃO;NÃO;SIM;" NOTA DE EMPENHO 2024NE000897 - NIHON KOHDEN (42222615) 

";;;;;;;;
HU-UFSCAR;HU;STEC;SETOR DE ENGENHARIA CLÍNICA;SALA DE CALIBRAÇÃO;10022162;26862;MONITOR MULTIPARAMETRICO;EQUIPAMENTO;NIHON KOHDEN;BSM-3763;NIHON KOHDEN RASIL IMP EXP E COM DE EQUIP MED LTDA;3010,973;30/12/2024;;32335;30/12/2025;;NÃO;NÃO;SIM;NÃO;NÃO;NÃO;SIM;" NOTA DE EMPENHO 2024NE000897 - NIHON KOHDEN (42222615) 

";;;;;;;;
HU-UFSCAR;HU;STEC;SETOR DE ENGENHARIA CLÍNICA;SALA DE CALIBRAÇÃO;10022278;27011;MONITOR MULTIPARAMETRICO;EQUIPAMENTO;NIHON KOHDEN;BSM-3763;NIHON KOHDEN RASIL IMP EXP E COM DE EQUIP MED LTDA;6789,42;06/02/2025;;32707;06/02/2026;;NÃO;NÃO;SIM;NÃO;NÃO;NÃO;SIM;" ANEXO 2024NE001617 - NIHON KOHDEN (45648154) 



";;;;;;;;
HU-UFSCAR;HU;STEC;SETOR DE ENGENHARIA CLÍNICA;SALA DE CALIBRAÇÃO;10022279;27012;MONITOR MULTIPARAMETRICO;EQUIPAMENTO;NIHON KOHDEN;BSM-3763;NIHON KOHDEN RASIL IMP EXP E COM DE EQUIP MED LTDA;6789,42;06/02/2025;;32707;06/02/2026;;NÃO;NÃO;SIM;NÃO;NÃO;NÃO;SIM;"ANEXO 2024NE001617 - NIHON KOHDEN (45648154)



";;;;;;;;
HU-UFSCAR;HU;STEC;SETOR DE ENGENHARIA CLÍNICA;SALA DE CALIBRAÇÃO;10022280;27013;MONITOR MULTIPARAMETRICO;EQUIPAMENTO;NIHON KOHDEN;BSM-3763;NIHON KOHDEN RASIL IMP EXP E COM DE EQUIP MED LTDA;6789,42;06/02/2025;;32707;06/02/2026;;NÃO;NÃO;SIM;NÃO;NÃO;NÃO;SIM;"ANEXO 2024NE001617 - NIHON KOHDEN (45648154)



";;;;;;;;
HU-UFSCAR;HU;STEC;SETOR DE ENGENHARIA CLÍNICA;SALA DE CALIBRAÇÃO;10022282;27015;MONITOR MULTIPARAMETRICO;EQUIPAMENTO;NIHON KOHDEN;BSM-3763;NIHON KOHDEN RASIL IMP EXP E COM DE EQUIP MED LTDA;6789,42;06/02/2025;;32707;06/02/2026;;NÃO;NÃO;SIM;NÃO;NÃO;NÃO;SIM;"ANEXO 2024NE001617 - NIHON KOHDEN (45648154)



";;;;;;;;
HU-UFSCAR;HU;STEC;SETOR DE ENGENHARIA CLÍNICA;SALA DE CALIBRAÇÃO;10022284;27017;MONITOR MULTIPARAMETRICO;EQUIPAMENTO;NIHON KOHDEN;BSM-3763;NIHON KOHDEN RASIL IMP EXP E COM DE EQUIP MED LTDA;6789,42;06/02/2025;;32707;06/02/2026;;NÃO;NÃO;SIM;NÃO;NÃO;NÃO;SIM;"ANEXO 2024NE001617 - NIHON KOHDEN (45648154)



";;;;;;;;
HU-UFSCAR;HU;STEC;SETOR DE ENGENHARIA CLÍNICA;SALA DISTRIBUIÇÃO;10022676;K8BE0000581;MONITOR MULTIPARAMETRICO;EQUIPAMENTO;PROLIFE;C-120;MTB TECNOLOGIA LTDA;8830;20/03/2026;23763.001963/2026-41;11025;20/03/2029;;NÃO;NÃO;SIM;NÃO;NÃO;NÃO;SIM;NOTA DE EMPENHO 2025NE001555 - MTB (55007612);;;;;;;;
HU-UFSCAR;HU;STEC;SETOR DE ENGENHARIA CLÍNICA;SALA DISTRIBUIÇÃO;10022678;K8BE0000586;MONITOR MULTIPARAMETRICO;EQUIPAMENTO;PROLIFE;C-120;MTB TECNOLOGIA LTDA;8830;20/03/2026;23763.001963/2026-41;11025;20/03/2029;;NÃO;NÃO;SIM;NÃO;NÃO;NÃO;SIM;NOTA DE EMPENHO 2025NE001555 - MTB (55007612);;;;;;;;
HU-UFSCAR;HU;STEC;SETOR DE ENGENHARIA CLÍNICA;SALA DISTRIBUIÇÃO;10022711;AS5-48013185;MONITOR MULTIPARAMETRICO;EQUIPAMENTO;MINDRAY;VS-8;HOSPCOM EQUIPAMENTOS HOSPITALARES LTDA;6000;09/04/2026;23763.002152/2026-68;52641;09/04/2029;;NÃO;NÃO;SIM;NÃO;NÃO;NÃO;SIM;NOTA DE EMPENHO 2025NE001723 - HOSPCOM (55387820);;;;;;;;
HU-UFSCAR;HU;STEC;SETOR DE ENGENHARIA CLÍNICA;SALA UCO;10022682;AS5-58021568;MONITOR MULTIPARAMETRICO;EQUIPAMENTO;MINDRAY;VS-8;HOSPCOM EQUIPAMENTOS HOSPITALARES LTDA;6000;26/02/2026;23763.001382/2026-18;51595;26/02/2029;;NÃO;NÃO;SIM;NÃO;NÃO;NÃO;SIM;NOTA DE EMPENHO 2025NE001931 (56807101) - 2025NE001967 (56807143);;;;;;;;
HU-UFSCAR;HU;UCAI;UNIDADE DA CRIANÇA E ADOLESCENTE - INTERNAÇÃO;UCA - INTERNAÇÃO;500216/10019555/UCA0010;F7200603136F;MONITOR MULTIPARAMETRICO;EQUIPAMENTO;PRO LIFE;C-12;MTB TECNOLOGIA LTDA;5168;17/08/2020;;8154;03/09/2023;;NÃO;NÃO;SIM;NÃO;NÃO;NÃO;SIM;PROCESSO DE COMPRA: 23763.000846/2019-31;;;;;;;;
HU-UFSCAR;HU;UCMC;CLÍNICA MÉDICA E CIRÚRGICA;CLINICA MEDICA;SMS026474;610V00064SX;MONITOR MULTIPARAMETRICO;EQUIPAMENTO;OMNIMED;OMNI-610;GE HEALTHCARE DO BRASIL COMÉRCIO E SERVIÇOS PARA EQUIPAMENTOS MÉDICO-HOSPITALARES;15800;04/12/2017;;10731;04/12/2020;;NÃO;NÃO;SIM;NÃO;NÃO;NÃO;SIM;;;;;;;;;
HU-UFSCAR;HU;UCMC;CLÍNICA MÉDICA E CIRÚRGICA;CLINICA MEDICA;SMS026475;610V00066SX;MONITOR MULTIPARAMETRICO;EQUIPAMENTO;OMNIMED;OMNI-610;GE HEALTHCARE DO BRASIL COMÉRCIO E SERVIÇOS PARA EQUIPAMENTOS MÉDICO-HOSPITALARES;15800;04/12/2017;;10731;04/12/2020;;NÃO;NÃO;SIM;NÃO;NÃO;NÃO;SIM;;;;;;;;;
HU-UFSCAR;HU;UCMC;CLÍNICA MÉDICA E CIRÚRGICA;CLINICA MÉDICA ;500210/0010019549/UTIP0026;F7200603233F;MONITOR MULTIPARAMETRICO;EQUIPAMENTO;PRO LIFE;C-12;MTB TECNOLOGIA LTDA;5168;17/08/2020;;8154;03/09/2023;;NÃO;NÃO;SIM;NÃO;NÃO;NÃO;SIM;PROCESSO DE COMPRA: 23763.000846/2019-31;;;;;;;;
HU-UFSCAR;HU;UCMC;CLÍNICA MÉDICA E CIRÚRGICA;CLÍNICA MÉDICA;10022675;K8BE0000564;MONITOR MULTIPARAMETRICO;EQUIPAMENTO;PROLIFE;C-120;MTB TECNOLOGIA LTDA;8830;20/03/2026;23763.001963/2026-41;11039;20/03/2029;;NÃO;NÃO;SIM;NÃO;NÃO;NÃO;SIM;NOTA DE EMPENHO 2025NE001556 - MTB (55007674);;;;;;;;
HU-UFSCAR;HU;UNEF;UNIDADE DE NEFROLOGIA;SALA INTRA-HOSPITALAR;10022677;K8BE0000585;MONITOR MULTIPARAMETRICO;EQUIPAMENTO;PROLIFE;C-120;MTB TECNOLOGIA LTDA;8830;20/03/2026;23763.001963/2026-41;11039;20/03/2029;;NÃO;NÃO;SIM;NÃO;NÃO;NÃO;SIM;NOTA DE EMPENHO 2025NE001556 - MTB (55007674);;;;;;;;
HU-UFSCAR;HU;UTIA;UTI ADULTO;UTI;501225/UTIA0009;09957;MONITOR MULTIPARAMETRICO;EQUIPAMENTO;NIHON KOHDEN;BSM-6701;NIHON KOHDEN RASIL IMP EXP E COM DE EQUIP MED LTDA;70446,95;31/05/2019;;9235;11/05/2022;;NÃO;NÃO;SIM;NÃO;NÃO;NÃO;SIM;;;;;;;;;
HU-UFSCAR;HU;UTIA;UTI ADULTO;UTI;501250/UTIA0041;10544;MONITOR MULTIPARAMETRICO;EQUIPAMENTO;NIHON KOHDEN;BSM-6701;NIHON KOHDEN RASIL IMP EXP E COM DE EQUIP MED LTDA;70446,95;31/05/2019;;9235;11/05/2022;;NÃO;NÃO;SIM;NÃO;NÃO;NÃO;SIM;;;;;;;;;
HU-UFSCAR;HU;UTIA;UTI ADULTO;UTI;501256/UTIA0025;10550;MONITOR MULTIPARAMETRICO;EQUIPAMENTO;NIHON KOHDEN;BSM-6701;NIHON KOHDEN RASIL IMP EXP E COM DE EQUIP MED LTDA;70446,95;31/05/2019;;9235;11/05/2022;;NÃO;NÃO;SIM;NÃO;NÃO;NÃO;SIM;;;;;;;;;
HU-UFSCAR;HU;UTIA;UTI ADULTO;UTI;501258/UTIA0032;09700;MONITOR MULTIPARAMETRICO;EQUIPAMENTO;NIHON KOHDEN;BSM-6701;NIHON KOHDEN RASIL IMP EXP E COM DE EQUIP MED LTDA;70446,95;31/05/2019;;9235;11/05/2022;;NÃO;NÃO;SIM;NÃO;NÃO;NÃO;SIM;;;;;;;;;
HU-UFSCAR;HU;UTIA;UTI ADULTO;UTI;501271/UTIA0021;10551;MONITOR MULTIPARAMETRICO;EQUIPAMENTO;NIHON KOHDEN;BSM-6701;NIHON KOHDEN RASIL IMP EXP E COM DE EQUIP MED LTDA;70446,95;31/05/2019;;9235;11/05/2022;;NÃO;NÃO;SIM;NÃO;NÃO;NÃO;SIM;;;;;;;;;
HU-UFSCAR;HU;UTIA;UTI ADULTO;UTI;501275/UTIA0047;10549;MONITOR MULTIPARAMETRICO;EQUIPAMENTO;NIHON KOHDEN;BSM-6701;NIHON KOHDEN RASIL IMP EXP E COM DE EQUIP MED LTDA;70446,95;31/05/2019;;9235;11/05/2022;;NÃO;NÃO;SIM;NÃO;NÃO;NÃO;SIM;;;;;;;;;
HU-UFSCAR;HU;UTIA;UTI ADULTO;UTI;501277;10547;MONITOR MULTIPARAMETRICO;EQUIPAMENTO;NIHON KOHDEN;BSM-6701;NIHON KOHDEN RASIL IMP EXP E COM DE EQUIP MED LTDA;70446,95;31/05/2019;;9235;11/05/2022;;NÃO;NÃO;SIM;NÃO;NÃO;NÃO;SIM;;;;;;;;;
HU-UFSCAR;HU;UTIA;UTI ADULTO;UTI;501278/UTIA0031;10539;MONITOR MULTIPARAMETRICO;EQUIPAMENTO;NIHON KOHDEN;BSM-6701;NIHON KOHDEN RASIL IMP EXP E COM DE EQUIP MED LTDA;70446,95;31/05/2019;;9235;11/05/2022;;NÃO;NÃO;SIM;NÃO;NÃO;NÃO;SIM;;;;;;;;;
HU-UFSCAR;HU;UTIA;UTI ADULTO;UTI ADULTO;10019546/500207/UTIA0011;F-7200603131-F;MONITOR MULTIPARAMETRICO;EQUIPAMENTO;PRO LIFE;C-12;MTB TECNOLOGIA LTDA;5168;17/08/2020;;8154;03/09/2023;;NÃO;NÃO;SIM;NÃO;NÃO;NÃO;SIM;;;;;;;;;
HU-UFSCAR;HU;UTIA;UTI ADULTO;UTI ADULTO;501114/UTIA0007;10548;MONITOR MULTIPARAMETRICO;EQUIPAMENTO;NIHON KOHDEN;BSM-6701;NIHON KOHDEN RASIL IMP EXP E COM DE EQUIP MED LTDA;70446,95;31/05/2019;;9235;11/05/2022;;NÃO;NÃO;SIM;NÃO;NÃO;NÃO;SIM;;;;;;;;;
HU-UFSCAR;HU;UTIA;UTI ADULTO;UTI ADULTO;501495/UTIA0044;10541;MONITOR MULTIPARAMETRICO;EQUIPAMENTO;NIHON KOHDEN;BSM-6701;NIHON KOHDEN RASIL IMP EXP E COM DE EQUIP MED LTDA;70446,95;31/05/2019;;9235;23/03/2022;;NÃO;NÃO;SIM;NÃO;NÃO;NÃO;SIM;;;;;;;;;
HU-UFSCAR;HU;UTIA;UTI ADULTO;UTI ADULTO;PREF-MONM-018;09760;MONITOR MULTIPARAMETRICO;EQUIPAMENTO;NIHON KOHDEN;BSM-6701;NIHON KOHDEN RASIL IMP EXP E COM DE EQUIP MED LTDA;70446,95;31/05/2019;;9235;05/10/2022;;NÃO;NÃO;SIM;NÃO;NÃO;NÃO;SIM;;;;;;;;;
HU-UFSCAR;HU;UTIPED;UTI PEDIÁTRICA;UTI PED;500209/0010019548;F-7200603256-F;MONITOR MULTIPARAMETRICO;EQUIPAMENTO;PRO LIFE;C-12;MTB TECNOLOGIA LTDA;5168;17/08/2020;;8154;03/09/2023;;NÃO;NÃO;SIM;NÃO;NÃO;NÃO;SIM;PROCESSO DE COMPRA: 23763.000846/2019-31;;;;;;;;
HU-UFSCAR;HU;UTIPED;UTI PEDIÁTRICA;UTI PED;500211/0010019550/UTIP0030;F-7200603097-F;MONITOR MULTIPARAMETRICO;EQUIPAMENTO;PRO LIFE;C-12;MTB TECNOLOGIA LTDA;5168;17/08/2020;;8154;03/09/2023;;NÃO;NÃO;SIM;NÃO;NÃO;NÃO;SIM;PROCESSO DE COMPRA: 23763.000846/2019-31;;;;;;;;
HU-UFSCAR;HU;UTIPED;UTI PEDIÁTRICA;UTI PED;500214/0010019553/UTIP0003;F-7200603138-F;MONITOR MULTIPARAMETRICO;EQUIPAMENTO;PRO LIFE;C-12;MTB TECNOLOGIA LTDA;5168;17/08/2020;;8154;03/09/2023;;NÃO;NÃO;SIM;NÃO;NÃO;NÃO;SIM;PROCESSO DE COMPRA: 23763.000846/2019-31;;;;;;;;
HU-UFSCAR;HU;UTIPED;UTI PEDIÁTRICA;UTI PED;501115;09699;MONITOR MULTIPARAMETRICO;EQUIPAMENTO;NIHON KOHDEN;MU-671-RK;NIHON KOHDEN RASIL IMP EXP E COM DE EQUIP MED LTDA;70446,95;31/05/2019;;9235;25/03/2022;;NÃO;NÃO;SIM;NÃO;NÃO;NÃO;SIM;;;;;;;;;
HU-UFSCAR;HU;UTIPED;UTI PEDIÁTRICA;UTI PED;501447/UTIP0033;09958;MONITOR MULTIPARAMETRICO;EQUIPAMENTO;NIHON KOHDEN;BSM-6701;NIHON KOHDEN RASIL IMP EXP E COM DE EQUIP MED LTDA;70446,95;31/05/2019;;9235;23/03/2022;;NÃO;NÃO;SIM;NÃO;NÃO;NÃO;SIM;;;;;;;;;
HU-UFSCAR;HU;UTIPED;UTI PEDIÁTRICA;UTI PED;501490/UTI0016;10540;MONITOR MULTIPARAMETRICO;EQUIPAMENTO;NIHON KOHDEN;BSM-6701;NIHON KOHDEN RASIL IMP EXP E COM DE EQUIP MED LTDA;70446,95;31/05/2019;;9235;11/05/2022;;NÃO;NÃO;SIM;NÃO;NÃO;NÃO;SIM;;;;;;;;;
HU-UFSCAR;HU;UTIPED;UTI PEDIÁTRICA;UTI PEDIATRICA;10022281;27014;MONITOR MULTIPARAMETRICO;EQUIPAMENTO;NIHON KOHDEN;BSM-3763;NIHON KOHDEN RASIL IMP EXP E COM DE EQUIP MED LTDA;6789,423;06/02/2025;;32707;06/02/2026;;NÃO;NÃO;SIM;NÃO;NÃO;NÃO;SIM;" ANEXO 2024NE001617 - NIHON KOHDEN (45648154) 



";;;;;;;;
HU-UFSCAR;HU;UTIPED;UTI PEDIÁTRICA;UTI PEDIATRICA;10022283;27016;MONITOR MULTIPARAMETRICO;EQUIPAMENTO;NIHON KOHDEN;BSM-3763;NIHON KOHDEN RASIL IMP EXP E COM DE EQUIP MED LTDA;6789,423;06/02/2025;;32707;06/02/2026;;NÃO;NÃO;SIM;NÃO;NÃO;NÃO;SIM;"ANEXO 2024NE001617 - NIHON KOHDEN (45648154)



";;;;;;;;
HU-UFSCAR;HU;UTIPED;UTI PEDIÁTRICA;TERREO;;25511346;MONITOR RESPIRACAO GAS ANESTESICO;EQUIPAMENTO;JG MORIYA;NOX PLUS;AIR LIQUIDE BRASIL LTDA;2500;18/12/2025;23763.003142/2025-69;NF 304438;17/12/2026;;NÃO;NÃO;SIM;NÃO;NÃO;NÃO;NÃO;;;;;;;;;
HU-UFSCAR;HU;CC;CENTRO CIRÚRGICO;CC;;CM27FC-201912-12;MONITOR VIDEO;EQUIPAMENTO;CONFIANCE MEDICAL;CINEMED-27-F;CONFIANCE MEDICAL PRODUTOS MEDICOS S.A.;18958,33;03/01/2020;;11313;03/01/2023;;NÃO;NÃO;SIM;NÃO;NÃO;NÃO;SIM;;;;;;;;;
HU-UFSCAR;HU;CC;CENTRO CIRÚRGICO;CC;501208/CC0015;CM27FC-201912-19;MONITOR VIDEO;EQUIPAMENTO;CONFIANCE MEDICAL;CINEMED-27-F;CONFIANCE MEDICAL PRODUTOS MEDICOS S.A.;18958,33;03/01/2020;;11313;03/01/2023;;NÃO;NÃO;SIM;NÃO;NÃO;NÃO;SIM;;;;;;;;;
HU-UFSCAR;HU;CC;CENTRO CIRÚRGICO;CENTRO CIRÚRGICO;;AN081747003742;MONITOR VIDEO;EQUIPAMENTO;BARCO;MDSC-2226;KONIMAGEM COMERCIAL LTDA;53000;09/01/2020;;187791;09/01/2021;;NÃO;NÃO;SIM;NÃO;NÃO;NÃO;SIM;;;;;;;;;
HU-UFSCAR;HU;CC;CENTRO CIRÚRGICO;CENTRO CIRÚRGICO;;AN081747003743;MONITOR VIDEO;EQUIPAMENTO;BARCO;MDSC-2226;KONIMAGEM COMERCIAL LTDA;53000;09/01/2020;;187791;09/01/2021;;NÃO;NÃO;SIM;NÃO;NÃO;NÃO;SIM;;;;;;;;;
HU-UFSCAR;HU;CC;CENTRO CIRÚRGICO;CENTRO CIRÚRGICO;;AN081747003744;MONITOR VIDEO;EQUIPAMENTO;BARCO;MDSC-2226;KONIMAGEM COMERCIAL LTDA;53000;09/01/2020;;187791;09/01/2021;;NÃO;NÃO;SIM;NÃO;NÃO;NÃO;SIM;;;;;;;;;
HU-UFSCAR;HU;CC;CENTRO CIRÚRGICO;CENTRO CIRÚRGICO;;AN081747003745;MONITOR VIDEO;EQUIPAMENTO;BARCO;MDSC-2226;KONIMAGEM COMERCIAL LTDA;53000;09/01/2020;;187791;09/01/2021;;NÃO;NÃO;SIM;NÃO;NÃO;NÃO;SIM;;;;;;;;;
HU-UFSCAR;HU;CC;CENTRO CIRÚRGICO;CENTRO CIRÚRGICO;;AN081747003746;MONITOR VIDEO;EQUIPAMENTO;BARCO;MDSC-2226;KONIMAGEM COMERCIAL LTDA;53000;09/01/2020;;187791;09/01/2021;;NÃO;NÃO;SIM;NÃO;NÃO;NÃO;SIM;;;;;;;;;
HU-UFSCAR;HU;ENDO;ENDOSCOPIA;UDI - ENDOSCOPIA;PMS-24157;C-15-002885;MONITOR VIDEO;EQUIPAMENTO;NDS;ENDOVUE-21;ENDOTECH COMÉRCIO IMPORTAÇÃO EXPORTAÇÃO E SERVIÇOS LTDA;37000;26/10/2017;;20890;26/10/2020;;NÃO;NÃO;SIM;NÃO;NÃO;NÃO;SIM;;;;;;;;;
HU-UFSCAR;HU;ENDO;ENDOSCOPIA;UDI - ENDOSCOPIA;PMS-24164;C-16-003368;MONITOR VIDEO;ACESSÓRIO;NDS;ENDOVUE-21;ENDOTECH COMÉRCIO IMPORTAÇÃO EXPORTAÇÃO E SERVIÇOS LTDA;37000;17/10/2017;;20792;17/10/2020;;NÃO;NÃO;SIM;NÃO;NÃO;NÃO;SIM;;;;;;;;;
HU-UFSCAR;HU;UDIDE-MG-ERGO;ERGOMETRIA;ERGOMETRIA;501453AB;810SPBF01621;MONITOR VIDEO;EQUIPAMENTO;LG;22-MP-58-VQ;TECNOCLIN;400;20/02/2019;;25560;20/02/2021;;NÃO;NÃO;SIM;NÃO;NÃO;NÃO;SIM;ERGOMETRIA;;;;;;;;
HU-UFSCAR;HU;STEC-ECQ;ECQ/HU-UFSCAR;SALA DISTRIBUIÇÃO STEC;10022270;92753;NASOFARINGOSCOPIO;EQUIPAMENTO;MACHIDA;ENT-30-P III;ENDOGERAIS EQUIPAMENTOS MÉDICOS LTDA;42335,08;18/03/2025;23763.004573/2024-61;8750;18/03/2027;;NÃO;NÃO;SIM;NÃO;NÃO;NÃO;SIM;" ANEXO 2024NE001633 - ENDOGERAIS (45656021) 

";;;;;;;;
HU-UFSCAR;HU;RAD;RADIOLOGIA;CONSULTÓRIO;499085;;NEGATOSCOPIO;ACESSÓRIO;FORCA MEDICA;FM-6451;FORÇA MÉDICA - MÓVEIS HOSPITALARES;356;12/12/2017;;783;15/12/2018;;NÃO;NÃO;SIM;NÃO;NÃO;NÃO;SIM;;;;;;;;;
HU-UFSCAR;HU;RAD;RADIOLOGIA;CONSULTÓRIO;499087;;NEGATOSCOPIO;ACESSÓRIO;FORCA MEDICA;FM-6451;FORÇA MÉDICA - MÓVEIS HOSPITALARES;356;27/12/2017;;784;27/12/2018;;NÃO;NÃO;SIM;NÃO;NÃO;NÃO;SIM;;;;;;;;;
HU-UFSCAR;HU;RAD;RADIOLOGIA;CONSULTÓRIO;499091;;NEGATOSCOPIO;ACESSÓRIO;FORCA MEDICA;FM-6451;FORÇA MÉDICA - MÓVEIS HOSPITALARES;356;12/12/2017;;783;15/12/2018;;NÃO;NÃO;SIM;NÃO;NÃO;NÃO;SIM;;;;;;;;;
HU-UFSCAR;HU;RAD;RADIOLOGIA;SALA RAIOS-X 7;497949;;NEGATOSCOPIO;ACESSÓRIO;FORCA MEDICA;FM-6454;FORÇA MÉDICA - MÓVEIS HOSPITALARES;0;01/12/2006;;*;01/12/2007;;NÃO;NÃO;SIM;NÃO;NÃO;NÃO;SIM;;;;;;;;;
HU-UFSCAR;HU;UDIDE;UNIDADE DE DIAGNÓSTICO POR IMAGEM E DIAGNÓSTICOS ESPECIALIZADOS - INATIVO;CONSULTÓRIO;499080;;NEGATOSCOPIO;ACESSÓRIO;FORCA MEDICA;FM-6451;FORÇA MÉDICA - MÓVEIS HOSPITALARES;356;12/12/2017;;783;15/12/2018;;NÃO;NÃO;SIM;NÃO;NÃO;NÃO;SIM;;;;;;;;;
HU-UFSCAR;HU;UDIDE;UNIDADE DE DIAGNÓSTICO POR IMAGEM E DIAGNÓSTICOS ESPECIALIZADOS - INATIVO;CONSULTÓRIO;499081;;NEGATOSCOPIO;ACESSÓRIO;FORCA MEDICA;FM-6451;FORÇA MÉDICA - MÓVEIS HOSPITALARES;356;27/12/2017;;788;27/12/2018;;NÃO;NÃO;SIM;NÃO;NÃO;NÃO;SIM;;;;;;;;;
HU-UFSCAR;HU;UDIDE;UNIDADE DE DIAGNÓSTICO POR IMAGEM E DIAGNÓSTICOS ESPECIALIZADOS - INATIVO;CONSULTÓRIO;499082;;NEGATOSCOPIO;ACESSÓRIO;FORCA MEDICA;FM-6451;FORÇA MÉDICA - MÓVEIS HOSPITALARES;356;12/12/2017;;783;15/12/2018;;NÃO;NÃO;SIM;NÃO;NÃO;NÃO;SIM;;;;;;;;;
HU-UFSCAR;HU;UDIDE;UNIDADE DE DIAGNÓSTICO POR IMAGEM E DIAGNÓSTICOS ESPECIALIZADOS - INATIVO;CONSULTÓRIO;499083;;NEGATOSCOPIO;ACESSÓRIO;FORCA MEDICA;FM-6451;FORÇA MÉDICA - MÓVEIS HOSPITALARES;356;27/12/2017;;787;27/12/2018;;NÃO;NÃO;SIM;NÃO;NÃO;NÃO;SIM;;;;;;;;;
HU-UFSCAR;HU;UDIDE;UNIDADE DE DIAGNÓSTICO POR IMAGEM E DIAGNÓSTICOS ESPECIALIZADOS - INATIVO;CONSULTÓRIO;499084;;NEGATOSCOPIO;ACESSÓRIO;FORCA MEDICA;FM-6451;FORÇA MÉDICA - MÓVEIS HOSPITALARES;356;27/12/2017;;786;27/12/2018;;NÃO;NÃO;SIM;NÃO;NÃO;NÃO;SIM;;;;;;;;;
HU-UFSCAR;HU;UDIDE;UNIDADE DE DIAGNÓSTICO POR IMAGEM E DIAGNÓSTICOS ESPECIALIZADOS - INATIVO;CONSULTÓRIO;499086;;NEGATOSCOPIO;ACESSÓRIO;FORCA MEDICA;FM-6451;FORÇA MÉDICA - MÓVEIS HOSPITALARES;356;27/12/2017;;785;27/12/2018;;NÃO;NÃO;SIM;NÃO;NÃO;NÃO;SIM;;;;;;;;;
HU-UFSCAR;HU;UDIDE;UNIDADE DE DIAGNÓSTICO POR IMAGEM E DIAGNÓSTICOS ESPECIALIZADOS - INATIVO;CONSULTÓRIO;499088;;NEGATOSCOPIO;ACESSÓRIO;FORCA MEDICA;FM-6451;FORÇA MÉDICA - MÓVEIS HOSPITALARES;356;12/12/2017;;789;15/12/2018;;NÃO;NÃO;SIM;NÃO;NÃO;NÃO;SIM;;;;;;;;;
HU-UFSCAR;HU;UDIDE;UNIDADE DE DIAGNÓSTICO POR IMAGEM E DIAGNÓSTICOS ESPECIALIZADOS - INATIVO;CONSULTÓRIO;499089;;NEGATOSCOPIO;ACESSÓRIO;FORCA MEDICA;FM-6451;FORÇA MÉDICA - MÓVEIS HOSPITALARES;356;27/12/2017;;790;27/12/2018;;NÃO;NÃO;SIM;NÃO;NÃO;NÃO;SIM;;;;;;;;;
HU-UFSCAR;HU;UDIDE;UNIDADE DE DIAGNÓSTICO POR IMAGEM E DIAGNÓSTICOS ESPECIALIZADOS - INATIVO;CONSULTÓRIO;499090;;NEGATOSCOPIO;ACESSÓRIO;FORCA MEDICA;FM-6451;FORÇA MÉDICA - MÓVEIS HOSPITALARES;356;12/12/2017;;783;15/12/2018;;NÃO;NÃO;SIM;NÃO;NÃO;NÃO;SIM;;;;;;;;;
HU-UFSCAR;HU;ENDO;ENDOSCOPIA;ENDOSCOPIA;;10702;NOBREAK;ACESSÓRIO;NHS;PREMIUM SENOIDAL G II 2200 VA;ENDOTECH COMÉRCIO IMPORTAÇÃO EXPORTAÇÃO E SERVIÇOS LTDA;0;27/11/2017;;00;27/11/2018;;NÃO;NÃO;SIM;NÃO;NÃO;NÃO;SIM;;;;;;;;;
HU-UFSCAR;HU;UDIDE-MG-ERGO;ERGOMETRIA;SALA 01- ERGOMETRIA;;11318;NOBREAK;ACESSÓRIO;NHS;PREMIUM PDV SENOIDAL-2000 VA;TECNOCLIN;0;20/02/2019;;25560;20/02/2020;;NÃO;NÃO;SIM;NÃO;NÃO;NÃO;SIM;NOBREAK SISTEMA DE ERGOMETRIA;;;;;;;;
HU-UFSCAR;HU;UCMC;CLÍNICA MÉDICA E CIRÚRGICA;CLINICA MEDICA;499601;;OFTALMOSCOPIO;ACESSÓRIO;MD;OMNI-3000;CIRURGICA CERON IMPORTADORA E EXPORTADORA DE EQUIPAMENTOS HOSPITALARES E VETERINARIOS LTDA;350;30/01/2019;;1746;30/01/2020;;NÃO;NÃO;SIM;NÃO;NÃO;NÃO;SIM;;;;;;;;;
HU-UFSCAR;HU;AMB;AMBULATÓRIO DE ESPECIALIDADES MÉDICAS;AMBULATÓRIO;499954/10019600;OET0007616;OFTALMOSCOPIO INDIRETO;EQUIPAMENTO;EYETEC;OBI LED;HOSPLIFE COMERCIO DE EQUIPAMENTOS HOSPITALARES LTDA;6799;02/01/2020;23763.001134/2019-30;2358;20/01/2022;;NÃO;NÃO;SIM;NÃO;NÃO;NÃO;SIM;;;;;;;;;
HU-UFSCAR;HU;LAC;LABORATÓRIO DE ANÁLISES CLÍNICAS;LABORATÓRIO;10019274/499466;84212100;OSMOSE REVERSA;EQUIPAMENTO;GLOBALFILTROS;Y-01-LAB UV;DILUKA POWER - GERADORES DE OZÔNIO, OSMOSE REVERSA E IONIZADORES DE ÁGUA;5000;27/11/2018;;6677;27/11/2019;;NÃO;NÃO;SIM;NÃO;NÃO;NÃO;SIM;;;;;;;;;
HU-UFSCAR;HU;STEC;SETOR DE ENGENHARIA CLÍNICA;;10019273/498490;;OSMOSE REVERSA;EQUIPAMENTO;HIDROTEK;RO-20;COMERCIAL ACQUA FILTROS E PURIFICADORES DE AGUA LTDA;2300;21/01/2017;;3171;21/01/2018;;NÃO;NÃO;SIM;NÃO;NÃO;NÃO;SIM;;;;;;;;;
HU-UFSCAR;HU;UNEF;UNIDADE DE NEFROLOGIA;GUARDA EQUIPAMENTOS;501218-OSMR_02;031220012E0302;OSMOSE REVERSA;EQUIPAMENTO;VEXER;VOP-00100;VEXER INDUSTRIA E COMERCIO DE EQUIPAMENTOS LTDA;22235;19/04/2021;;19292;19/04/2022;;NÃO;NÃO;SIM;NÃO;NÃO;NÃO;SIM;;;;;;;;;
HU-UFSCAR;HU;UNEF;UNIDADE DE NEFROLOGIA;GUARDA EQUIPAMENTOS;501222-OSMR_03;031220012E0303;OSMOSE REVERSA;EQUIPAMENTO;VEXER;VOP-00100;VEXER INDUSTRIA E COMERCIO DE EQUIPAMENTOS LTDA;22235;19/04/2021;;19292;19/04/2022;;NÃO;NÃO;SIM;NÃO;NÃO;NÃO;SIM;;;;;;;;;
HU-UFSCAR;HU;UNEF;UNIDADE DE NEFROLOGIA;GUARDA EQUIPAMENTOS;OSMR_01;031220012E0301;OSMOSE REVERSA;EQUIPAMENTO;VEXER;VOP-00100;VEXER INDUSTRIA E COMERCIO DE EQUIPAMENTOS LTDA;22235;19/04/2021;;19292;19/04/2022;;NÃO;NÃO;SIM;NÃO;NÃO;NÃO;SIM;;;;;;;;;
HU-UFSCAR;HU;AMB;AMBULATÓRIO DE ESPECIALIDADES MÉDICAS;AMBULATÓRIO;10019598/499593;1016-268;OTOSCOPIO;ACESSÓRIO;WELCH ALLYN;22840;ESFERA MASTER COMERCIAL EIRELI ;1350;31/01/2019;;526;31/01/2020;;NÃO;NÃO;SIM;NÃO;NÃO;NÃO;SIM;;;;;;;;;
HU-UFSCAR;HU;PAA;PA ADULTO;CONSULTÓRIO;499598;;OTOSCOPIO;ACESSÓRIO;MD;OTOSCOPIO OMNI-3000;CIRURGICA CERON IMPORTADORA E EXPORTADORA DE EQUIPAMENTOS HOSPITALARES E VETERINARIOS LTDA;350;30/01/2019;;1746;30/01/2020;;NÃO;NÃO;SIM;NÃO;NÃO;NÃO;SIM;;;;;;;;;
HU-UFSCAR;HU;PAA;PA ADULTO;CONSULTÓRIO;499599;;OTOSCOPIO;ACESSÓRIO;MD;OTOSCOPIO OMNI-3000;CIRURGICA CERON IMPORTADORA E EXPORTADORA DE EQUIPAMENTOS HOSPITALARES E VETERINARIOS LTDA;350;30/01/2019;;1746;30/01/2020;;NÃO;NÃO;SIM;NÃO;NÃO;NÃO;SIM;;;;;;;;;
HU-UFSCAR;HU;PAI;PA INFANTIL;CONSULTÓRIO PA PED;10019597/499592;;OTOSCOPIO;ACESSÓRIO;WELCH ALLYN;22840;ESFERA MASTER COMERCIAL EIRELI ;1350;31/01/2019;;526;31/01/2020;;NÃO;NÃO;SIM;NÃO;NÃO;NÃO;SIM;;;;;;;;;
HU-UFSCAR;HU;STEC;SETOR DE ENGENHARIA CLÍNICA;ESTOQUE DE PEÇAS STEC;;105.02.001;OTOSCOPIO;EQUIPAMENTO;DOCTOR DEVICES;BR-101 100;EQUIMED EQUIPAMENTOS MÉDICOS HOSPITALARES LTDA;450;02/04/2025;;3094;02/04/2026;;NÃO;NÃO;SIM;NÃO;NÃO;NÃO;SIM;"NOTA DE EMPENHO 2024NE001615 - EQUIMED (45635553)







";;;;;;;;
HU-UFSCAR;HU;STEC;SETOR DE ENGENHARIA CLÍNICA;ESTOQUE DE PEÇAS STEC;;105.02.002;OTOSCOPIO;EQUIPAMENTO;DOCTOR DEVICES;BR-101 100;EQUIMED EQUIPAMENTOS MÉDICOS HOSPITALARES LTDA;450;02/04/2025;;3094;02/04/2026;;NÃO;NÃO;SIM;NÃO;NÃO;NÃO;SIM;"NOTA DE EMPENHO 2024NE001615 - EQUIMED (45635553)



";;;;;;;;
HU-UFSCAR;HU;STEC;SETOR DE ENGENHARIA CLÍNICA;ESTOQUE DE PEÇAS STEC;;105.02.003;OTOSCOPIO;EQUIPAMENTO;DOCTOR DEVICES;BR-101 100;EQUIMED EQUIPAMENTOS MÉDICOS HOSPITALARES LTDA;450;02/04/2025;;3094;02/04/2026;;NÃO;NÃO;SIM;NÃO;NÃO;NÃO;SIM;"NOTA DE EMPENHO 2024NE001615 - EQUIMED (45635553)



";;;;;;;;
HU-UFSCAR;HU;STEC;SETOR DE ENGENHARIA CLÍNICA;ESTOQUE DE PEÇAS STEC;;105.02.004;OTOSCOPIO;EQUIPAMENTO;DOCTOR DEVICES;BR-101 100;EQUIMED EQUIPAMENTOS MÉDICOS HOSPITALARES LTDA;450;02/04/2025;;3094;02/04/2026;;NÃO;NÃO;SIM;NÃO;NÃO;NÃO;SIM;"NOTA DE EMPENHO 2024NE001615 - EQUIMED (45635553)



";;;;;;;;
HU-UFSCAR;HU;UCMC;CLÍNICA MÉDICA E CIRÚRGICA;;499595;;OTOSCOPIO;ACESSÓRIO;MD;OTOSCOPIO OMNI-3000;CIRURGICA CERON IMPORTADORA E EXPORTADORA DE EQUIPAMENTOS HOSPITALARES E VETERINARIOS LTDA;350;30/01/2019;;1746;30/01/2020;;NÃO;NÃO;SIM;NÃO;NÃO;NÃO;SIM;;;;;;;;;
HU-UFSCAR;HU;UCMC;CLÍNICA MÉDICA E CIRÚRGICA;;499596;16-71198;OTOSCOPIO;ACESSÓRIO;MD;OTOSCOPIO OMNI-3000;CIRURGICA CERON IMPORTADORA E EXPORTADORA DE EQUIPAMENTOS HOSPITALARES E VETERINARIOS LTDA;350;30/01/2019;;1746;30/01/2020;;NÃO;NÃO;SIM;NÃO;NÃO;NÃO;SIM;;;;;;;;;
HU-UFSCAR;HU;UCMC;CLÍNICA MÉDICA E CIRÚRGICA;;499597;;OTOSCOPIO;ACESSÓRIO;MD;OTOSCOPIO OMNI-3000;CIRURGICA CERON IMPORTADORA E EXPORTADORA DE EQUIPAMENTOS HOSPITALARES E VETERINARIOS LTDA;350;30/01/2019;;1746;30/01/2020;;NÃO;NÃO;SIM;NÃO;NÃO;NÃO;SIM;;;;;;;;;
HU-UFSCAR;HU;UCMC;UNIDADE DE CLÍNICA MÉDICA E CLÍNICA CIRÚRGICA_INATIVO;;499603;;OTOSCOPIO;ACESSÓRIO;MD;OTOSCOPIO OMNI-3000;CIRURGICA CERON IMPORTADORA E EXPORTADORA DE EQUIPAMENTOS HOSPITALARES E VETERINARIOS LTDA;350;30/01/2019;;1746;30/01/2020;;NÃO;NÃO;SIM;NÃO;NÃO;NÃO;SIM;;;;;;;;;
HU-UFSCAR;HU;UCMC;UNIDADE DE CLÍNICA MÉDICA E CLÍNICA CIRÚRGICA_INATIVO;CLINICA MEDICA;499602;;OTOSCOPIO;ACESSÓRIO;MD;OTOSCOPIO OMNI-3000;CIRURGICA CERON IMPORTADORA E EXPORTADORA DE EQUIPAMENTOS HOSPITALARES E VETERINARIOS LTDA;350;30/01/2019;;1746;30/01/2020;;NÃO;NÃO;SIM;NÃO;NÃO;NÃO;SIM;;;;;;;;;
HU-UFSCAR;HU;UCMC;UNIDADE DE CLÍNICA MÉDICA E CLÍNICA CIRÚRGICA_INATIVO;CLINICA MEDICA;499604;;OTOSCOPIO;ACESSÓRIO;MD;OTOSCOPIO OMNI-3000;CIRURGICA CERON IMPORTADORA E EXPORTADORA DE EQUIPAMENTOS HOSPITALARES E VETERINARIOS LTDA;350;30/01/2019;;1746;30/01/2020;;NÃO;NÃO;SIM;NÃO;NÃO;NÃO;SIM;;;;;;;;;
HU-UFSCAR;HU;UTIA;UTI ADULTO;CLINICA MEDICA;499600;16-71099;OTOSCOPIO;ACESSÓRIO;MD;OTOSCOPIO OMNI-3000;CIRURGICA CERON IMPORTADORA E EXPORTADORA DE EQUIPAMENTOS HOSPITALARES E VETERINARIOS LTDA;350;30/01/2019;;1746;30/01/2020;;NÃO;NÃO;SIM;NÃO;NÃO;NÃO;SIM;;;;;;;;;
HU-UFSCAR;HU;UTIA;UTI ADULTO;UTI ADULTO;10019596/499591;1016-;OTOSCOPIO;ACESSÓRIO;WELCH ALLYN;22840;ESFERA MASTER COMERCIAL EIRELI ;1350;30/01/2019;;526;30/01/2020;;NÃO;NÃO;SIM;NÃO;NÃO;NÃO;SIM;;;;;;;;;
HU-UFSCAR;HU;UTIPED;UTI PEDIÁTRICA;UTI PED;10019599/499594;;OTOSCOPIO;ACESSÓRIO;WELCH ALLYN;22840;ESFERA MASTER COMERCIAL EIRELI ;1350;31/01/2019;;526;31/01/2020;;NÃO;NÃO;SIM;NÃO;NÃO;NÃO;SIM;;;;;;;;;
HU-UFSCAR;HU;CC;CENTRO CIRÚRGICO;;10020520/501056/CC0052;XCU021SI007018;OXIMETRO PULSO;EQUIPAMENTO;CREATIVE MEDICAL;SP-20;CIRURGICA SAO FELIPE PRODUTOS PARA SAUDE EIRELI ;2700;28/11/2022;26445400;19447;28/11/2024;;NÃO;NÃO;SIM;NÃO;NÃO;NÃO;SIM;;;;;;;;;
HU-UFSCAR;HU;PAA;PA ADULTO;CONSULTÓRIO 5 PA ADULTO;10020527/501063;XCU024SJ008517;OXIMETRO PULSO;EQUIPAMENTO;CREATIVE MEDICAL;SP-20;CIRURGICA SAO FELIPE PRODUTOS PARA SAUDE EIRELI ;2700;28/11/2022;;19447;28/11/2024;;NÃO;NÃO;SIM;NÃO;NÃO;NÃO;SIM;;;;;;;;;
HU-UFSCAR;HU;PAA;PA ADULTO;CONSULTÓRIO 5 PA ADULTO;10020530/501066;XCU024SJ008528;OXIMETRO PULSO;EQUIPAMENTO;CREATIVE MEDICAL;SP-20;CIRURGICA SAO FELIPE PRODUTOS PARA SAUDE EIRELI ;2900;28/11/2022;;19447;28/11/2024;;NÃO;NÃO;SIM;NÃO;NÃO;NÃO;SIM;;;;;;;;;
HU-UFSCAR;HU;PAA;PA ADULTO;PA ADULTO;10020519/501055;XCU021SI007040;OXIMETRO PULSO;EQUIPAMENTO;CREATIVE MEDICAL;SP-20;CIRURGICA SAO FELIPE PRODUTOS PARA SAUDE EIRELI ;2700;28/11/2022;26445400;19447;28/11/2024;;NÃO;NÃO;SIM;NÃO;NÃO;NÃO;SIM;;;;;;;;;
HU-UFSCAR;HU;PAA;PA ADULTO;PA ADULTO;499237/10019618;G1BEX171003;OXIMETRO PULSO;EQUIPAMENTO;GENERAL MEDITECH;G-1-B;AGUAMED COMÉRCIO DE EQUIPAMENTOS HOSPITALARES E ODONTOLÓGICOS;5000;04/04/2018;;521;04/04/2021;;NÃO;NÃO;SIM;NÃO;NÃO;NÃO;SIM;;;;;;;;;
HU-UFSCAR;HU;PAI;PA INFANTIL;UCA;501053/0010020517/UCA0020;XCU021SI007019;OXIMETRO PULSO;EQUIPAMENTO;CREATIVE MEDICAL;SP-20;CIRURGICA SAO FELIPE PRODUTOS PARA SAUDE EIRELI ;2700;28/11/2022;26445400;19447;28/11/2024;;NÃO;NÃO;SIM;NÃO;NÃO;NÃO;SIM;;;;;;;;;
HU-UFSCAR;HU;SGPIT;SETOR DE GESTÃO DA PESQUISA E INOVAÇÃO TECNOLÓGICA;UNIDADE DE PESQUISA CLÍNICA;10020508/501044/SGPITS0022;XCU021SI007058;OXIMETRO PULSO;EQUIPAMENTO;CREATIVE MEDICAL;SP-20;CIRURGICA SAO FELIPE PRODUTOS PARA SAUDE EIRELI ;2700;28/11/2022;26445400;19447;28/11/2024;;NÃO;NÃO;SIM;NÃO;NÃO;NÃO;SIM;;;;;;;;;
HU-UFSCAR;HU;SGPIT;SETOR DE GESTÃO DA PESQUISA E INOVAÇÃO TECNOLÓGICA;UNIDADE DE PESQUISA CLÍNICA;10020510/501046/SGPITS0023;XCU021SI007057;OXIMETRO PULSO;EQUIPAMENTO;CREATIVE MEDICAL;SP-20;CIRURGICA SAO FELIPE PRODUTOS PARA SAUDE EIRELI ;2700;28/11/2022;26445400;19447;28/11/2024;;NÃO;NÃO;SIM;NÃO;NÃO;NÃO;SIM;;;;;;;;;
HU-UFSCAR;HU;SGPIT;SETOR DE GESTÃO DA PESQUISA E INOVAÇÃO TECNOLÓGICA;UNIDADE DE PESQUISA CLÍNICA;10020514/501050/SGPITS0020;XCU021SI007052;OXIMETRO PULSO;EQUIPAMENTO;CREATIVE MEDICAL;SP-20;CIRURGICA SAO FELIPE PRODUTOS PARA SAUDE EIRELI ;2700;28/11/2022;26445400;19447;28/11/2024;;NÃO;NÃO;SIM;NÃO;NÃO;NÃO;SIM;;;;;;;;;
HU-UFSCAR;HU;SGPIT;SETOR DE GESTÃO DA PESQUISA E INOVAÇÃO TECNOLÓGICA;UNIDADE DE PESQUISA CLÍNICA;10020522/501058/SGPITS0021;XCU021SI007039;OXIMETRO PULSO;EQUIPAMENTO;CREATIVE MEDICAL;SP-20;CIRURGICA SAO FELIPE PRODUTOS PARA SAUDE EIRELI ;2700;28/11/2022;26445400;19447;28/11/2024;;NÃO;NÃO;SIM;NÃO;NÃO;NÃO;SIM;;;;;;;;;
HU-UFSCAR;HU;SGPIT;SETOR DE GESTÃO DA PESQUISA E INOVAÇÃO TECNOLÓGICA;UNIDADE DE PESQUISA CLÍNICA;501045/0010020509/SGPITS0002;XCU021SI007062;OXIMETRO PULSO;EQUIPAMENTO;CREATIVE MEDICAL;SP-20;CIRURGICA SAO FELIPE PRODUTOS PARA SAUDE EIRELI ;2700;28/11/2022;26445400;19447;28/11/2024;;NÃO;NÃO;SIM;NÃO;NÃO;NÃO;SIM;;;;;;;;;
HU-UFSCAR;HU;SGPIT;SETOR DE GESTÃO DA PESQUISA E INOVAÇÃO TECNOLÓGICA;UNIDADE DE PESQUISA CLÍNICA;501054/0010020518/SGPITS0007;XCU021SI007066;OXIMETRO PULSO;EQUIPAMENTO;CREATIVE MEDICAL;SP-20;CIRURGICA SAO FELIPE PRODUTOS PARA SAUDE EIRELI ;2700;28/11/2022;26445400;19447;28/11/2024;;NÃO;NÃO;SIM;NÃO;NÃO;NÃO;SIM;;;;;;;;;
HU-UFSCAR;HU;STEC;SETOR DE ENGENHARIA CLÍNICA;;10020507/501043;XCU021SI007072;OXIMETRO PULSO;EQUIPAMENTO;CREATIVE MEDICAL;SP-20;CIRURGICA SAO FELIPE PRODUTOS PARA SAUDE EIRELI ;2700;28/11/2022;26445400;19447;28/11/2024;;NÃO;NÃO;SIM;NÃO;NÃO;NÃO;SIM;;;;;;;;;
HU-UFSCAR;HU;STEC;SETOR DE ENGENHARIA CLÍNICA;;501052/0010020516;XCU021SI007071;OXIMETRO PULSO;EQUIPAMENTO;CREATIVE MEDICAL;SP-20;CIRURGICA SAO FELIPE PRODUTOS PARA SAUDE EIRELI ;2700;28/11/2022;26445400;19447;28/11/2024;;NÃO;NÃO;SIM;NÃO;NÃO;NÃO;SIM;;;;;;;;;
HU-UFSCAR;HU;STEC;SETOR DE ENGENHARIA CLÍNICA;ENG. CLINICA ;0010020502/501038;XCU021SI007068;OXIMETRO PULSO;EQUIPAMENTO;CREATIVE MEDICAL;SP-20;CIRURGICA SAO FELIPE PRODUTOS PARA SAUDE EIRELI ;2700;28/11/2022;26445400;19447;28/11/2024;;NÃO;NÃO;SIM;NÃO;NÃO;NÃO;SIM;;;;;;;;;
HU-UFSCAR;HU;STEC;SETOR DE ENGENHARIA CLÍNICA;PATRIMÔNIO - ALE;499211/10019617;G1BEX171008;OXIMETRO PULSO;EQUIPAMENTO;GENERAL MEDITECH;G-1-B;AGUAMED COMÉRCIO DE EQUIPAMENTOS HOSPITALARES E ODONTOLÓGICOS;5000;04/04/2018;;521;04/04/2021;;NÃO;NÃO;SIM;NÃO;NÃO;NÃO;SIM;;;;;;;;;
HU-UFSCAR;HU;STEC;SETOR DE ENGENHARIA CLÍNICA;SALA DE CALIBRAÇÃO E METROLOGIA;10019611/498384;10051220;OXIMETRO PULSO;EQUIPAMENTO;ALFAMED;SENSE-10;ALFA MED SISTEMAS MEDICOS LTDA;2900;06/01/2017;;655;06/01/2018;;NÃO;NÃO;SIM;NÃO;NÃO;NÃO;SIM;;;;;;;;;
HU-UFSCAR;HU;STEC;SETOR DE ENGENHARIA CLÍNICA;SALA DE CALIBRAÇÃO E METROLOGIA;10019612/499606;1812073T;OXIMETRO PULSO;EQUIPAMENTO;MD;VS-2000-E;COM MAT MED HOSP MACROSUL LTDA;2450,98;25/03/2019;;97878;25/03/2020;;NÃO;NÃO;SIM;NÃO;NÃO;NÃO;SIM;;;;;;;;;
HU-UFSCAR;HU;STEC;SETOR DE ENGENHARIA CLÍNICA;SALA DE CALIBRAÇÃO E METROLOGIA;10019615/499609;VS2000E1812072T;OXIMETRO PULSO;EQUIPAMENTO;MD;VS-2000-E;COM MAT MED HOSP MACROSUL LTDA;2450,98;25/03/2019;;97877;25/03/2020;;NÃO;NÃO;SIM;NÃO;NÃO;NÃO;SIM;;;;;;;;;
HU-UFSCAR;HU;STEC;SETOR DE ENGENHARIA CLÍNICA;SALA DE CALIBRAÇÃO E METROLOGIA;10019616/499610;1812074T;OXIMETRO PULSO;EQUIPAMENTO;MD;VS-2000-E;COM MAT MED HOSP MACROSUL LTDA;2450,98;25/03/2019;;97879;25/03/2020;;NÃO;NÃO;SIM;NÃO;NÃO;NÃO;SIM;;;;;;;;;
HU-UFSCAR;HU;STEC;SETOR DE ENGENHARIA CLÍNICA;SALA DE CALIBRAÇÃO E METROLOGIA;10019627/499694;S100112160;OXIMETRO PULSO;EQUIPAMENTO;ALFAMED;SENSE-10;ALFA MED SISTEMAS MEDICOS LTDA;1200;29/11/2019;;10377;04/12/2020;;NÃO;NÃO;SIM;NÃO;NÃO;NÃO;SIM;;;;;;;;;
HU-UFSCAR;HU;STEC;SETOR DE ENGENHARIA CLÍNICA;SALA DE CALIBRAÇÃO E METROLOGIA;10019628/500150;CR-94202435;OXIMETRO PULSO;EQUIPAMENTO;MINDRAY;PM-60;L A C COMERC MANUT EQUIP MEDICO HOSPITALARES LTDA;3850;13/05/2020;;20933;12/05/2021;;NÃO;NÃO;SIM;NÃO;NÃO;NÃO;SIM;;;;;;;;;
HU-UFSCAR;HU;STEC;SETOR DE ENGENHARIA CLÍNICA;SALA DE CALIBRAÇÃO E METROLOGIA;10019630/500152;CR-94202437;OXIMETRO PULSO;EQUIPAMENTO;MINDRAY;PM-60;L A C COMERC MANUT EQUIP MEDICO HOSPITALARES LTDA;3850;13/05/2020;;20933;12/05/2021;;NÃO;NÃO;SIM;NÃO;NÃO;NÃO;SIM;;;;;;;;;
HU-UFSCAR;HU;STEC;SETOR DE ENGENHARIA CLÍNICA;SALA DE CALIBRAÇÃO E METROLOGIA;499238/10019619;G1BEX171002;OXIMETRO PULSO;EQUIPAMENTO;GENERAL MEDITECH;G-1-B;AGUAMED COMÉRCIO DE EQUIPAMENTOS HOSPITALARES E ODONTOLÓGICOS;5000;04/04/2018;;521;04/04/2021;;NÃO;NÃO;SIM;NÃO;NÃO;NÃO;SIM;;;;;;;;;
HU-UFSCAR;HU;STEC;SETOR DE ENGENHARIA CLÍNICA;SALA DE CALIBRAÇÃO E METROLOGIA;499578/10019621;19020068;OXIMETRO PULSO;EQUIPAMENTO;R&D MEDIQ;HANDYSAT TC;R&D MEDIQ EQUIPAMENTOS E SERVICOS ESPECIALIZADOS LTDA;2450;05/02/2019;;10991;05/02/2021;;NÃO;NÃO;SIM;NÃO;NÃO;NÃO;SIM;;;;;;;;;
HU-UFSCAR;HU;STEC;SETOR DE ENGENHARIA CLÍNICA;SALA DE CALIBRAÇÃO E METROLOGIA;499579/10019622;19020069;OXIMETRO PULSO;EQUIPAMENTO;R&D MEDIQ;HANDYSAT TC;R&D MEDIQ EQUIPAMENTOS E SERVICOS ESPECIALIZADOS LTDA;2450;05/02/2019;;10991;05/02/2021;;NÃO;NÃO;SIM;NÃO;NÃO;NÃO;SIM;;;;;;;;;
HU-UFSCAR;HU;STEC;SETOR DE ENGENHARIA CLÍNICA;SALA DE CALIBRAÇÃO E METROLOGIA;499580/10019623;19020070;OXIMETRO PULSO;EQUIPAMENTO;R&D MEDIQ;HANDYSAT TC;R&D MEDIQ EQUIPAMENTOS E SERVICOS ESPECIALIZADOS LTDA;2450;05/02/2019;;10991;05/02/2021;;NÃO;NÃO;SIM;NÃO;NÃO;NÃO;SIM;;;;;;;;;
HU-UFSCAR;HU;STEC;SETOR DE ENGENHARIA CLÍNICA;SALA DE CALIBRAÇÃO E METROLOGIA;499581/10019624;19020065;OXIMETRO PULSO;EQUIPAMENTO;R&D MEDIQ;HANDYSAT TC;R&D MEDIQ EQUIPAMENTOS E SERVICOS ESPECIALIZADOS LTDA;2450;05/02/2019;;10991;05/02/2021;;NÃO;NÃO;SIM;NÃO;NÃO;NÃO;SIM;;;;;;;;;
HU-UFSCAR;HU;STEC;SETOR DE ENGENHARIA CLÍNICA;SALA DE CALIBRAÇÃO E METROLOGIA;499582/10019625;19020066;OXIMETRO PULSO;EQUIPAMENTO;R&D MEDIQ;HANDYSAT TC;R&D MEDIQ EQUIPAMENTOS E SERVICOS ESPECIALIZADOS LTDA;2450;05/02/2019;;10991;05/02/2021;;NÃO;NÃO;SIM;NÃO;NÃO;NÃO;SIM;;;;;;;;;
HU-UFSCAR;HU;STEC;SETOR DE ENGENHARIA CLÍNICA;SALA DE CALIBRAÇÃO E METROLOGIA;499583/10019626;19020067;OXIMETRO PULSO;EQUIPAMENTO;R&D MEDIQ;HANDYSAT TC;R&D MEDIQ EQUIPAMENTOS E SERVICOS ESPECIALIZADOS LTDA;2450;05/02/2019;;10991;05/02/2021;;NÃO;NÃO;SIM;NÃO;NÃO;NÃO;SIM;;;;;;;;;
HU-UFSCAR;HU;STEC;SETOR DE ENGENHARIA CLÍNICA;SALA DE DISTRIBUIÇÃO;499607/0010019613;VS2000E1812071T;OXIMETRO PULSO;EQUIPAMENTO;MD;VS-2000-E;COM MAT MED HOSP MACROSUL LTDA;2450,98;25/03/2019;;97876;25/03/2020;;NÃO;NÃO;SIM;NÃO;NÃO;NÃO;SIM;;;;;;;;;
HU-UFSCAR;HU;STEC;SETOR DE ENGENHARIA CLÍNICA;SALA DISTRIBUIÇÃO;10022640;VIR0005472;OXIMETRO PULSO;EQUIPAMENTO;ALFAMED;VIRTO;ALFA MED SISTEMAS MEDICOS LTDA;1150;12/03/2026;23763.001116/2026-87;28216;12/03/2027;;NÃO;NÃO;SIM;NÃO;NÃO;NÃO;SIM;NOTA DE EMPENHO 2025NE001950 - ALFA MED (56808592);;;;;;;;
HU-UFSCAR;HU;STEC;SETOR DE ENGENHARIA CLÍNICA;SALA DISTRIBUIÇÃO;10022641;VIR0005469;OXIMETRO PULSO;EQUIPAMENTO;ALFAMED;VIRTO;ALFA MED SISTEMAS MEDICOS LTDA;1150;12/03/2026;23763.001116/2026-87;28216;12/03/2027;;NÃO;NÃO;SIM;NÃO;NÃO;NÃO;SIM;NOTA DE EMPENHO 2025NE001950 - ALFA MED (56808592);;;;;;;;
HU-UFSCAR;HU;STEC;SETOR DE ENGENHARIA CLÍNICA;SALA DISTRIBUIÇÃO;10022642;VIR0005480;OXIMETRO PULSO;EQUIPAMENTO;ALFAMED;VIRTO;ALFA MED SISTEMAS MEDICOS LTDA;1150;12/03/2026;23763.001116/2026-87;28216;12/03/2027;;NÃO;NÃO;SIM;NÃO;NÃO;NÃO;SIM;NOTA DE EMPENHO 2025NE001950 - ALFA MED (56808592);;;;;;;;
HU-UFSCAR;HU;STEC;SETOR DE ENGENHARIA CLÍNICA;SALA DISTRIBUIÇÃO;10022643;VIR0005482;OXIMETRO PULSO;EQUIPAMENTO;ALFAMED;VIRTO;ALFA MED SISTEMAS MEDICOS LTDA;1150;12/03/2026;23763.001116/2026-87;28216;12/03/2027;;NÃO;NÃO;SIM;NÃO;NÃO;NÃO;SIM;NOTA DE EMPENHO 2025NE001950 - ALFA MED (56808592);;;;;;;;
HU-UFSCAR;HU;STEC;SETOR DE ENGENHARIA CLÍNICA;SALA DISTRIBUIÇÃO;10022644;VIR0005477;OXIMETRO PULSO;EQUIPAMENTO;ALFAMED;VIRTO;ALFA MED SISTEMAS MEDICOS LTDA;1150;12/03/2026;23763.001116/2026-87;28216;12/03/2027;;NÃO;NÃO;SIM;NÃO;NÃO;NÃO;SIM;NOTA DE EMPENHO 2025NE001950 - ALFA MED (56808592);;;;;;;;
HU-UFSCAR;HU;STEC;SETOR DE ENGENHARIA CLÍNICA;SALA DISTRIBUIÇÃO;10022645;VIR0005479;OXIMETRO PULSO;EQUIPAMENTO;ALFAMED;VIRTO;ALFA MED SISTEMAS MEDICOS LTDA;1150;12/03/2026;23763.001116/2026-87;28216;12/03/2027;;NÃO;NÃO;SIM;NÃO;NÃO;NÃO;SIM;NOTA DE EMPENHO 2025NE001950 - ALFA MED (56808592);;;;;;;;
HU-UFSCAR;HU;STEC;SETOR DE ENGENHARIA CLÍNICA;SALA DISTRIBUIÇÃO;10022647;VIR0005471;OXIMETRO PULSO;EQUIPAMENTO;ALFAMED;VIRTO;ALFA MED SISTEMAS MEDICOS LTDA;1150;12/03/2026;23763.001116/2026-87;28216;12/03/2027;;NÃO;NÃO;SIM;NÃO;NÃO;NÃO;SIM;NOTA DE EMPENHO 2025NE001950 - ALFA MED (56808592);;;;;;;;
HU-UFSCAR;HU;STEC-ECQ;ECQ/HU-UFSCAR;;10019629/500151;CR-94202733;OXIMETRO PULSO;EQUIPAMENTO;MINDRAY;PM-60;L A C COMERC MANUT EQUIP MEDICO HOSPITALARES LTDA;3850;13/05/2020;;20933;12/05/2021;;NÃO;NÃO;SIM;NÃO;NÃO;NÃO;SIM;;;;;;;;;
HU-UFSCAR;HU;STEC-ECQ;ECQ/HU-UFSCAR;;10020531/501067;XCU024SJ008508;OXIMETRO PULSO;EQUIPAMENTO;CREATIVE MEDICAL;SP-20;CIRURGICA SAO FELIPE PRODUTOS PARA SAUDE EIRELI ;2900;28/11/2022;;19447;28/11/2024;;NÃO;NÃO;SIM;NÃO;NÃO;NÃO;SIM;;;;;;;;;
HU-UFSCAR;HU;TOMO;TOMOGRAFIA;POSTO DE ENFERMAGEM RADIOLOGIA;10020526/501062;XCU024SJ008522;OXIMETRO PULSO;EQUIPAMENTO;CREATIVE MEDICAL;SP-20;CIRURGICA SAO FELIPE PRODUTOS PARA SAUDE EIRELI ;2700;28/11/2022;;19447;28/11/2024;;NÃO;NÃO;SIM;NÃO;NÃO;NÃO;SIM;;;;;;;;;
HU-UFSCAR;HU;UCAI;UNIDADE DA CRIANÇA E ADOLESCENTE - INTERNAÇÃO;;10022633;VIR0005481;OXIMETRO PULSO;EQUIPAMENTO;ALFAMED;VIRTO;ALFA MED SISTEMAS MEDICOS LTDA;1150;12/03/2026;23763.001116/2026-87;28217;12/03/2027;;NÃO;NÃO;SIM;NÃO;NÃO;NÃO;SIM;NOTA DE EMPENHO 2025NE001966 - ALFAMED (56808668);;;;;;;;
HU-UFSCAR;HU;UCAI;UNIDADE DA CRIANÇA E ADOLESCENTE - INTERNAÇÃO;;10022634;VIR0005483;OXIMETRO PULSO;EQUIPAMENTO;ALFAMED;VIRTO;ALFA MED SISTEMAS MEDICOS LTDA;1150;12/03/2026;23763.001116/2026-87;28217;12/03/2027;;NÃO;NÃO;SIM;NÃO;NÃO;NÃO;SIM;NOTA DE EMPENHO 2025NE001966 - ALFAMED (56808668);;;;;;;;
HU-UFSCAR;HU;UCAI;UNIDADE DA CRIANÇA E ADOLESCENTE - INTERNAÇÃO;;10022635;VIR0005470;OXIMETRO PULSO;EQUIPAMENTO;ALFAMED;VIRTO;ALFA MED SISTEMAS MEDICOS LTDA;1150;12/03/2026;23763.001116/2026-87;28217;12/03/2027;;NÃO;NÃO;SIM;NÃO;NÃO;NÃO;SIM;NOTA DE EMPENHO 2025NE001966 - ALFAMED (56808668);;;;;;;;
HU-UFSCAR;HU;UCAI;UNIDADE DA CRIANÇA E ADOLESCENTE - INTERNAÇÃO;;10022636;VIR0005473;OXIMETRO PULSO;EQUIPAMENTO;ALFAMED;VIRTO;ALFA MED SISTEMAS MEDICOS LTDA;1150;12/03/2026;23763.001116/2026-87;28216;12/03/2027;;NÃO;NÃO;SIM;NÃO;NÃO;NÃO;SIM;NOTA DE EMPENHO 2025NE001950 - ALFA MED (56808592);;;;;;;;
HU-UFSCAR;HU;UCAI;UNIDADE DA CRIANÇA E ADOLESCENTE - INTERNAÇÃO;;10022639;VIR0005476;OXIMETRO PULSO;EQUIPAMENTO;ALFAMED;VIRTO;ALFA MED SISTEMAS MEDICOS LTDA;1150;12/03/2026;23763.001116/2026-87;28216;12/03/2027;;NÃO;NÃO;SIM;NÃO;NÃO;NÃO;SIM;NOTA DE EMPENHO 2025NE001950 - ALFA MED (56808592);;;;;;;;
HU-UFSCAR;HU;UCAI;UNIDADE DA CRIANÇA E ADOLESCENTE - INTERNAÇÃO;;10022646;VIR0005478;OXIMETRO PULSO;EQUIPAMENTO;ALFAMED;VIRTO;ALFA MED SISTEMAS MEDICOS LTDA;1150;12/03/2026;23763.006657/2025-11;28216;12/03/2027;;NÃO;NÃO;SIM;NÃO;NÃO;NÃO;SIM;NOTA DE EMPENHO 2025NE001950 - ALFA MED (56808592);;;;;;;;
HU-UFSCAR;HU;UCAI;UNIDADE DA CRIANÇA E ADOLESCENTE - INTERNAÇÃO;PEDIATRIA;10020103/500599;S-100117738;OXIMETRO PULSO;EQUIPAMENTO;ALFAMED;SENSE-10;ALFA MED SISTEMAS MEDICOS LTDA;1590;31/03/2022;;16553;30/03/2023;;NÃO;NÃO;SIM;NÃO;NÃO;NÃO;SIM;;;;;;;;;
HU-UFSCAR;HU;UCAI;UNIDADE DA CRIANÇA E ADOLESCENTE - INTERNAÇÃO;POSTO DE ENFERMAGEM PEDIATRIA;10020504/501040;XCU021SI007069;OXIMETRO PULSO;EQUIPAMENTO;CREATIVE MEDICAL;SP-20;CIRURGICA SAO FELIPE PRODUTOS PARA SAUDE EIRELI ;2700;28/11/2022;26445400;19447;28/11/2024;;NÃO;NÃO;SIM;NÃO;NÃO;NÃO;SIM;;;;;;;;;
HU-UFSCAR;HU;UCAI;UNIDADE DA CRIANÇA E ADOLESCENTE - INTERNAÇÃO;UCA POSTO DE ENFERMAGEM;0010020505/501041;XCU021SI007059;OXIMETRO PULSO;EQUIPAMENTO;CREATIVE MEDICAL;SP-20;CIRURGICA SAO FELIPE PRODUTOS PARA SAUDE EIRELI ;2700;28/11/2022;26445400;19447;28/11/2024;;NÃO;NÃO;SIM;NÃO;NÃO;NÃO;SIM;;;;;;;;;
HU-UFSCAR;HU;UCAI;UNIDADE DA CRIANÇA E ADOLESCENTE - INTERNAÇÃO;UCA POSTO DE ENFERMAGEM;0010020523/501059/UCA0041;XCU021SI007020;OXIMETRO PULSO;EQUIPAMENTO;CREATIVE MEDICAL;SP-20;CIRURGICA SAO FELIPE PRODUTOS PARA SAUDE EIRELI ;2700;28/11/2022;26445400;19447;28/11/2024;;NÃO;NÃO;SIM;NÃO;NÃO;NÃO;SIM;;;;;;;;;
HU-UFSCAR;HU;UCIR;UNIDADE DE CLÍNICA CIRÚRGICA;CLINICA CIRÚRGICA;10022637;VIR0005475;OXIMETRO PULSO;EQUIPAMENTO;ALFAMED;VIRTO;ALFA MED SISTEMAS MEDICOS LTDA;1150;12/03/2026;23763.001116/2026-87;28216;12/03/2027;;NÃO;NÃO;SIM;NÃO;NÃO;NÃO;SIM;NOTA DE EMPENHO 2025NE001950 - ALFA MED (56808592);;;;;;;;
HU-UFSCAR;HU;UCIR;UNIDADE DE CLÍNICA CIRÚRGICA;CLINICA CIRÚRGICA;10022638;VIR0005474;OXIMETRO PULSO;EQUIPAMENTO;ALFAMED;VIRTO;ALFA MED SISTEMAS MEDICOS LTDA;1150;12/03/2026;23763.001116/2026-87;28216;12/03/2027;;NÃO;NÃO;SIM;NÃO;NÃO;NÃO;SIM;NOTA DE EMPENHO 2025NE001950 - ALFA MED (56808592);;;;;;;;
HU-UFSCAR;HU;UCMC;CLÍNICA MÉDICA E CIRÚRGICA;;10020512/501048/UCM0009;XCU021SI007061;OXIMETRO PULSO;EQUIPAMENTO;CREATIVE MEDICAL;SP-20;CIRURGICA SAO FELIPE PRODUTOS PARA SAUDE EIRELI ;2700;28/11/2022;26445400;19447;28/11/2024;;NÃO;NÃO;SIM;NÃO;NÃO;NÃO;SIM;;;;;;;;;
HU-UFSCAR;HU;UCMC;CLÍNICA MÉDICA E CIRÚRGICA;CLINICA MÉDICA ;10020532/501068/UCM0068;XCU024SJ008514;OXIMETRO PULSO;EQUIPAMENTO;CREATIVE MEDICAL;SP-20;CIRURGICA SAO FELIPE PRODUTOS PARA SAUDE EIRELI ;2700;28/11/2022;;19447;28/11/2024;;NÃO;NÃO;SIM;NÃO;NÃO;NÃO;SIM;;;;;;;;;
HU-UFSCAR;HU;UCMC;CLÍNICA MÉDICA E CIRÚRGICA;CLÍNICA MÉDICA;10019614/499608/UCM0007;VS2000E1812074T;OXIMETRO PULSO;EQUIPAMENTO;MD;VS-2000-E;COM MAT MED HOSP MACROSUL LTDA;2450,98;25/03/2019;;97880;25/03/2020;;NÃO;NÃO;SIM;NÃO;NÃO;NÃO;SIM;;;;;;;;;
HU-UFSCAR;HU;UCMC;CLÍNICA MÉDICA E CIRÚRGICA;CLÍNICA MÉDICA;10020525/501061/UCM0010;XCU021SI006964;OXIMETRO PULSO;EQUIPAMENTO;CREATIVE MEDICAL;SP-20;CIRURGICA SAO FELIPE PRODUTOS PARA SAUDE EIRELI ;2700;28/11/2022;26445400;19447;28/11/2024;;NÃO;NÃO;SIM;NÃO;NÃO;NÃO;SIM;;;;;;;;;
HU-UFSCAR;HU;UCMC;CLÍNICA MÉDICA E CIRÚRGICA;CLÍNICA MÉDICA;10020528/501064;XCU024SJ008513;OXIMETRO PULSO;EQUIPAMENTO;CREATIVE MEDICAL;SP-20;CIRURGICA SAO FELIPE PRODUTOS PARA SAUDE EIRELI ;2700;28/11/2022;;19447;28/11/2024;;NÃO;NÃO;SIM;NÃO;NÃO;NÃO;SIM;;;;;;;;;
HU-UFSCAR;HU;UCMC;CLÍNICA MÉDICA E CIRÚRGICA;CLÍNICA MÉDICA;499490-501110/10019620;G1BEX171007;OXIMETRO PULSO;EQUIPAMENTO;GENERAL MEDITECH;G-1-B;AGUAMED COMÉRCIO DE EQUIPAMENTOS HOSPITALARES E ODONTOLÓGICOS;5000;04/04/2018;;521;04/04/2021;;NÃO;NÃO;SIM;NÃO;NÃO;NÃO;SIM;;;;;;;;;
HU-UFSCAR;HU;UCRIT-RETAGUARDA;LEITOS DE RETAGUARDA;RETAGUARDA;10020503/501039/PA0035;XCU021SI007065;OXIMETRO PULSO;EQUIPAMENTO;CREATIVE MEDICAL;SP-20;CIRURGICA SAO FELIPE PRODUTOS PARA SAUDE EIRELI ;2700;28/11/2022;26445400;19447;28/11/2024;;NÃO;NÃO;SIM;NÃO;NÃO;NÃO;SIM;;;;;;;;;
HU-UFSCAR;HU;UCRIT-RETAGUARDA;LEITOS DE RETAGUARDA;RETAGUARDA;10020513/501049/PA0036;XCU021SI007070;OXIMETRO PULSO;EQUIPAMENTO;CREATIVE MEDICAL;SP-20;CIRURGICA SAO FELIPE PRODUTOS PARA SAUDE EIRELI ;2700;28/11/2022;26445400;19447;28/11/2024;;NÃO;NÃO;SIM;NÃO;NÃO;NÃO;SIM;;;;;;;;;
HU-UFSCAR;HU;UMULTI;UNIDADE MULTIPROFISSIONAL ;;10020521/501057/UMULTI0007;XCU021SI007067;OXIMETRO PULSO;EQUIPAMENTO;CREATIVE MEDICAL;SP-20;CIRURGICA SAO FELIPE PRODUTOS PARA SAUDE EIRELI ;2700;28/11/2022;26445400;19447;28/11/2024;;NÃO;NÃO;SIM;NÃO;NÃO;NÃO;SIM;;;;;;;;;
HU-UFSCAR;HU;UMULTI;UNIDADE MULTIPROFISSIONAL ;;10020524/501060/UMULTI0008;XCU021SI007021;OXIMETRO PULSO;EQUIPAMENTO;CREATIVE MEDICAL;SP-20;CIRURGICA SAO FELIPE PRODUTOS PARA SAUDE EIRELI ;2700;28/11/2022;26445400;19447;28/11/2024;;NÃO;NÃO;SIM;NÃO;NÃO;NÃO;SIM;;;;;;;;;
HU-UFSCAR;HU;UMULTI;UNIDADE MULTIPROFISSIONAL ;;10020525/501061/UMULTI0006;XCU021SI007064;OXIMETRO PULSO;EQUIPAMENTO;CREATIVE MEDICAL;SP-20;CIRURGICA SAO FELIPE PRODUTOS PARA SAUDE EIRELI ;2700;28/11/2022;;0;28/11/2024;;NÃO;NÃO;NÃO;NÃO;NÃO;NÃO;NÃO;;;;;;;;;
HU-UFSCAR;HU;USM;SAÚDE MENTAL;;10020506/501042/SM0002;XCU021SI007060;OXIMETRO PULSO;EQUIPAMENTO;CREATIVE MEDICAL;SP-20;CIRURGICA SAO FELIPE PRODUTOS PARA SAUDE EIRELI ;2700;28/11/2022;26445400;19447;28/11/2024;;NÃO;NÃO;SIM;NÃO;NÃO;NÃO;SIM;;;;;;;;;
HU-UFSCAR;HU;USM;SAÚDE MENTAL;SAÚDE MENTAL ;0010020511/501047/SM0001;XCU021SI007054;OXIMETRO PULSO;EQUIPAMENTO;CREATIVE MEDICAL;SP-20;CIRURGICA SAO FELIPE PRODUTOS PARA SAUDE EIRELI ;2700;28/11/2022;26445400;19447;28/11/2024;;NÃO;NÃO;SIM;NÃO;NÃO;NÃO;SIM;;;;;;;;;
HU-UFSCAR;HU;UTIPED;UTI PEDIÁTRICA;;10020515/501051/UTIP0044;XCU021SI007063;OXIMETRO PULSO;EQUIPAMENTO;CREATIVE MEDICAL;SP-20;CIRURGICA SAO FELIPE PRODUTOS PARA SAUDE EIRELI ;2700;28/11/2022;26445400;19447;28/11/2024;;NÃO;NÃO;SIM;NÃO;NÃO;NÃO;SIM;;;;;;;;;
HU-UFSCAR;HU;UTIPED;UTI PEDIÁTRICA;UTI PED;10020529/501065;XCU024SJ008511;OXIMETRO PULSO;EQUIPAMENTO;CREATIVE MEDICAL;SP-20;CIRURGICA SAO FELIPE PRODUTOS PARA SAUDE EIRELI ;2900;28/11/2022;;19447;28/11/2024;;NÃO;NÃO;SIM;NÃO;NÃO;NÃO;SIM;;;;;;;;;
HU-UFSCAR;HU;STEC;SETOR DE ENGENHARIA CLÍNICA;SALA DE CALIBRAÇÃO;;0113/2;PAQUIMETRO;INSTRUMENTO DE CALIBRAÇÃO;MTX;316118;ECQ COMERCIO E MANUTENCAO HOSPITALAR LTDA;0;01/04/2024;0;00000;01/04/2025;;NÃO;NÃO;SIM;NÃO;NÃO;NÃO;SIM;;;;;;;;;
HU-UFSCAR;HU;CC;CENTRO CIRÚRGICO;CENTRO CIRURGICO;;7142;PERFURADOR;EQUIPAMENTO;BBRAUN;ACCULAN-3-TI;LABORATÓRIOS B. BRAUN S.A;47293,55;14/10/2025;23763.004438/2025-05;1007538;14/10/2028;;NÃO;NÃO;SIM;NÃO;NÃO;NÃO;SIM;NOTA DE EMPENHO 001119 LABORATORIOS (51995009);;;;;;;;
HU-UFSCAR;HU;STEC;SETOR DE ENGENHARIA CLÍNICA;SALA DISTRIBUIÇÃO;001;MT-0884;PERFURADOR;EQUIPAMENTO;MACOM;RY-90000;MACOM INSTRUMENTAL CIRURGICO INDUSTRIA LTDA;24000;30/10/2025;23763.003514/2025-57;152289;30/10/2027;;NÃO;NÃO;SIM;NÃO;NÃO;NÃO;SIM;NOTA DE EMPENHO 2025NE001347 - MACOM (53491543);;;;;;;;
HU-UFSCAR;HU;STEC;SETOR DE ENGENHARIA CLÍNICA;SALA DISTRIBUIÇÃO;002;MT-0885;PERFURADOR;EQUIPAMENTO;MACOM;RY-90000;MACOM INSTRUMENTAL CIRURGICO INDUSTRIA LTDA;24000;30/10/2025;23763.003514/2025-57;152289;30/10/2027;;NÃO;NÃO;SIM;NÃO;NÃO;NÃO;SIM;NOTA DE EMPENHO 2025NE001347 - MACOM (53491543);;;;;;;;
HU-UFSCAR;HU;STEC;SETOR DE ENGENHARIA CLÍNICA;STEC;0;;PIPETA;ACESSÓRIO;RAININ;CLASSIC PR-1000;FORÇA MÉDICA - MÓVEIS HOSPITALARES;0;01/01/2023;0;0;02/01/2023;;NÃO;NÃO;SIM;NÃO;NÃO;NÃO;NÃO;;;;;;;;;
HU-UFSCAR;HU;STEC;SETOR DE ENGENHARIA CLÍNICA;UPC;PIPETA_UPC_1;;PIPETA;EQUIPAMENTO;BIOPET;100 - 1000 UL;ICP CIENTIFICA PRODUTOS PARA LABORATORIOS LTDA;1191;27/05/2022;2022NE192;2239;27/05/2022;;NÃO;NÃO;SIM;NÃO;NÃO;NÃO;SIM;;;;;;;;;
HU-UFSCAR;HU;STEC;SETOR DE ENGENHARIA CLÍNICA;UPC;PIPETA_UPC_2;20407743;PIPETA;EQUIPAMENTO;CRALPLAST;10 - 100 UL;ICP CIENTIFICA PRODUTOS PARA LABORATORIOS LTDA;1191;27/05/2022;2022NE192;2239;27/05/2022;;NÃO;NÃO;SIM;NÃO;NÃO;NÃO;SIM;;;;;;;;;
HU-UFSCAR;HU;STEC;SETOR DE ENGENHARIA CLÍNICA;UPC;PIPETA_UPC_3;20407310;PIPETA;EQUIPAMENTO;CRALPLAST;0,5 - 10 UL;ICP CIENTIFICA PRODUTOS PARA LABORATORIOS LTDA;1191;27/05/2022;2022NE192;2239;27/05/2022;;NÃO;NÃO;SIM;NÃO;NÃO;NÃO;SIM;;;;;;;;;
HU-UFSCAR;HU;CME;CENTRAL DE MATERIAIS ESTERILIZADOS;;10019633/498625;;PISTOLA AR/AGUA PRESSURIZADO;EQUIPAMENTO;STRA MEDICAL;EASYCLEAN;STRAFER PRODUTOS MEDICO HOSPITALARES EIRELI | STRAFER PRODUTOS MEDICO HOSPITALARES;4000;17/04/2017;;3182;17/04/2018;;NÃO;NÃO;SIM;NÃO;NÃO;NÃO;SIM;;;;;;;;;
HU-UFSCAR;HU;CME;CENTRAL DE MATERIAIS ESTERILIZADOS;;500041/0010019637/CME0006;300048;PISTOLA AR/AGUA PRESSURIZADO;EQUIPAMENTO;ATEMOH;CPA AAD-03;STRAFER PRODUTOS MEDICO HOSPITALARES EIRELI | STRAFER PRODUTOS MEDICO HOSPITALARES;11700;11/03/2020;;3966;11/03/2021;;NÃO;NÃO;SIM;NÃO;NÃO;NÃO;SIM;;;;;;;;;
HU-UFSCAR;HU;CME;CENTRAL DE MATERIAIS ESTERILIZADOS;CME;10019634/499059;;PISTOLA AR/AGUA PRESSURIZADO;EQUIPAMENTO;STRA MEDICAL;EASYCLEAN;NELIO PAULINO LINS PRODUTOS HOSPITALARES ME;2900;07/12/2017;;628;07/12/2018;;NÃO;NÃO;SIM;NÃO;NÃO;NÃO;SIM;;;;;;;;;
HU-UFSCAR;HU;CME;CENTRAL DE MATERIAIS ESTERILIZADOS;CME;10019635/500039;300045;PISTOLA AR/AGUA PRESSURIZADO;EQUIPAMENTO;ATEMOH;CPA AAD-03;STRAFER PRODUTOS MEDICO HOSPITALARES EIRELI | STRAFER PRODUTOS MEDICO HOSPITALARES;11700;11/03/2020;;3966;11/03/2021;;NÃO;NÃO;SIM;NÃO;NÃO;NÃO;SIM;;;;;;;;;
HU-UFSCAR;HU;CME;CENTRAL DE MATERIAIS ESTERILIZADOS;CME;500040/0010019636/CME0016;300049;PISTOLA AR/AGUA PRESSURIZADO;EQUIPAMENTO;ATEMOH;CPA AAD-03;STRAFER PRODUTOS MEDICO HOSPITALARES EIRELI | STRAFER PRODUTOS MEDICO HOSPITALARES;11700;11/03/2020;;3966;11/03/2021;;NÃO;NÃO;SIM;NÃO;NÃO;NÃO;SIM;;;;;;;;;
HU-UFSCAR;HU;CME;CENTRAL DE MATERIAIS ESTERILIZADOS;CME;500042/0010019638/CME0007;300050;PISTOLA AR/AGUA PRESSURIZADO;EQUIPAMENTO;ATEMOH;CPA AAD-03;STRAFER PRODUTOS MEDICO HOSPITALARES EIRELI | STRAFER PRODUTOS MEDICO HOSPITALARES;11700;11/03/2020;;3966;11/03/2021;;NÃO;NÃO;SIM;NÃO;NÃO;NÃO;SIM;;;;;;;;;
HU-UFSCAR;HU;CME;CENTRAL DE MATERIAIS ESTERILIZADOS;CME;PREF-PISTOLA-001;3733;PISTOLA AR/AGUA PRESSURIZADO;EQUIPAMENTO;LABNEWS;SELECTA;L.D.M EQUIPAMENTOS LTDA;4500;21/12/2018;;11539;21/12/2019;;NÃO;NÃO;SIM;NÃO;NÃO;NÃO;SIM;;;;;;;;;
HU-UFSCAR;HU;CC;CENTRO CIRÚRGICO;CC;;SCFHDT-201912-3;PROCESSADORA IMAGEM VIDEO;EQUIPAMENTO;CONFIANCE MEDICAL;CM SCAM;CONFIANCE MEDICAL PRODUTOS MEDICOS S.A.;64215,69;03/01/2020;;11313;03/01/2023;;NÃO;NÃO;SIM;NÃO;NÃO;NÃO;SIM;;;;;;;;;
HU-UFSCAR;HU;CC;CENTRO CIRÚRGICO;CC;;SCFHDT-201912-4;PROCESSADORA IMAGEM VIDEO;EQUIPAMENTO;CONFIANCE MEDICAL;CM SCAM;CONFIANCE MEDICAL PRODUTOS MEDICOS S.A.;64215,69;03/01/2020;;11313;03/01/2023;;NÃO;NÃO;SIM;NÃO;NÃO;NÃO;SIM;;;;;;;;;
HU-UFSCAR;HU;ENDO;EXAMES ENDOSCÓPICOS - INATIVO;ENDOSCOPIA;PREF-ENDO-001;;PROCESSADORA IMAGEM VIDEO;EQUIPAMENTO;PENTAX;EPK I;ENDOTECH COMÉRCIO IMPORTAÇÃO EXPORTAÇÃO E SERVIÇOS LTDA;1280600;26/10/2017;;20890;26/10/2020;;NÃO;NÃO;SIM;NÃO;NÃO;NÃO;SIM;;;;;;;;;
HU-UFSCAR;HU;ENDO;ENDOSCOPIA;UDI - ENDOSCOPIA;024165/501410;UF-012620;PROCESSADORA IMAGEM VIDEO;EQUIPAMENTO;PENTAX;EPK I;ENDOTECH COMÉRCIO IMPORTAÇÃO EXPORTAÇÃO E SERVIÇOS LTDA;321600;26/10/2017;;20890;26/10/2020;;NÃO;NÃO;SIM;NÃO;NÃO;SIM;SIM;;;;;;;;;
HU-UFSCAR;HU;ENDO;ENDOSCOPIA;UDI-ENDOSCOPIA;PMS-24162;UF-012649;PROCESSADORA IMAGEM VIDEO;EQUIPAMENTO;PENTAX;EPK I;ENDOTECH COMÉRCIO IMPORTAÇÃO EXPORTAÇÃO E SERVIÇOS LTDA;321600;26/10/2017;;20792;26/10/2020;;NÃO;NÃO;SIM;NÃO;NÃO;SIM;SIM;;;;;;;;;
HU-UFSCAR;HU;AMB;AMBULATÓRIO DE ESPECIALIDADES MÉDICAS;AMBULATÓRIO;499956/0010019824;;PROJETOR GRAFICO OCULAR;EQUIPAMENTO;XENONIO;ES-03;HOSPLIFE COMERCIO DE EQUIPAMENTOS HOSPITALARES LTDA;4653,69;01/01/2020;;2360;02/01/2021;;NÃO;NÃO;SIM;NÃO;NÃO;NÃO;SIM;;;;;;;;;
HU-UFSCAR;HU;STEC;SETOR DE ENGENHARIA CLÍNICA;SALA DE CALIBRAÇÃO;;RAP071270;RADIOMETRO FOTOTERAPIA;INSTRUMENTO DE CALIBRAÇÃO;FANEM;THOR MULTITESTER-3620;ECQ COMERCIO E MANUTENCAO HOSPITALAR LTDA;0;01/04/2024;0;00000;01/04/2025;;NÃO;NÃO;SIM;NÃO;NÃO;NÃO;SIM;;;;;;;;;
HU-UFSCAR;HU;UTIPED;UTI PEDIÁTRICA;UTIPED;10022746;287653001;RADIOMETRO FOTOTERAPIA;EQUIPAMENTO;FANEM;THOR MULTITESTER-3620;FANEM LTDA;2079;28/04/2026;23763.001870/2026-17;92094;28/04/2027;;NÃO;NÃO;SIM;NÃO;NÃO;NÃO;SIM;NOTA DE EMPENHO 2025NE001907 - FANEM (56806683);;;;;;;;
HU-UFSCAR;HU;RAD;RADIOLOGIA;SALA RAIOS-X 05;497920/UDID0012;M643;RAIO-X;EQUIPAMENTO;SIEMENS;MULTIX B;SIEMENS HEALTHCARE DIAGNÓSTICOS SA;90000;20/12/2007;;;20/12/2008;;NÃO;NÃO;SIM;NÃO;NÃO;NÃO;SIM;;;;;;;;;
HU-UFSCAR;HU;RAD;RADIOLOGIA;SALA RAIOS-X 06;036962/0010018017/UDID0011;1672;RAIO-X;EQUIPAMENTO;SIEMENS;MULTIX B;SIEMENS HEALTHCARE DIAGNÓSTICOS SA;90667,67;05/10/2015;;13668;05/04/2017;;NÃO;NÃO;SIM;NÃO;SIM;NÃO;SIM;;;;;;;;;
HU-UFSCAR;HU;RAD;RADIOLOGIA;SALA RAIO-X 5;10022563;51112;RAIO-X;EQUIPAMENTO;AGFA;VALORY FLOOR;AGFA HEALTHCARE;800000;04/07/2025;23763.004705/2024-55;87288;04/07/2028;;NÃO;NÃO;SIM;NÃO;NÃO;NÃO;SIM;NOTA DE EMPENHO 2024NE001582 - AGFA DO BRASIL (45629318);;;;;;;;
HU-UFSCAR;HU;RAD;RADIOLOGIA;;0010022151;MQ00005E3001;RAIO-X MOVEL;EQUIPAMENTO;SHIMADZU;MOBILEDART EVOLUTION MX-8;SHIMADZU DO BRASIL COMERCIO LTDA.;324346,36;16/12/2024;;88177;16/12/2027;;NÃO;NÃO;SIM;NÃO;NÃO;NÃO;SIM;;;;;;;;;
HU-UFSCAR;HU;RAD;RADIOLOGIA;RAIOS-X TELECOMANDADO;498305/UDID0007;0117-001-111;RAIO-X MOVEL;EQUIPAMENTO;VMI;AQUILLA PLUS;VMI TECNOLOGIAS;64000;30/10/2007;;15914;30/10/2008;;NÃO;NÃO;SIM;NÃO;SIM;NÃO;SIM;;;;;;;;;
HU-UFSCAR;HU;RAD;RADIOLOGIA;RAIOS-X TELECOMANDADO;501461/UDID0010;773.001.001;RAIO-X MOVEL;EQUIPAMENTO;PHILIPS-VMI;AQUILA-320-D;VMI TECNOLOGIAS;358000;24/07/2020;;2841;26/08/2023;;NÃO;NÃO;SIM;NÃO;SIM;SIM;SIM;;;;;;;;;
HU-UFSCAR;HU;RAD;RADIOLOGIA;UDIDE;10022788;MQ00005FB003;RAIO-X MOVEL;EQUIPAMENTO;SHIMADZU;MOBILEDART EVOLUTION MX-8-V;SHIMADZU DO BRASIL COMERCIO LTDA.;547345,78;19/06/2026;23763.002656/2026-88;102317;19/06/2030;;NÃO;NÃO;SIM;NÃO;NÃO;NÃO;SIM;"NOTA DE EMPENHO 2025NE001761 - SHIMADZU (55603580)

ORDEM DE SERVIÇO OU DE FORNECIMENTO DE BENS - SEI 1 (56770773)";;;;;;;;
HU-UFSCAR;HU;LAC;LABORATÓRIO DE ANÁLISES CLÍNICAS;LABORATÓRIO DE ANÁLISES CLÍNICAS;500149/0010018858/LAB0004;836144;REAL TIME PCR;EQUIPAMENTO;CEPHEID;GENEXPERT;CEPHEID IMP EXP COM PRO DIAG;125543,44;06/05/2020;;6584;06/05/2021;;NÃO;NÃO;SIM;NÃO;SIM;SIM;SIM;;;;;;;;;
HU-UFSCAR;HU;AMB;AMBULATÓRIO DE ESPECIALIDADES MÉDICAS;AMBULATÓRIO;10019158/499586/AMB0008;;REFLETOR;EQUIPAMENTO;FORCA MEDICA;FM-0748;MEDCITY PRODUTOS MEDICOS LTDA - EPP;442,1;06/02/2019;;1601;05/02/2020;;NÃO;NÃO;SIM;NÃO;NÃO;NÃO;SIM;;;;;;;;;
HU-UFSCAR;HU;PAA;PA ADULTO;CONSULTÓRIO 7 PA A;10019157/499585/PA0025;;REFLETOR;EQUIPAMENTO;FORCA MEDICA;FM-0748;MEDCITY PRODUTOS MEDICOS LTDA - EPP;442,1;06/02/2019;;1601;05/02/2020;;NÃO;NÃO;SIM;NÃO;NÃO;NÃO;SIM;;;;;;;;;
HU-UFSCAR;HU;STEC;SETOR DE ENGENHARIA CLÍNICA;ALMOXARIFADO MANUTENÇÃO - 3 ANDAR;10019156/499584;;REFLETOR;EQUIPAMENTO;FORCA MEDICA;FM-0748;MEDCITY PRODUTOS MEDICOS LTDA - EPP;442,1;06/02/2019;;1601;27/02/2020;;NÃO;NÃO;SIM;NÃO;NÃO;NÃO;SIM;;;;;;;;;
HU-UFSCAR;HU;LAC;LABORATÓRIO DE ANÁLISES CLÍNICAS;LABORATÓRIO;498876;;REFRATOMETRO LAB URINA;EQUIPAMENTO;MEGABRIX;RHC-200-ATC; TEKLABOR COMERCIO DE INSTRUMENTACAO ANALITICA LTDA;447;26/07/2017;;*;26/07/2018;;NÃO;NÃO;SIM;NÃO;NÃO;NÃO;SIM;;;;;;;;;
HU-UFSCAR;HU;AMB;AMBULATÓRIO DE ESPECIALIDADES MÉDICAS;AMBULATÓRIO;499955/10019781;;REFRATOR OFTALMOLOGICO;EQUIPAMENTO;HANGZHOU TONGCHI;RT-3000;HOSPLIFE COMERCIO DE EQUIPAMENTOS HOSPITALARES LTDA;10990;20/01/2020;;2359;20/01/2023;;NÃO;NÃO;SIM;NÃO;NÃO;NÃO;SIM;;;;;;;;;
HU-UFSCAR;HU;AMB;AMBULATÓRIO DE ESPECIALIDADES MÉDICAS;CONSULTÓRIO OFTALMOLÓGICO;499909/0010018248/AMB0036;9RK00018E0019;REFRATOR OFTALMOLOGICO AUTOMATICO;EQUIPAMENTO;HUVITZ;ERK-9100;LINHA MEDICA COMERCIO REPRESENTAÇÃO E IMPORTAÇÃO LTDA;25990;02/12/2019;;2800;02/12/2020;;NÃO;NÃO;SIM;NÃO;NÃO;SIM;SIM;;;;;;;;;
HU-UFSCAR;HU;UCMC;CLÍNICA MÉDICA E CIRÚRGICA;CLÍNICA MÉDICA;497082/UCM0066;31300230;REFRIGERADOR ALIMENTO VERTICAL;EQUIPAMENTO;ELECTROLUX;R-130;TESTE/ AGUARDANDO CADASTRO DE FORNECEDOR;0;01/01/2007;;00;01/01/2008;;NÃO;NÃO;SIM;NÃO;NÃO;NÃO;SIM;SEM DADOS DE AQUISIÇÃO;;;;;;;;
HU-UFSCAR;HU;LAC;LABORATÓRIO DE ANÁLISES CLÍNICAS;LABORATÓRIO;498088;31210;REFRIGERADOR BANCO SANGUE;EQUIPAMENTO;INDREL;BSG-04;INDREL INDUSTRIA DE REFRIGERACAO LONDRINENSE LTDA;7280;26/03/2007;;*;26/03/2008;;NÃO;NÃO;SIM;NÃO;NÃO;NÃO;SIM;;;;;;;;;
HU-UFSCAR;HU;AT;AGÊNCIA TRANSFUSIONAL;AG. TRANSFUSIONAL;PREF-REFF-003;281905377;REFRIGERADOR FARMACIA VERTICAL;EQUIPAMENTO;ELBER;CSV-120;PREGWEB TDA;7500;11/06/2019;;104;24/02/2023;;NÃO;NÃO;SIM;NÃO;NÃO;NÃO;SIM;;;;;;;;;
HU-UFSCAR;HU;HH;HOTELARIA HOSPITALAR;LACTÁRIO;497482;DAE-51530;REFRIGERADOR FARMACIA VERTICAL;EQUIPAMENTO;FANEM;347-CVV;FANEM LTDA;0;18/12/2006;;0000;18/12/2007;;NÃO;NÃO;SIM;NÃO;NÃO;NÃO;SIM;;;;;;;;;
HU-UFSCAR;HU;LAC;LABORATÓRIO DE ANÁLISES CLÍNICAS;BLOCO B - 1º ANDAR - ULACAP - RECEPÇÃO LABORATÓRIO;10022794;NI26029061;REFRIGERADOR FARMACIA VERTICAL;EQUIPAMENTO;NOVA INSTRUMENTS;NI-1760/500;NOVAINSTRUMENTS EQUIPAMENTOS PARA LABORATORIO LTDA;18009,5;06/05/2026;23763.006680/2025-13;7945;22/06/2028;;NÃO;NÃO;SIM;NÃO;NÃO;NÃO;SIM;;;;;;;;;
HU-UFSCAR;HU;LAC;LABORATÓRIO DE ANÁLISES CLÍNICAS;LABORATORIO;10022150;;REFRIGERADOR FARMACIA VERTICAL;EQUIPAMENTO;ELBER;CSV-510;ELBER INDUSTRIA DE REFRIGERAÇÃO LTDA;16098;27/11/2024;23763.004184/2024-36;253208;27/11/2027;;NÃO;NÃO;NÃO;NÃO;NÃO;NÃO;SIM;;;;;;;;;
HU-UFSCAR;HU;LAC;LABORATÓRIO DE ANÁLISES CLÍNICAS;LABORATÓRIO;;66686;REFRIGERADOR FARMACIA VERTICAL;EQUIPAMENTO;INDREL;RC-430-D;OLIMPIO EQUIPAMENTOS HOSPITALARES EIRELI;25675,38;26/01/2023;23763.001547/2022-10;484;06/02/2025;;NÃO;NÃO;SIM;NÃO;NÃO;NÃO;SIM;;;;;;;;;
HU-UFSCAR;HU;LAC;LABORATÓRIO DE ANÁLISES CLÍNICAS;LABORATÓRIO;0010018250/LAB0002;252006372;REFRIGERADOR FARMACIA VERTICAL;EQUIPAMENTO;ELBER;CSV-420;ELBER INDUSTRIA DE REFRIGERAÇÃO LTDA;11980;30/06/2020;;151046;01/02/2024;;NÃO;NÃO;SIM;NÃO;NÃO;NÃO;SIM;127V;;;;;;;;
HU-UFSCAR;HU;LAC;LABORATÓRIO DE ANÁLISES CLÍNICAS;LABORATÓRIO;501411/LAB0029;171904042;REFRIGERADOR FARMACIA VERTICAL;EQUIPAMENTO;ELBER;CSV-120;PREGWEB TDA;6996,66;02/05/2019;;97;22/07/2021;;NÃO;NÃO;SIM;NÃO;NÃO;NÃO;SIM;;;;;;;;;
HU-UFSCAR;HU;LAC;LABORATÓRIO DE ANÁLISES CLÍNICAS;LABORATÓRIO;PREF-REFS-002/LAB0001;291908110;REFRIGERADOR FARMACIA VERTICAL;EQUIPAMENTO;ELBER;CSV-510;ELBER INDUSTRIA DE REFRIGERAÇÃO LTDA;12721,53;17/10/2019;;137383;08/09/2022;;NÃO;NÃO;SIM;NÃO;NÃO;NÃO;SIM;127V;;;;;;;;
HU-UFSCAR;HU;LAC;LABORATÓRIO DE ANÁLISES CLÍNICAS;LABORATÓRIO DE ANALISES CLÍNICAS;10022793;NI26029060;REFRIGERADOR FARMACIA VERTICAL;EQUIPAMENTO;NOVA INSTRUMENTS;NI-1760/500;NOVAINSTRUMENTS EQUIPAMENTOS PARA LABORATORIO LTDA;18009,5;06/05/2026;23763.006680/2025-13;7945;22/06/2028;;NÃO;NÃO;SIM;NÃO;NÃO;NÃO;SIM;;;;;;;;;
HU-UFSCAR;HU;PAA;PA ADULTO;;497603/PA0024;DAC-20229;REFRIGERADOR FARMACIA VERTICAL;EQUIPAMENTO;FANEM;347-CV;FANEM LTDA;4800;15/12/2006;;33318;15/12/2007;;NÃO;NÃO;SIM;NÃO;NÃO;NÃO;SIM;;;;;;;;;
HU-UFSCAR;HU;SAFS;ABASTECIMENTO FARMACÊUTICO E SUPRIMENTOS;ALMOXARIFADO;501204/ALMOX0001;152110540;REFRIGERADOR FARMACIA VERTICAL;EQUIPAMENTO;ELBER;CSV-420;ELBER INDUSTRIA DE REFRIGERAÇÃO LTDA;11980;30/06/2020;Prefeitura;151046;22/07/2022;;NÃO;NÃO;SIM;NÃO;NÃO;NÃO;SIM;;;;;;;;;
HU-UFSCAR;HU;SAFS;ABASTECIMENTO FARMACÊUTICO E SUPRIMENTOS;ALMOXARIFADO;FMS22783/ALMOX004;47725;REFRIGERADOR FARMACIA VERTICAL;EQUIPAMENTO;INDREL;RC-430-D;INDREL INDUSTRIA DE REFRIGERACAO LONDRINENSE LTDA;14500;13/03/2017;;13071;24/03/2019;;NÃO;NÃO;SIM;NÃO;NÃO;NÃO;SIM;;;;;;;;;
HU-UFSCAR;HU;SAFS;ABASTECIMENTO FARMACÊUTICO E SUPRIMENTOS;ALMOXARIFADO;PREF-REFS-001/LAB0035;291908109;REFRIGERADOR FARMACIA VERTICAL;EQUIPAMENTO;ELBER;CSV-510;ELBER INDUSTRIA DE REFRIGERAÇÃO LTDA;12721,53;17/10/2019;;137383;08/09/2022;;NÃO;NÃO;SIM;NÃO;NÃO;NÃO;SIM;127V;;;;;;;;
HU-UFSCAR;HU;SAFS;ABASTECIMENTO FARMACÊUTICO E SUPRIMENTOS;FARMACIA;PREF-REFRI-001;47726;REFRIGERADOR FARMACIA VERTICAL;EQUIPAMENTO;INDREL;RC-430-D;INDREL INDUSTRIA DE REFRIGERACAO LONDRINENSE LTDA;14500;13/03/2017;;13071;24/03/2019;;NÃO;NÃO;SIM;NÃO;NÃO;NÃO;SIM;;;;;;;;;
HU-UFSCAR;HU;SFHC;FARMÁCIA HOSPITALAR CENTRAL;FARMACIA;501438/UFCD0004;171904045;REFRIGERADOR FARMACIA VERTICAL;EQUIPAMENTO;ELBER;CSV-340;PREGWEB TDA;8845;02/05/2019;;97;10/05/2022;;NÃO;NÃO;SIM;NÃO;NÃO;NÃO;SIM;;;;;;;;;
HU-UFSCAR;HU;SFHC;FARMÁCIA HOSPITALAR CENTRAL;FARMÁCIA CENTRAL;501401/ALMOX0003;171904044;REFRIGERADOR FARMACIA VERTICAL;EQUIPAMENTO;ELBER;CSV-340;PREGWEB TDA;8845;02/05/2019;;97;08/09/2022;;NÃO;NÃO;SIM;NÃO;NÃO;NÃO;SIM;;;;;;;;;
HU-UFSCAR;HU;SGPIT;SETOR DE GESTÃO DA PESQUISA E INOVAÇÃO TECNOLÓGICA;UPC;;66449;REFRIGERADOR FARMACIA VERTICAL;EQUIPAMENTO;INDREL;RC-430-D;INDREL INDUSTRIA DE REFRIGERACAO LONDRINENSE LTDA;24000;12/01/2023;;33787;27/10/2025;;NÃO;NÃO;SIM;NÃO;NÃO;NÃO;SIM;;;;;;;;;
HU-UFSCAR;HU;SGPIT;SETOR DE GESTÃO DA PESQUISA E INOVAÇÃO TECNOLÓGICA;UPC;10020605/SGPITS0013;66448;REFRIGERADOR FARMACIA VERTICAL;EQUIPAMENTO;INDREL;RC-430-D;INDREL INDUSTRIA DE REFRIGERACAO LONDRINENSE LTDA;24000;12/01/2023;;33787;27/10/2025;;NÃO;NÃO;SIM;NÃO;NÃO;NÃO;SIM;;;;;;;;;
HU-UFSCAR;HU;SGPIT;SETOR DE GESTÃO DA PESQUISA E INOVAÇÃO TECNOLÓGICA;UPC;10020606/SGPITS0018;66446;REFRIGERADOR FARMACIA VERTICAL;EQUIPAMENTO;INDREL;RC-430-D;INDREL INDUSTRIA DE REFRIGERACAO LONDRINENSE LTDA;24000;12/01/2023;23763.001555/2022-66;33787;27/10/2025;;NÃO;NÃO;SIM;NÃO;NÃO;NÃO;SIM;;;;;;;;;
HU-UFSCAR;HU;SGPIT;SETOR DE GESTÃO DA PESQUISA E INOVAÇÃO TECNOLÓGICA;UPC ;10020666/SGPITS0019;66447;REFRIGERADOR FARMACIA VERTICAL;EQUIPAMENTO;INDREL;RC-430-D;INDREL INDUSTRIA DE REFRIGERACAO LONDRINENSE LTDA;24000;12/01/2023;23763.001555/2022-66;33787;27/10/2025;;NÃO;NÃO;SIM;NÃO;NÃO;NÃO;SIM;;;;;;;;;
HU-UFSCAR;HU;UACE - SAFS;UNIDADE DE ALMOXARIFADO E CONTROLE DE ESTOQUES;ARMAZENAMENTO DE MEDICAMENTOS;10022795;NI26029062;REFRIGERADOR FARMACIA VERTICAL;EQUIPAMENTO;NOVA INSTRUMENTS;NI-1760/500;NOVAINSTRUMENTS EQUIPAMENTOS PARA LABORATORIO LTDA;18009,5;06/05/2026;23763.006680/2025-13;7945;22/06/2028;;NÃO;NÃO;SIM;NÃO;NÃO;NÃO;SIM;;;;;;;;;
HU-UFSCAR;HU;UACE - SAFS;UNIDADE DE ALMOXARIFADO E CONTROLE DE ESTOQUES;ARMAZENAMENTO DE MEDICAMENTOS;10022796;NI26029063;REFRIGERADOR FARMACIA VERTICAL;EQUIPAMENTO;NOVA INSTRUMENTS;NI-1760/500;NOVAINSTRUMENTS EQUIPAMENTOS PARA LABORATORIO LTDA;18009,5;06/05/2026;23763.006680/2025-13;7945;22/06/2028;;NÃO;NÃO;SIM;NÃO;NÃO;NÃO;SIM;;;;;;;;;
HU-UFSCAR;HU;UCMC;CLÍNICA MÉDICA E CIRÚRGICA;UCM;501175;171904041;REFRIGERADOR FARMACIA VERTICAL;EQUIPAMENTO;ELBER;CSV-120;PREGWEB TDA;6996,66;02/05/2019;;97;22/07/2021;;NÃO;NÃO;SIM;NÃO;NÃO;NÃO;SIM;;;;;;;;;
HU-UFSCAR;HU;UFCDF;UNIDADE DE FARMÁCIA CLÍNICA E DISPENSAÇÃO FARMACÊUTICA;;10022791;NI26029058;REFRIGERADOR FARMACIA VERTICAL;EQUIPAMENTO;NOVA INSTRUMENTS;NI-1760/500;NOVAINSTRUMENTS EQUIPAMENTOS PARA LABORATORIO LTDA;18009,5;06/05/2026;23763.006680/2025-13;7945;22/06/2028;;NÃO;NÃO;SIM;NÃO;NÃO;NÃO;SIM;FIZ O AJUSTE MANUAL(RICARDO) APÓS VERIFICAÇÃO INLOCO.;;;;;;;;
HU-UFSCAR;HU;UNEF;UNIDADE DE NEFROLOGIA;POSTO DE ENFERMAEGM;10022792;NI26029059;REFRIGERADOR FARMACIA VERTICAL;EQUIPAMENTO;NOVA INSTRUMENTS;NI-1760/500;NOVAINSTRUMENTS EQUIPAMENTOS PARA LABORATORIO LTDA;18009,5;06/05/2026;23763.006680/2025-13;7945;22/06/2028;;NÃO;NÃO;SIM;NÃO;NÃO;NÃO;SIM;FIZ O AJUSTE MANUAL(RICARDO) APÓS VERIFICAÇÃO INLOCO.;;;;;;;;
HU-UFSCAR;HU;UTIPED;UTI PEDIÁTRICA;UTI PED;501414;171904040;REFRIGERADOR FARMACIA VERTICAL;EQUIPAMENTO;ELBER;CSV-120;PREGWEB TDA;6996,66;02/05/2019;;97;22/07/2021;;NÃO;NÃO;SIM;NÃO;NÃO;NÃO;SIM;;;;;;;;;
HU-UFSCAR;HU;SFHS;FARMÁCIA HOSPITALAR - SATÉLITE CC;FARMÁCIA SATÉLITE;10022269;BK25010126;REFRIGERADOR LABORATORIAL;EQUIPAMENTO;NOVA INSTRUMENTS;NI-1760/120;BENZER TECNOLOGIA LTDA;11806,12;22/04/2025;;653;22/05/2025;;NÃO;NÃO;SIM;NÃO;NÃO;NÃO;SIM;" ANEXO 2024NE001626 - BENZER TECNOLOGIA LTDA (45651121) 

";;;;;;;;
HU-UFSCAR;HU;ENDO;ENDOSCOPIA;UDIDE;10020656/UDIDE0026;110173;REPROCESSADORA ENDOSCOPIO FLEXIVEL;EQUIPAMENTO;ENDOCLEAR;ALX-1012-S;SANEVITTA COMÉRCIO E REPRESENTAÇÕES DE PRODUTOS MÉDICOS LTDA;0;30/11/2022;23763.001540/2022-06;12900;30/11/2025;;NÃO;NÃO;SIM;NÃO;NÃO;NÃO;SIM;;;;;;;;;
HU-UFSCAR;HU;STEC;SETOR DE ENGENHARIA CLÍNICA;ANATOMIA PATOLÓGICA;INST_8;62165;REPROCESSADORA ENDOSCOPIO FLEXIVEL;EQUIPAMENTO;STERIS;MEDIVATORS ISA;STERIS SOLUTIONS DO BRASIL IMPORTACAO E COMERCIALIZACAO DE PRODUTOS DA SAUDE LTDA;170329,68;11/03/2026;23763.005767/2025-65;70661;11/03/2026;;NÃO;NÃO;SIM;NÃO;NÃO;NÃO;SIM;;;;;;;;;
HU-UFSCAR;HU;STEC;SETOR DE ENGENHARIA CLÍNICA;STEC;10019241/499576;110126;REPROCESSADORA ENDOSCOPIO FLEXIVEL;EQUIPAMENTO;ENDOCLEAR;ALX-1012-S COMPAC;COM MAT MED HOSP MACROSUL LTDA;48680;14/12/2018;;3505;13/02/2022;;NÃO;NÃO;SIM;NÃO;NÃO;NÃO;SIM;REG. ANVISA: 80316870002;;;;;;;;
HU-UFSCAR;HU;CME;CENTRAL DE MATERIAIS ESTERILIZADOS;CME;501424/CME0003;18J001953;SECADOR CIRCUITO RESPIRATORIO EXTERNO;EQUIPAMENTO;ORTOSINTESE;GS-600;RIBERCARE SOLUÇÃO HOSPITALAR LTDA;32500;06/12/2018;;399;06/11/2022;;NÃO;NÃO;SIM;NÃO;NÃO;NÃO;SIM;;;;;;;;;
HU-UFSCAR;HU;CME;CENTRAL DE MATERIAIS ESTERILIZADOS;CME;501473/CME0005;520655;SELADOR PACOTE;EQUIPAMENTO;HAWO;HM-850-DC V;H STRATTNER &  CIA LTDA;31000;05/08/2020;PE92/2019 - PMS;147215;17/08/2023;;NÃO;NÃO;SIM;NÃO;NÃO;NÃO;SIM;BIVOLT;;;;;;;;
HU-UFSCAR;HU;AT;AGÊNCIA TRANSFUSIONAL;AGÊNCIA TRANSFUSIONAL;499758/0010019787/LAB0042;2002AA9403;SELADOR TUBO TERMOPLASTICO CONEXAO ESTERIL;EQUIPAMENTO;LJUNGBERG & KÖGEL;BIOSEALER CR-6;AULAB AUTOMAÇÃO LABORATORIAL LTDA;20500;23/06/2020;;274;23/06/2022;;NÃO;NÃO;SIM;NÃO;NÃO;NÃO;SIM;;;;;;;;;
HU-UFSCAR;HU;ENDO;ENDOSCOPIA;ENDOSCOPIA;22622208;37435;SENSOR CO2 EXALADO;ACESSÓRIO;NIHON KOHDEN;TG-980-P;NIHON KOHDEN RASIL IMP EXP E COM DE EQUIP MED LTDA;5070,648;20/12/2024;;31884;20/12/2025;;NÃO;NÃO;SIM;NÃO;NÃO;NÃO;SIM;" NOTA DE EMPENHO 2024NE000896 - NIHON KOHDEN (42222617) 

";;;;;;;;
HU-UFSCAR;HU;STEC;SETOR DE ENGENHARIA CLÍNICA;ESTOQUE DE PEÇAS STEC;;37434;SENSOR CO2 EXALADO;ACESSÓRIO;NIHON KOHDEN;TG-980-P;NIHON KOHDEN RASIL IMP EXP E COM DE EQUIP MED LTDA;5070,648;20/12/2024;;31884;20/12/2025;;NÃO;NÃO;SIM;NÃO;NÃO;NÃO;SIM;" NOTA DE EMPENHO 2024NE000896 - NIHON KOHDEN (42222617) 

";;;;;;;;
HU-UFSCAR;HU;STEC;SETOR DE ENGENHARIA CLÍNICA;ESTOQUE DE PEÇAS STEC;;37654;SENSOR CO2 EXALADO;ACESSÓRIO;NIHON KOHDEN;TG-980-P;NIHON KOHDEN RASIL IMP EXP E COM DE EQUIP MED LTDA;4752,851;06/02/2025;;32498;06/02/2026;;NÃO;NÃO;SIM;NÃO;NÃO;NÃO;SIM;" ANEXO 2024NE001636 - NIHON (45656779) 

";;;;;;;;
HU-UFSCAR;HU;STEC;SETOR DE ENGENHARIA CLÍNICA;ESTOQUE DE PEÇAS STEC;;37655;SENSOR CO2 EXALADO;ACESSÓRIO;NIHON KOHDEN;TG-980-P;NIHON KOHDEN RASIL IMP EXP E COM DE EQUIP MED LTDA;4752,85;06/02/2025;;32498;06/02/2026;;NÃO;NÃO;SIM;NÃO;NÃO;NÃO;SIM;" ANEXO 2024NE001636 - NIHON (45656779) 

";;;;;;;;
HU-UFSCAR;HU;STEC;SETOR DE ENGENHARIA CLÍNICA;ESTOQUE DE PEÇAS STEC;;37657;SENSOR CO2 EXALADO;ACESSÓRIO;NIHON KOHDEN;TG-980-P;NIHON KOHDEN RASIL IMP EXP E COM DE EQUIP MED LTDA;4752,851;06/02/2025;;32498;06/02/2026;;NÃO;NÃO;SIM;NÃO;NÃO;NÃO;SIM;" ANEXO 2024NE001636 - NIHON (45656779) 

";;;;;;;;
HU-UFSCAR;HU;STEC;SETOR DE ENGENHARIA CLÍNICA;ESTOQUE DE PEÇAS STEC;;37658;SENSOR CO2 EXALADO;ACESSÓRIO;NIHON KOHDEN;TG-980-P;NIHON KOHDEN RASIL IMP EXP E COM DE EQUIP MED LTDA;4752,851;06/02/2025;;32498;06/02/2026;;NÃO;NÃO;SIM;NÃO;NÃO;NÃO;SIM;" ANEXO 2024NE001636 - NIHON (45656779) 

";;;;;;;;
HU-UFSCAR;HU;STEC;SETOR DE ENGENHARIA CLÍNICA;ESTOQUE DE PEÇAS STEC;;37660;SENSOR CO2 EXALADO;ACESSÓRIO;NIHON KOHDEN;TG-980-P;NIHON KOHDEN RASIL IMP EXP E COM DE EQUIP MED LTDA;4752,85;06/02/2025;;32499;06/02/2026;;NÃO;NÃO;SIM;NÃO;NÃO;NÃO;SIM;" ANEXO 2024NE001622 - NIHON (45656859) 

";;;;;;;;
HU-UFSCAR;HU;UTIA;UTI ADULTO;UTI ADULTO;;37437;SENSOR CO2 EXALADO;ACESSÓRIO;NIHON KOHDEN;TG-980-P;NIHON KOHDEN RASIL IMP EXP E COM DE EQUIP MED LTDA;5703,42;20/12/2024;;31885;20/12/2025;;NÃO;NÃO;SIM;NÃO;NÃO;NÃO;SIM;" NOTA DE EMPENHO 2024NE000911 - NIHON KOHDEN (42222600) 

";;;;;;;;
HU-UFSCAR;HU;UTIA;UTI ADULTO;UTI ADULTO ;22622205;37436;SENSOR CO2 EXALADO;ACESSÓRIO;NIHON KOHDEN;TG-980-P;NIHON KOHDEN RASIL IMP EXP E COM DE EQUIP MED LTDA;5070,648;20/12/2024;;31884;20/12/2025;;NÃO;NÃO;SIM;NÃO;NÃO;NÃO;SIM;" NOTA DE EMPENHO 2024NE000896 - NIHON KOHDEN (42222617) 

";;;;;;;;
HU-UFSCAR;HU;UTIA;UTI ADULTO;UTI ADULTO ;22622206;37659;SENSOR CO2 EXALADO;ACESSÓRIO;NIHON KOHDEN;TG-980-P;NIHON KOHDEN RASIL IMP EXP E COM DE EQUIP MED LTDA;4752,85;06/02/2025;;32499;06/02/2026;;NÃO;NÃO;SIM;NÃO;NÃO;NÃO;SIM;" ANEXO 2024NE001622 - NIHON (45656859) 

";;;;;;;;
HU-UFSCAR;HU;UTIA;UTI ADULTO;UTI ADULTO ;22622207;37656;SENSOR CO2 EXALADO;ACESSÓRIO;NIHON KOHDEN;TG-980-P;NIHON KOHDEN RASIL IMP EXP E COM DE EQUIP MED LTDA;4752,851;06/02/2025;;32498;06/02/2026;;NÃO;NÃO;SIM;NÃO;NÃO;NÃO;SIM;" ANEXO 2024NE001636 - NIHON (45656779) 

";;;;;;;;
HU-UFSCAR;HU;AMB;AMBULATÓRIO DE ESPECIALIDADES MÉDICAS;;498774/AMB0050;27748;SERRA GESSO ELETRICA;EQUIPAMENTO;NEVONI;18018-A;TESTE/ AGUARDANDO CADASTRO DE FORNECEDOR;0;01/12/2008;;00;01/12/2009;;NÃO;NÃO;SIM;NÃO;NÃO;NÃO;SIM;NÃO HÁ DADOS SOBRE AQUISIÇÃO;;;;;;;;
HU-UFSCAR;HU;STEC;SETOR DE ENGENHARIA CLÍNICA;SALA DE DISTRIBUIÇÃO;498775;27750;SERRA GESSO ELETRICA;EQUIPAMENTO;NEVONI;18018-A;TESTE/ AGUARDANDO CADASTRO DE FORNECEDOR;0;01/12/2008;;00;01/12/2009;;NÃO;NÃO;SIM;NÃO;NÃO;NÃO;SIM;NÃO HÁ DADOS SOBRE AQUISIÇÃO;;;;;;;;
HU-UFSCAR;HU;STEC;SETOR DE ENGENHARIA CLÍNICA;;;0091400102;SIMULADOR MULTIPARAMETRICO;INSTRUMENTO DE CALIBRAÇÃO;BIOMETRICA;BIOSIM;ECQ COMERCIO E MANUTENCAO HOSPITALAR LTDA;0;01/01/2022;;;01/01/2023;;NÃO;NÃO;SIM;NÃO;NÃO;NÃO;SIM;;;;;;;;;
HU-UFSCAR;HU;STEC;SETOR DE ENGENHARIA CLÍNICA;SALA DE CALIBRAÇÃO;;7385;SIMULADOR PRESSAO SANGUINEA NAO-INVASIVA;INSTRUMENTO DE CALIBRAÇÃO;PRONK TECHNOLOGIES;SC-3;ECQ COMERCIO E MANUTENCAO HOSPITALAR LTDA;0;01/04/2024;0;00000;01/04/2025;;NÃO;NÃO;SIM;NÃO;NÃO;NÃO;SIM;;;;;;;;;
HU-UFSCAR;HU;STEC;SETOR DE ENGENHARIA CLÍNICA;SALA DE CALIBRAÇÃO;;JV1603100001;SIMULADOR SAIDA TRANSDUTOR OXIMETRIA PULSO;INSTRUMENTO DE CALIBRAÇÃO;CONTEC;MS-100;ECQ COMERCIO E MANUTENCAO HOSPITALAR LTDA;0;01/04/2024;0;00000;01/04/2025;;NÃO;NÃO;SIM;NÃO;NÃO;NÃO;SIM;;;;;;;;;
HU-UFSCAR;HU;STEC-ECQ;ECQ/HU-UFSCAR;;;20201112006;SIMULADOR SAIDA TRANSDUTOR OXIMETRIA PULSO;INSTRUMENTO DE CALIBRAÇÃO;NEOS;SOP-100;ECQ COMERCIO E MANUTENCAO HOSPITALAR LTDA;0;01/01/2023;;0;01/01/2024;;NÃO;NÃO;SIM;NÃO;NÃO;NÃO;NÃO;;;;;;;;;
HU-UFSCAR;HU;SEGE;SETOR DE GESTÃO DO ENSINO;SETOR DE ENSINO;10021494;1123040106;SIMULADOR/TREINAMENTO DEA;EQUIPAMENTO;CMOS DRAKE;CR AMOS;CMOS DRAKE DO NORDESTE SA;1190;22/05/2023;23763.001867/2022-70;41272;22/05/2028;;NÃO;NÃO;SIM;NÃO;NÃO;NÃO;SIM;;;;;;;;;
HU-UFSCAR;HU;RAD;RADIOLOGIA;DIGITALIZAÇÃO DE RAIOS-X;497726/UDID0014;10692;SIS DIGITALIZACAO IMAGEM RADIOGRAFIA;EQUIPAMENTO;AGFA;DX M;AGFA HEALTHCARE;115000;01/12/2014;;;01/12/2015;;NÃO;NÃO;SIM;NÃO;NÃO;NÃO;SIM;;;;;;;;;
HU-UFSCAR;HU;RAD;RADIOLOGIA;DIGITALIZAÇÃO DE RAIOS-X;PMSC-025879/UDID0017;12575;SIS DIGITALIZACAO IMAGEM RADIOGRAFIA;EQUIPAMENTO;AGFA;DX M;AGFA HEALTHCARE;159700;19/03/2018;;351654;03/04/2021;;NÃO;NÃO;SIM;NÃO;NÃO;NÃO;SIM;;;;;;;;;
HU-UFSCAR;HU;UDIDE-MG-ERGO;ERGOMETRIA;UDI - TESTE ERGOMETRICO;501453AA/UDID0001;182401012;SIS MONITORACAO ESFORCO CARDIACO;EQUIPAMENTO;TEB;APEX-1000;TECNOCLIN;25990;20/02/2019;;25560;20/02/2021;;NÃO;NÃO;SIM;NÃO;NÃO;NÃO;SIM;CPU SN: 182300910;;;;;;;;
HU-UFSCAR;HU;LAC;LABORATÓRIO DE ANÁLISES CLÍNICAS;LABORATÓRIO ;501430/LAB0032;F9SA86322B;SIS PURIFICADOR AGUA;EQUIPAMENTO;MILLIPORE;MILLI Q;MERCK SA;83554;26/06/2020;;805079;23/10/2023;;NÃO;NÃO;SIM;NÃO;NÃO;NÃO;SIM;MILLI-Q IQ 7005, RESERVATÓRIO DE 25L, BOMBA JBPUMP, QPOD E EPOD;;;;;;;;
HU-UFSCAR;HU;RAD;RADIOLOGIA;RAIOS-X TELECOMANDADO;497724/UDID0009;10244;SIS RADIOGRAFICO-FLUOROSCOPICO;EQUIPAMENTO;SIEMENS;AXIOM ICONOS R-100;SIEMENS HEALTHCARE DIAGNÓSTICOS SA;688100;20/12/2008;;423489;20/12/2009;;NÃO;NÃO;SIM;NÃO;SIM;NÃO;SIM;;;;;;;;;
HU-UFSCAR;HU;CME;CENTRAL DE MATERIAIS ESTERILIZADOS;CME;PREF-TERM-001/CME0001;1927106181;TERMODESINFECTORA;EQUIPAMENTO;BAUMER;TW E-2000 400-P;BAUMER SA;203000;31/07/2019;;163796;08/06/2023;;NÃO;NÃO;SIM;NÃO;SIM;NÃO;SIM;;;;;;;;;
HU-UFSCAR;HU;CME;CENTRAL DE MATERIAIS ESTERILIZADOS;CME;PREF-TERM-002/CME0002;1927106171;TERMODESINFECTORA;EQUIPAMENTO;BAUMER;TW E-2000 400-P;BAUMER SA;203000;31/07/2019;;163796;08/06/2023;;NÃO;NÃO;SIM;NÃO;SIM;NÃO;SIM;;;;;;;;;
HU-UFSCAR;HU;HH;HOTELARIA HOSPITALAR;COZINHA;TMCZ-001;;TERMOMETRO ELETRONICO;EQUIPAMENTO;INSTRUTHERM;TH-1500;AIQ FERRAMENTAS E INSTRUMENTOS LTDA - EPP;44,99;23/01/2017;;;23/01/2018;;NÃO;NÃO;SIM;NÃO;NÃO;NÃO;SIM;;;;;;;;;
HU-UFSCAR;HU;HH;HOTELARIA HOSPITALAR;COZINHA;TMCZ-002;;TERMOMETRO ELETRONICO;EQUIPAMENTO;INSTRUTHERM;TH-1500;AIQ FERRAMENTAS E INSTRUMENTOS LTDA - EPP;44,99;23/01/2017;;;23/01/2018;;NÃO;NÃO;SIM;NÃO;NÃO;NÃO;SIM;;;;;;;;;
HU-UFSCAR;HU;PAA;PA ADULTO;PA ADULTO;;HT215-0261;TERMOMETRO ELETRONICO;EQUIPAMENTO;ICEL;HT-215;TESTE/ AGUARDANDO CADASTRO DE FORNECEDOR;0;01/12/2019;;00;01/12/2020;;NÃO;NÃO;SIM;NÃO;NÃO;NÃO;SIM;NÃO HÁ INFORMAÇÕES SOBRE AQUISIÇÃO.;;;;;;;;
HU-UFSCAR;HU;STEC-ECQ;ECQ/HU-UFSCAR;ENGENHARIA CLINICA ;;76191-0103-2107;TERMOMETRO ELETRONICO;INSTRUMENTO DE CALIBRAÇÃO;FULL GAUGE;PENTA III 01;ECQ COMERCIO E MANUTENCAO HOSPITALAR LTDA;0;01/04/2024;;0000;01/04/2025;;NÃO;NÃO;SIM;NÃO;NÃO;NÃO;SIM;;;;;;;;;
HU-UFSCAR;HU;UMULTI;UNIDADE MULTIPROFISSIONAL ;;498495/TMCZ-004;10102600674358;TERMOMETRO ELETRONICO;EQUIPAMENTO;INSTRUTHERM;TH-1500;AIQ FERRAMENTAS E INSTRUMENTOS LTDA - EPP;44,99;23/01/2017;;9514;23/01/2018;;NÃO;NÃO;SIM;NÃO;NÃO;NÃO;SIM;;;;;;;;;
HU-UFSCAR;HU;UMULTI;UNIDADE MULTIPROFISSIONAL ;;498496;10102600674306;TERMOMETRO ELETRONICO;EQUIPAMENTO;INSTRUTHERM;TH-1500;AIQ FERRAMENTAS E INSTRUMENTOS LTDA - EPP;44,99;23/01/2017;;9514;23/01/2018;;NÃO;NÃO;SIM;NÃO;NÃO;NÃO;SIM;;;;;;;;;
HU-UFSCAR;HU;UMULTI;UNIDADE MULTIPROFISSIONAL ;;498497/TMCZ-005;10102600674401;TERMOMETRO ELETRONICO;EQUIPAMENTO;INSTRUTHERM;TH-1500;AIQ FERRAMENTAS E INSTRUMENTOS LTDA - EPP;44,99;23/01/2017;;9514;23/01/2018;;NÃO;NÃO;SIM;NÃO;NÃO;NÃO;SIM;;;;;;;;;
HU-UFSCAR;HU;UMULTI;UNIDADE MULTIPROFISSIONAL ;;498498/TMCZ-003;10102600674144;TERMOMETRO ELETRONICO;EQUIPAMENTO;INSTRUTHERM;TH-1500;AIQ FERRAMENTAS E INSTRUMENTOS LTDA - EPP;44,99;23/01/2017;;9514;23/01/2018;;NÃO;NÃO;SIM;NÃO;NÃO;NÃO;SIM;;;;;;;;;
HU-UFSCAR;HU;ENDO;ENDOSCOPIA;DESINFECÇÃO DE ENDOSCÓPIOS;;19240566;TESTE VAZAMENTO ENDOSCOPIO;EQUIPAMENTO;KARL STORZ;13242-XL;H STRATTNER &  CIA LTDA;0;30/04/2020;;144154;30/04/2021;;NÃO;NÃO;SIM;NÃO;NÃO;SIM;SIM;EQUIPAMENTO DISPONIBILIZADO JUNTO AO ENDOSCÓPIO FLEXÍVEL;;;;;;;;
HU-UFSCAR;HU;ENDO;ENDOSCOPIA;SALA DE DESINFECÇÃO DE ENDOSCÓPIOS;;1116;TESTE VAZAMENTO ENDOSCOPIO;EQUIPAMENTO;PENTAX;SHA P-5;ENDOTECH COMÉRCIO IMPORTAÇÃO EXPORTAÇÃO E SERVIÇOS LTDA;0;16/12/2019;;0000;16/12/2020;;NÃO;NÃO;SIM;NÃO;NÃO;NÃO;SIM;;;;;;;;;
HU-UFSCAR;HU;TOMO;TOMOGRAFIA;SALA TOMOGRAFIA;497948/UDIDE0035;5322;TOMOGRAFO COMPUTADORIZADO;EQUIPAMENTO;PHILIPS;BRILLIANCE-16;PHILIPS MEDICAL SYSTEMS;1480000;15/05/2007;;;15/05/2008;;NÃO;NÃO;SIM;NÃO;NÃO;SIM;SIM;;;;;;;;;
HU-UFSCAR;HU;US;ULTRASSOM;SALA DE ULTRASSOM;500043E;B3XGKQ;TRANSDUTOR US;ACESSÓRIO;PHILIPS;S-8 3;PHILIPS MEDICAL SYSTEMS LTDA;20200;29/07/2021;23763.001301/2020-86;35876;11/08/2022;;NÃO;NÃO;SIM;NÃO;NÃO;NÃO;SIM;;;;;;;;;
HU-UFSCAR;HU;US;ULTRASSOM;SALA DE ULTRASSOM;500043F;F029YH;TRANSDUTOR US;ACESSÓRIO;PHILIPS;L-12 3;PHILIPS MEDICAL SYSTEMS LTDA;19800;29/07/2021;23763.001301/2020-86;35876;11/08/2022;;NÃO;NÃO;SIM;NÃO;NÃO;NÃO;SIM;;;;;;;;;
HU-UFSCAR;HU;US;ULTRASSOM;SALA DE ULTRASSOM;500043G;B3VC3N;TRANSDUTOR US;ACESSÓRIO;PHILIPS;L-15 7-IO;PHILIPS MEDICAL SYSTEMS LTDA;20200;29/07/2021;23763.001301/2020-86;35876;11/08/2022;;NÃO;NÃO;SIM;NÃO;NÃO;NÃO;SIM;;;;;;;;;
HU-UFSCAR;HU;US;ULTRASSOM;SALA DE ULTRASSOM;500043H;B3XMBQ;TRANSDUTOR US;ACESSÓRIO;PHILIPS;S-12 4;PHILIPS MEDICAL SYSTEMS LTDA;20200;29/07/2021;23763.001301/2020-86;35876;11/08/2022;;NÃO;NÃO;SIM;NÃO;NÃO;NÃO;SIM;;;;;;;;;
HU-UFSCAR;HU;US;ULTRASSOM;SALA DE ULTRASSOM;500043I;F025M8;TRANSDUTOR US;ACESSÓRIO;PHILIPS;S-5 1;PHILIPS MEDICAL SYSTEMS LTDA;24200;29/07/2021;23763.001301/2020-86;35876;11/08/2022;;NÃO;NÃO;SIM;NÃO;NÃO;NÃO;SIM;;;;;;;;;
HU-UFSCAR;HU;US;ULTRASSOM;SALA DE ULTRASSOM;500043J;B3Y092;TRANSDUTOR US;ACESSÓRIO;PHILIPS;C-9 4-V;PHILIPS MEDICAL SYSTEMS LTDA;15000;29/07/2021;23763.001301/2020-86;35876;11/08/2022;;NÃO;NÃO;SIM;NÃO;NÃO;NÃO;SIM;;;;;;;;;
HU-UFSCAR;HU;US;ULTRASSOM;SALA EXAMES 13;501450;B2VQTD;TRANSDUTOR US;ACESSÓRIO;PHILIPS;X-7 2-T;PHILIPS MEDICAL SYSTEMS;0;13/06/2019;;16337;25/06/2022;;NÃO;NÃO;SIM;NÃO;NÃO;NÃO;SIM;TRANSDUTOR TRANSESOFÁGICO;;;;;;;;
HU-UFSCAR;HU;US;ULTRASSOM;SALA EXAMES 13;PREF-US1A;B2PTOT;TRANSDUTOR US;ACESSÓRIO;PHILIPS;C-6 2;PHILIPS MEDICAL SYSTEMS;0;13/06/2019;;16337;25/06/2022;;NÃO;NÃO;SIM;NÃO;NÃO;NÃO;SIM;TRANSDUTOR CONVEXO;;;;;;;;
HU-UFSCAR;HU;US;ULTRASSOM;SALA EXAMES 13;PREF-US1B;B2QC9Q;TRANSDUTOR US;ACESSÓRIO;PHILIPS;L-12 4;PHILIPS MEDICAL SYSTEMS;0;13/06/2019;;16337;25/06/2022;;NÃO;NÃO;SIM;NÃO;NÃO;NÃO;SIM;TRANSDUTOR LINEAR;;;;;;;;
HU-UFSCAR;HU;US;ULTRASSOM;SALA EXAMES 13;PREF-US1C;B2PTNT;TRANSDUTOR US;ACESSÓRIO;PHILIPS;S-4 2;PHILIPS MEDICAL SYSTEMS;0;13/06/2019;;16337;25/06/2022;;NÃO;NÃO;SIM;NÃO;NÃO;NÃO;SIM;TRANSDUTOR SETORIAL - ECOCARDIOGRAFIA ADULTO;;;;;;;;
HU-UFSCAR;HU;US;ULTRASSOM;SALA EXAMES 13;PREF-US1D;B2RLOK;TRANSDUTOR US;ACESSÓRIO;PHILIPS;V-6 2;PHILIPS MEDICAL SYSTEMS;0;13/06/2019;;16337;25/06/2022;;NÃO;NÃO;SIM;NÃO;NÃO;NÃO;SIM;TRANSDUTOR CONVEXO 4D;;;;;;;;
HU-UFSCAR;HU;US;ULTRASSOM;ULTRASSOM 01;500043A;B3KTQ4;TRANSDUTOR US;ACESSÓRIO;PHILIPS;C-10 3-V;PHILIPS MEDICAL SYSTEMS;0;11/03/2020;;22533;18/03/2022;;NÃO;NÃO;SIM;NÃO;NÃO;NÃO;SIM;TRANSDUTOR ENDOCAVITÁRIO;;;;;;;;
HU-UFSCAR;HU;US;ULTRASSOM;ULTRASSOM 01;500043B;B3KYGZ;TRANSDUTOR US;ACESSÓRIO;PHILIPS;C-5 1;PHILIPS MEDICAL SYSTEMS;0;11/03/2020;;22533;18/03/2022;;NÃO;NÃO;SIM;NÃO;NÃO;NÃO;SIM;TRANSDUTOR CONVEXO;;;;;;;;
HU-UFSCAR;HU;US;ULTRASSOM;ULTRASSOM 01;500043C;B3LN36;TRANSDUTOR US;ACESSÓRIO;PHILIPS;EL-18 4;PHILIPS MEDICAL SYSTEMS;0;11/03/2020;;22533;18/03/2022;;NÃO;NÃO;SIM;NÃO;NÃO;NÃO;SIM;TRANSDUTOR LINEAR PUREWAVE;;;;;;;;
HU-UFSCAR;HU;US;ULTRASSOM;ULTRASSOM 01;500043D;B3KZY4;TRANSDUTOR US;ACESSÓRIO;PHILIPS;EL-18 4;PHILIPS MEDICAL SYSTEMS;0;11/03/2020;;22533;18/03/2022;;NÃO;NÃO;SIM;NÃO;NÃO;NÃO;SIM;TRANSDUTOR LINEAR PUREWAVE;;;;;;;;
HU-UFSCAR;HU;US;ULTRASSOM;ULTRASSOM 02;497739A;51815024;TRANSDUTOR US;ACESSÓRIO;SIEMENS;CH-5 2;SIEMENS HEALTHCARE DIAGNÓSTICOS SA;0;25/09/2015;;13762;18/11/2016;;NÃO;NÃO;SIM;NÃO;NÃO;NÃO;SIM;TRANSDUTOR CONVEXO;;;;;;;;
HU-UFSCAR;HU;US;ULTRASSOM;ULTRASSOM 02;497739B;52450525;TRANSDUTOR US;ACESSÓRIO;SIEMENS;EC-9 4;SIEMENS HEALTHCARE DIAGNÓSTICOS SA;0;25/09/2015;;13762;18/11/2016;;NÃO;NÃO;SIM;NÃO;NÃO;NÃO;SIM;TRANSDUTOR ENDOCAVITÁRIO;;;;;;;;
HU-UFSCAR;HU;US;ULTRASSOM;ULTRASSOM 02;497739C;52015046;TRANSDUTOR US;ACESSÓRIO;SIEMENS;VF-10 5;SIEMENS HEALTHCARE DIAGNÓSTICOS SA;0;25/09/2015;;13763;18/11/2016;;NÃO;NÃO;SIM;NÃO;NÃO;NÃO;SIM;TRANSDUTOR LINEAR;;;;;;;;
HU-UFSCAR;HU;US;ULTRASSOM;ULTRASSOM 02;501454;74810010;TRANSDUTOR US;ACESSÓRIO;SIEMENS;TEE V-5-M;SIEMENS HEALTHCARE DIAGNÓSTICOS SA;128043,76;06/04/2018;;5446;06/04/2019;;NÃO;NÃO;SIM;NÃO;NÃO;NÃO;SIM;TRANSDUTOR TRANSESOFÁGICO;;;;;;;;
HU-UFSCAR;HU;US;ULTRASSOM;UTI/PA;498018A;51815023;TRANSDUTOR US;ACESSÓRIO;SIEMENS;CH-5 2;SIEMENS HEALTHCARE DIAGNÓSTICOS SA;0;25/09/2015;;13763;18/11/2016;;NÃO;NÃO;SIM;NÃO;NÃO;NÃO;SIM;TRANSDUTOR CONVEXO;;;;;;;;
HU-UFSCAR;HU;US;ULTRASSOM;UTI/PA;498018B;52450521;TRANSDUTOR US;ACESSÓRIO;SIEMENS;EC-9 4;SIEMENS HEALTHCARE DIAGNÓSTICOS SA;0;25/09/2015;;13763;18/11/2016;;NÃO;NÃO;SIM;NÃO;NÃO;NÃO;SIM;TRANSDUTOR ENDOCAVITÁRIO;;;;;;;;
HU-UFSCAR;HU;US;ULTRASSOM;UTI/PA;498018C;52015023;TRANSDUTOR US;ACESSÓRIO;SIEMENS;VF-10 5;SIEMENS HEALTHCARE DIAGNÓSTICOS SA;0;25/09/2015;;13763;18/11/2016;;NÃO;NÃO;SIM;NÃO;NÃO;NÃO;SIM;TRANSDUTOR LINEAR;;;;;;;;
HU-UFSCAR;HU;US;ULTRASSOM;UTI/PA;498018D;10789385;TRANSDUTOR US;ACESSÓRIO;SIEMENS;P-4 2;SIEMENS HEALTHCARE DIAGNÓSTICOS SA;5875,41;06/04/2018;;5446;06/04/2019;;NÃO;NÃO;NÃO;NÃO;NÃO;NÃO;SIM;TRANSDUTOR ECOCARDIOGRAFIA SETORIAL ADULTO;;;;;;;;
HU-UFSCAR;HU;US;ULTRASSOM;UTI/PA;498018E;73516005;TRANSDUTOR US;ACESSÓRIO;SIEMENS;P-8 4;SIEMENS HEALTHCARE DIAGNÓSTICOS SA;8237,68;06/04/2018;;5446;06/04/2019;;NÃO;NÃO;SIM;NÃO;NÃO;NÃO;SIM;TRANSDUTOR ECOCARDIOGRAFIA SETORIAL PEDIÁTRICO;;;;;;;;
HU-UFSCAR;HU;AMB;AMBULATÓRIO DE ESPECIALIDADES MÉDICAS;AMBULATÓRIO;500549/AMB0006/10020053;S257M3HR800020L;ULTRASSOM;EQUIPAMENTO;SAMSUNG MEDISON;HS-40;A C PON LAU COMERCIO DE EQUIPAMENTOS ELETRO-ELETRONICOS;189000;07/12/2021;;5514;14/02/2024;;NÃO;NÃO;SIM;NÃO;SIM;NÃO;SIM;;;;;;;;;
HU-UFSCAR;HU;STEC;SETOR DE ENGENHARIA CLÍNICA;;INST_11;BZD25F1113;ULTRASSOM;EQUIPAMENTO;PHILIPS;AFFINITI-70;PHILIPS MEDICAL SYSTEMS LTDA;253549;18/03/2026;23477.012666/2025-76;64993;18/03/2026;;NÃO;NÃO;SIM;NÃO;NÃO;NÃO;SIM;;;;;;;;;
HU-UFSCAR;HU;US;ULTRASSOM;SALA EXAMES 13;501436/UDID0021;BZD18D1067;ULTRASSOM;EQUIPAMENTO;PHILIPS;AFFINITI-50;PHILIPS MEDICAL SYSTEMS;262000;13/06/2019;;16337;09/09/2022;;NÃO;NÃO;SIM;NÃO;SIM;NÃO;SIM;;;;;;;;;
HU-UFSCAR;HU;US;ULTRASSOM;ULTRASSOM 01;10018020/500043;BZN19F1898;ULTRASSOM;EQUIPAMENTO;PHILIPS;AFFINITI-70;PHILIPS MEDICAL SYSTEMS;192925;11/03/2020;;22533;18/03/2022;;NÃO;NÃO;SIM;NÃO;SIM;NÃO;SIM;;;;;;;;;
HU-UFSCAR;HU;US;ULTRASSOM;ULTRASSOM 02;10018019/497739;357552;ULTRASSOM;EQUIPAMENTO;SIEMENS;ACUSON X-300;SIEMENS HEALTHCARE DIAGNÓSTICOS SA;87254,9;25/09/2015;;13763;18/11/2016;;NÃO;NÃO;SIM;NÃO;SIM;NÃO;SIM;;;;;;;;;
HU-UFSCAR;HU;US;ULTRASSOM;UTI/PA;10018018/498018/UDIDE0033;357564;ULTRASSOM;EQUIPAMENTO;SIEMENS;ACUSON X-300;SIEMENS HEALTHCARE DIAGNÓSTICOS SA;87254,9;25/09/2015;;13762;18/11/2016;;NÃO;NÃO;SIM;NÃO;SIM;NÃO;SIM;COM MÓDULO DE ECOCARDIOGRAFIA;;;;;;;;
HU-UFSCAR;HU;STEC;SETOR DE ENGENHARIA CLÍNICA;UDIDE;ULTRASSOM;USN25P0602;ULTRASSOM PORTATIL;EQUIPAMENTO;PHILIPS;5500-G;PHILIPS MEDICAL SYSTEMS LTDA;216550;17/03/2026;23477.011041/2025-97;64971;17/03/2026;;NÃO;NÃO;SIM;NÃO;NÃO;NÃO;SIM;;;;;;;;;
HU-UFSCAR;HU;STEC;SETOR DE ENGENHARIA CLÍNICA;3 ANDAR;;HU04190299;UMIDIFICADOR AQUECEDOR;EQUIPAMENTO;GLOBALTEC;GT-5000;LIFEMED INDUSTRIAL DE EQUIPAMENTOS E ARTIGOS MEDICOS E HOSPITALARES S.A.;1343,46;31/05/2019;;79690;31/05/2020;;NÃO;NÃO;SIM;NÃO;NÃO;NÃO;SIM;;;;;;;;;
HU-UFSCAR;HU;STEC;SETOR DE ENGENHARIA CLÍNICA;3 ANDAR;;HU05190101;UMIDIFICADOR AQUECEDOR;EQUIPAMENTO;GLOBALTEC;GT-5000;LIFEMED INDUSTRIAL DE EQUIPAMENTOS E ARTIGOS MEDICOS E HOSPITALARES S.A.;1343,46;31/05/2019;;79690;31/05/2020;;NÃO;NÃO;SIM;NÃO;NÃO;NÃO;SIM;;;;;;;;;
HU-UFSCAR;HU;STEC;SETOR DE ENGENHARIA CLÍNICA;3 ANDAR;;HU05190105;UMIDIFICADOR AQUECEDOR;EQUIPAMENTO;GLOBALTEC;GT-5000;LIFEMED INDUSTRIAL DE EQUIPAMENTOS E ARTIGOS MEDICOS E HOSPITALARES S.A.;1343,46;31/05/2019;;79690;31/05/2020;;NÃO;NÃO;SIM;NÃO;NÃO;NÃO;SIM;;;;;;;;;
HU-UFSCAR;HU;STEC;SETOR DE ENGENHARIA CLÍNICA;3 ANDAR;;HU05190109;UMIDIFICADOR AQUECEDOR;EQUIPAMENTO;GLOBALTEC;GT-5000;LIFEMED INDUSTRIAL DE EQUIPAMENTOS E ARTIGOS MEDICOS E HOSPITALARES S.A.;1343,46;31/05/2019;;79690;31/05/2020;;NÃO;NÃO;SIM;NÃO;NÃO;NÃO;SIM;;;;;;;;;
HU-UFSCAR;HU;STEC;SETOR DE ENGENHARIA CLÍNICA;3 ANDAR;;HU05190111;UMIDIFICADOR AQUECEDOR;EQUIPAMENTO;GLOBALTEC;GT-5000;LIFEMED INDUSTRIAL DE EQUIPAMENTOS E ARTIGOS MEDICOS E HOSPITALARES S.A.;1343,46;31/05/2019;;79690;31/05/2020;;NÃO;NÃO;SIM;NÃO;NÃO;NÃO;SIM;;;;;;;;;
HU-UFSCAR;HU;STEC;SETOR DE ENGENHARIA CLÍNICA;3 ANDAR;;HU05190114;UMIDIFICADOR AQUECEDOR;EQUIPAMENTO;GLOBALTEC;GT-5000;LIFEMED INDUSTRIAL DE EQUIPAMENTOS E ARTIGOS MEDICOS E HOSPITALARES S.A.;1343,46;31/05/2019;;79690;31/05/2020;;NÃO;NÃO;SIM;NÃO;NÃO;NÃO;SIM;;;;;;;;;
HU-UFSCAR;HU;UCMC;CLÍNICA MÉDICA E CIRÚRGICA;CLÍNICA MÉDICA;;HU05190104;UMIDIFICADOR AQUECEDOR;EQUIPAMENTO;GLOBALTEC;GT-5000;LIFEMED INDUSTRIAL DE EQUIPAMENTOS E ARTIGOS MEDICOS E HOSPITALARES S.A.;1343,46;31/05/2019;;79690;31/05/2020;;NÃO;NÃO;SIM;NÃO;NÃO;NÃO;SIM;;;;;;;;;
HU-UFSCAR;HU;UCMC;CLÍNICA MÉDICA E CIRÚRGICA;CLÍNICA MÉDICA;;HU05190117;UMIDIFICADOR AQUECEDOR;EQUIPAMENTO;GLOBALTEC;GT-5000;LIFEMED INDUSTRIAL DE EQUIPAMENTOS E ARTIGOS MEDICOS E HOSPITALARES S.A.;1343,46;31/05/2019;;79690;31/05/2020;;NÃO;NÃO;SIM;NÃO;NÃO;NÃO;SIM;;;;;;;;;
HU-UFSCAR;HU;UCMC;CLÍNICA MÉDICA E CIRÚRGICA;CLÍNICA MÉDICA;;M320060915792;UMIDIFICADOR AQUECEDOR;EQUIPAMENTO;INTERMED;MISTY-3;TESTE/ AGUARDANDO CADASTRO DE FORNECEDOR;0;01/12/2006;;00;01/12/2007;;NÃO;NÃO;SIM;NÃO;NÃO;NÃO;SIM;SEM DADOS DA AQUISIÇÃO;;;;;;;;
HU-UFSCAR;HU;UTIA;UTI ADULTO;;UTIA0056;HU05190119;UMIDIFICADOR AQUECEDOR;EQUIPAMENTO;GLOBALTEC;GT-5000-PLUS;TESTE/ AGUARDANDO CADASTRO DE FORNECEDOR;0;01/12/2022;;0;01/12/2023;;NÃO;NÃO;SIM;NÃO;NÃO;NÃO;SIM;;;;;;;;;
HU-UFSCAR;HU;UTIA;UTI ADULTO;UTI ADULTO;;HU05190110;UMIDIFICADOR AQUECEDOR;EQUIPAMENTO;GLOBALTEC;GT-5000;LIFEMED INDUSTRIAL DE EQUIPAMENTOS E ARTIGOS MEDICOS E HOSPITALARES S.A.;1343,46;31/05/2019;;79690;31/05/2020;;NÃO;NÃO;SIM;NÃO;NÃO;NÃO;SIM;;;;;;;;;
HU-UFSCAR;HU;UTIA;UTI ADULTO;UTI ADULTO;;HU05190112;UMIDIFICADOR AQUECEDOR;EQUIPAMENTO;GLOBALTEC;GT-5000;LIFEMED INDUSTRIAL DE EQUIPAMENTOS E ARTIGOS MEDICOS E HOSPITALARES S.A.;1343,46;31/05/2019;;79690;31/05/2020;;NÃO;NÃO;SIM;NÃO;NÃO;NÃO;SIM;;;;;;;;;
HU-UFSCAR;HU;UTIA;UTI ADULTO;UTI ADULTO;UTIA0002;M3-2006-09-15816;UMIDIFICADOR AQUECEDOR;EQUIPAMENTO;INTERMED;MISTY-3;TESTE/ AGUARDANDO CADASTRO DE FORNECEDOR;0;01/09/2006;;0000;01/09/2007;;NÃO;NÃO;SIM;NÃO;NÃO;NÃO;SIM;;;;;;;;;
HU-UFSCAR;HU;UTIPED;UTI PEDIÁTRICA;;;HU05190116;UMIDIFICADOR AQUECEDOR;EQUIPAMENTO;GLOBALTEC;GT-5000;LIFEMED INDUSTRIAL DE EQUIPAMENTOS E ARTIGOS MEDICOS E HOSPITALARES S.A.;1343,46;31/05/2019;;79690;31/05/2020;;NÃO;NÃO;SIM;NÃO;NÃO;NÃO;SIM;;;;;;;;;
HU-UFSCAR;HU;UTIPED;UTI PEDIÁTRICA;;UTIP0015;M3-2006-09-15817;UMIDIFICADOR AQUECEDOR;EQUIPAMENTO;INTERMED;MISTY-3;SAMTRONIC INDUSTRIA E COMERCIO LTDA;0;01/07/2019;;;01/10/2020;;SIM;NÃO;NÃO;NÃO;NÃO;NÃO;SIM;;;;;;;;;
HU-UFSCAR;HU;UTIPED;UTI PEDIÁTRICA;;UTIP0049;HU05190114;UMIDIFICADOR AQUECEDOR;EQUIPAMENTO;GLOBALTEC;GT-5000-PLUS;TESTE/ AGUARDANDO CADASTRO DE FORNECEDOR;0;01/12/2022;;0;01/12/2023;;NÃO;NÃO;SIM;NÃO;NÃO;NÃO;SIM;;;;;;;;;
HU-UFSCAR;HU;UTIPED;UTI PEDIÁTRICA;UTI PED;;M3-2006-09-15792;UMIDIFICADOR AQUECEDOR;EQUIPAMENTO;INTERMED;MISTY-3;TESTE/ AGUARDANDO CADASTRO DE FORNECEDOR;0;01/09/2006;;0000;01/09/2007;;NÃO;NÃO;SIM;NÃO;NÃO;NÃO;SIM;;;;;;;;;
HU-UFSCAR;HU;UTIPED;UTI PEDIÁTRICA;UTI PED;UTIP0010;HU07180085;UMIDIFICADOR AQUECEDOR;EQUIPAMENTO;GLOBALTEC;GT-5000;LIFEMED INDUSTRIAL DE EQUIPAMENTOS E ARTIGOS MEDICOS E HOSPITALARES S.A.;1343,46;31/05/2019;;79690;31/05/2020;;NÃO;NÃO;SIM;NÃO;NÃO;NÃO;SIM;;;;;;;;;
HU-UFSCAR;HU;UTIPED;UTI PEDIÁTRICA;UTIPED;;TRE2025111560;UMIDIFICADOR AQUECEDOR;EQUIPAMENTO;TREND MEDICAL;TR EVOLUTION;HOSPCOM EQUIPAMENTOS HOSPITALARES LTDA;3000;24/03/2026;23763.001410/2026-99;51602;24/03/2027;;NÃO;NÃO;SIM;NÃO;NÃO;NÃO;SIM;;;;;;;;;
HU-UFSCAR;HU;UTIPED;UTI PEDIÁTRICA;UTIPED;;TRE2025111581;UMIDIFICADOR AQUECEDOR;EQUIPAMENTO;TREND MEDICAL;TR EVOLUTION;HOSPCOM EQUIPAMENTOS HOSPITALARES LTDA;3000;24/03/2026;23763.001410/2026-99;51602;24/03/2027;;NÃO;NÃO;SIM;NÃO;NÃO;NÃO;SIM;;;;;;;;;
HU-UFSCAR;HU;UTIPED;UTI PEDIÁTRICA;UTIPED;;TRE2025111582;UMIDIFICADOR AQUECEDOR;EQUIPAMENTO;TREND MEDICAL;TR EVOLUTION;HOSPCOM EQUIPAMENTOS HOSPITALARES LTDA;3000;24/03/2026;23763.001410/2026-99;51602;24/03/2027;;NÃO;NÃO;SIM;NÃO;NÃO;NÃO;SIM;;;;;;;;;
HU-UFSCAR;HU;UTIPED;UTI PEDIÁTRICA;UTIPED;;TRE2025111589;UMIDIFICADOR AQUECEDOR;EQUIPAMENTO;TREND MEDICAL;TR EVOLUTION;HOSPCOM EQUIPAMENTOS HOSPITALARES LTDA;3000;24/03/2026;23763.001410/2026-99;51602;24/03/2027;;NÃO;NÃO;SIM;NÃO;NÃO;NÃO;SIM;;;;;;;;;
HU-UFSCAR;HU;UTIPED;UTI PEDIÁTRICA;UTI PEDIATRICA;;HU05190102;UMIDIFICADOR AQUECEDOR;EQUIPAMENTO;GLOBALTEC;GT-5000;LIFEMED INDUSTRIAL DE EQUIPAMENTOS E ARTIGOS MEDICOS E HOSPITALARES S.A.;0;31/05/2019;;0;31/05/2020;;NÃO;NÃO;SIM;NÃO;NÃO;NÃO;SIM;;;;;;;;;
HU-UFSCAR;HU;CC;CENTRO CIRÚRGICO;;7817913;FS6-58001774;UNI ANESTESIA;EQUIPAMENTO;MINDRAY;A-7;HOSPCOM EQUIPAMENTOS HOSPITALARES LTDA;115000;26/02/2026;23763.001410/2026-99;51601;26/02/2029;;NÃO;NÃO;SIM;NÃO;NÃO;NÃO;SIM;"ORDEM DE SERVIÇO OU DE FORNECIMENTO DE BENS - SEI 32 (57136552)

NOTA DE EMPENHO 2025NE000584 (SEI Nº 55741096)

NOTA DE EMPENHO 2025NE000585 (SEI Nº 55741117)";;;;;;;;
HU-UFSCAR;HU;CC;CENTRO CIRÚRGICO;CC;7817914;FS6-58001800;UNI ANESTESIA;EQUIPAMENTO;MINDRAY;A-7;HOSPCOM EQUIPAMENTOS HOSPITALARES LTDA;115000;26/02/2026;23763.001410/2026-99;51601;26/02/2029;;NÃO;NÃO;SIM;NÃO;NÃO;NÃO;SIM;"ORDEM DE SERVIÇO OU DE FORNECIMENTO DE BENS - SEI 32 (57136552)

NOTA DE EMPENHO 2025NE000584 (SEI Nº 55741096)

NOTA DE EMPENHO 2025NE000585 (SEI Nº 55741117)";;;;;;;;
HU-UFSCAR;HU;CC;CENTRO CIRÚRGICO;CC-SALA 01;PREF-ANES-003/CC0017;SM-619270047-MA;UNI ANESTESIA;EQUIPAMENTO;GE HEALTHCARE;CARESTATION-620;GE HEALTHCARE DO BRASIL COMÉRCIO E SERVIÇOS PARA EQUIPAMENTOS MÉDICO-HOSPITALARES;146831,41;26/03/2020;;5305;29/09/2023;;NÃO;NÃO;SIM;NÃO;NÃO;NÃO;SIM;;;;;;;;;
HU-UFSCAR;HU;CC;CENTRO CIRÚRGICO;CC - SALA 02;501286;SM-619270046-MA;UNI ANESTESIA;EQUIPAMENTO;GE HEALTHCARE;CARESTATION-620;GE HEALTHCARE DO BRASIL COMÉRCIO E SERVIÇOS PARA EQUIPAMENTOS MÉDICO-HOSPITALARES;146831,41;26/03/2020;;5305;29/09/2023;;NÃO;NÃO;SIM;NÃO;NÃO;NÃO;SIM;;;;;;;;;
HU-UFSCAR;HU;CC;CENTRO CIRÚRGICO;CC- SALA 03;501130/CC0020;SM-619270051-MA;UNI ANESTESIA;EQUIPAMENTO;GE HEALTHCARE;CARESTATION-620;GE HEALTHCARE DO BRASIL COMÉRCIO E SERVIÇOS PARA EQUIPAMENTOS MÉDICO-HOSPITALARES;146831,41;26/03/2020;;5305;29/09/2023;;NÃO;NÃO;SIM;NÃO;NÃO;NÃO;SIM;;;;;;;;;
HU-UFSCAR;HU;CC;CENTRO CIRÚRGICO;CC - SALA 04;PREF-ANES-001/CC0031;SM-619270048-MA;UNI ANESTESIA;EQUIPAMENTO;GE HEALTHCARE;CARESTATION-620;GE HEALTHCARE DO BRASIL COMÉRCIO E SERVIÇOS PARA EQUIPAMENTOS MÉDICO-HOSPITALARES;146831,41;26/03/2020;;5305;29/09/2023;;NÃO;NÃO;SIM;NÃO;NÃO;NÃO;SIM;;;;;;;;;
HU-UFSCAR;HU;CC;CENTRO CIRÚRGICO;SALA 4 CENTRO CIRURGICO;10022234;ASTL-0468;UNI ANESTESIA;EQUIPAMENTO;DRAGER;ATLAN A-300;DRAGER INDUSTRIA E COMERCIO LTDA;152473,42;01/04/2025;23763.000558/2025-25;105903;01/04/2028;;NÃO;NÃO;SIM;NÃO;NÃO;NÃO;SIM;" ANEXO 2024NE001631 - DRAGER (45662158) 

";;;;;;;;
HU-UFSCAR;HU;ENDO;ENDOSCOPIA;RPA ENDOSCOPIA;497743;3292;UNI ANESTESIA;EQUIPAMENTO;K TAKAOKA;FUJI MAXIMUS;CIRÚRGICA ÁVILA COMÉRCIO EQUIPAMENTOS HOSPITALARES;112000;03/01/2007;;4293;03/01/2008;21/01/2026;SIM;SIM;NÃO;NÃO;NÃO;NÃO;SIM;;;;;;;19 ANOS, 18 DIAS;;
HU-UFSCAR;HU;ENDO;ENDOSCOPIA;SALA DE ENDOSCOPIA;500049/0010018011/UDIDE0029;KT-9C003456;UNI ANESTESIA;EQUIPAMENTO;MINDRAY;WATO EX-65;VITACARE REPRESENTAÇÕES LTDA;144711;03/04/2020;;10269;03/04/2023;;NÃO;NÃO;SIM;NÃO;NÃO;NÃO;SIM;;;;;;;;;
HU-UFSCAR;HU;STEC;SETOR DE ENGENHARIA CLÍNICA;3 ANDAR;PREF-COA-001;EAB0001010;UNI COAGULACAO ARGONIO;EQUIPAMENTO;WEM;ARGON-4;HCENTER COMERCIO DE PRODUTOS HOSPITALARES EIRELI;24000;14/01/2020;;15577;14/01/2021;;NÃO;NÃO;SIM;NÃO;NÃO;NÃO;SIM;;;;;;;;;
HU-UFSCAR;HU;CME;CENTRAL DE MATERIAIS ESTERILIZADOS;CME - ÁREA LIMPA;10020922/CME0009;5046220204;UNI ESTERILIZACAO PLASMA;EQUIPAMENTO;ASP;STERRAD-100-NX;ADVANCED STERILIZATION PRODUCTS DISTRIBUICAO E COMERCIO DE PRODUTOS PARASAUDE LTDA;560332,95;04/01/2023;;29597;19/04/2026;;NÃO;NÃO;SIM;NÃO;NÃO;NÃO;SIM;;;;;;;;;
HU-UFSCAR;HU;UNEF;UNIDADE DE NEFROLOGIA;;10019272/499762;2SXAE974;UNI HEMODIALISE;EQUIPAMENTO;FRESENIUS KABI;4008-S V-10;MEDSYSTEM EQUIPAMENTOS MEDICOS LTDA;37000;13/05/2020;;*;13/05/2021;;NÃO;NÃO;SIM;NÃO;SIM;SIM;SIM;;;;;;;;;
HU-UFSCAR;HU;UNEF;UNIDADE DE NEFROLOGIA;;10022690;293286;UNI HEMODIALISE;EQUIPAMENTO;BBRAUN;DIALOG +;LABORATÓRIOS B. BRAUN S.A;71543,66;19/02/2026;23763.002435/2026-18;1048997;19/02/2029;;NÃO;NÃO;SIM;NÃO;NÃO;NÃO;SIM;NOTA DE EMPENHO 2025NE001563 - B BRAUN (55142306);;;;;;;;
HU-UFSCAR;HU;UNEF;UNIDADE DE NEFROLOGIA;;10022691;293287;UNI HEMODIALISE;EQUIPAMENTO;BBRAUN;DIALOG +;LABORATÓRIOS B. BRAUN S.A;71543,66;19/02/2026;23763.002435/2026-18;1048997;19/02/2029;;NÃO;NÃO;SIM;NÃO;NÃO;NÃO;SIM;NOTA DE EMPENHO 2025NE001563 - B BRAUN (55142306);;;;;;;;
HU-UFSCAR;HU;UNEF;UNIDADE DE NEFROLOGIA;;10022692;293302;UNI HEMODIALISE;EQUIPAMENTO;BBRAUN;DIALOG +;LABORATÓRIOS B. BRAUN S.A;71543,66;19/02/2026;23763.002435/2026-18;1048997;19/02/2029;;NÃO;NÃO;SIM;NÃO;NÃO;NÃO;SIM;NOTA DE EMPENHO 2025NE001563 - B BRAUN (55142306);;;;;;;;
HU-UFSCAR;HU;UNEF;UNIDADE DE NEFROLOGIA;;10022693;293304;UNI HEMODIALISE;EQUIPAMENTO;BBRAUN;DIALOG +;LABORATÓRIOS B. BRAUN S.A;71543,66;19/02/2026;23763.002435/2026-18;1048997;19/02/2029;;NÃO;NÃO;SIM;NÃO;NÃO;NÃO;SIM;NOTA DE EMPENHO 2025NE001563 - B BRAUN (55142306);;;;;;;;
HU-UFSCAR;HU;UNEF;UNIDADE DE NEFROLOGIA;;10022694;293306;UNI HEMODIALISE;EQUIPAMENTO;BBRAUN;DIALOG +;LABORATÓRIOS B. BRAUN S.A;71543,66;19/02/2026;23763.002435/2026-18;1048997;19/02/2029;;NÃO;NÃO;SIM;NÃO;NÃO;NÃO;SIM;NOTA DE EMPENHO 2025NE001563 - B BRAUN (55142306);;;;;;;;
HU-UFSCAR;HU;UNEF;UNIDADE DE NEFROLOGIA;;10022695;293410;UNI HEMODIALISE;EQUIPAMENTO;BBRAUN;DIALOG +;LABORATÓRIOS B. BRAUN S.A;71543,66;19/02/2026;23763.002435/2026-18;1048997;19/02/2029;;NÃO;NÃO;SIM;NÃO;NÃO;NÃO;SIM;NOTA DE EMPENHO 2025NE001563 - B BRAUN (55142306);;;;;;;;
HU-UFSCAR;HU;UNEF;UNIDADE DE NEFROLOGIA;;10022696;294072;UNI HEMODIALISE;EQUIPAMENTO;BBRAUN;DIALOG +;LABORATÓRIOS B. BRAUN S.A;71543,66;19/02/2026;23763.002435/2026-18;1048997;19/02/2029;;NÃO;NÃO;SIM;NÃO;NÃO;NÃO;SIM;NOTA DE EMPENHO 2025NE001563 - B BRAUN (55142306);;;;;;;;
HU-UFSCAR;HU;UNEF;UNIDADE DE NEFROLOGIA;;10022697;294073;UNI HEMODIALISE;EQUIPAMENTO;BBRAUN;DIALOG +;LABORATÓRIOS B. BRAUN S.A;71543,66;19/02/2026;23763.002435/2026-18;1048997;19/02/2029;;NÃO;NÃO;SIM;NÃO;NÃO;NÃO;SIM;NOTA DE EMPENHO 2025NE001563 - B BRAUN (55142306);;;;;;;;
HU-UFSCAR;HU;UNEF;UNIDADE DE NEFROLOGIA;;10022698;294074;UNI HEMODIALISE;EQUIPAMENTO;BBRAUN;DIALOG +;LABORATÓRIOS B. BRAUN S.A;71543,66;19/02/2026;23763.002435/2026-18;1048997;19/02/2029;;NÃO;NÃO;SIM;NÃO;NÃO;NÃO;SIM;NOTA DE EMPENHO 2025NE001563 - B BRAUN (55142306);;;;;;;;
HU-UFSCAR;HU;UNEF;UNIDADE DE NEFROLOGIA;;10022699;294075;UNI HEMODIALISE;EQUIPAMENTO;BBRAUN;DIALOG +;LABORATÓRIOS B. BRAUN S.A;71543,66;19/02/2026;23763.002435/2026-18;1048997;19/02/2029;;NÃO;NÃO;SIM;NÃO;NÃO;NÃO;SIM;NOTA DE EMPENHO 2025NE001563 - B BRAUN (55142306);;;;;;;;
HU-UFSCAR;HU;UNEF;UNIDADE DE NEFROLOGIA;;10022700;294076;UNI HEMODIALISE;EQUIPAMENTO;BBRAUN;DIALOG +;LABORATÓRIOS B. BRAUN S.A;71543,66;19/02/2026;23763.002435/2026-18;1048997;19/02/2029;;NÃO;NÃO;SIM;NÃO;NÃO;NÃO;SIM;NOTA DE EMPENHO 2025NE001563 - B BRAUN (55142306);;;;;;;;
HU-UFSCAR;HU;UNEF;UNIDADE DE NEFROLOGIA;;10022701;294077;UNI HEMODIALISE;EQUIPAMENTO;BBRAUN;DIALOG +;LABORATÓRIOS B. BRAUN S.A;71543,66;19/02/2026;23763.002435/2026-18;1048997;19/02/2029;;NÃO;NÃO;SIM;NÃO;NÃO;NÃO;SIM;NOTA DE EMPENHO 2025NE001563 - B BRAUN (55142306);;;;;;;;
HU-UFSCAR;HU;UNEF;UNIDADE DE NEFROLOGIA;;10022726;293285;UNI HEMODIALISE;EQUIPAMENTO;BBRAUN;DIALOG +;LABORATÓRIOS B. BRAUN S.A;71543,66;07/04/2026;23763.002443/2026-56;1059440;07/04/2029;;NÃO;NÃO;SIM;NÃO;NÃO;NÃO;SIM;NOTA DE EMPENHO 2025NE001563 - REFORÇO B BRAUN (55603352);;;;;;;;
HU-UFSCAR;HU;UNEF;UNIDADE DE NEFROLOGIA;;501202/0001;21-J-23219-P;UNI HEMODIALISE;EQUIPAMENTO;NIPRO;DIAMAX;NIPRO MEDICAL CORPORATION PRODUTOS MÉDICOS LTDA;62000;25/03/2021;;112415;28/04/2022;;NÃO;NÃO;SIM;NÃO;SIM;SIM;SIM;;;;;;;;;
HU-UFSCAR;HU;UNEF;UNIDADE DE NEFROLOGIA;;501268/0002;21-J-23220-P;UNI HEMODIALISE;EQUIPAMENTO;NIPRO;DIAMAX;NIPRO MEDICAL CORPORATION PRODUTOS MÉDICOS LTDA;62000;25/03/2021;;112415;28/04/2022;;NÃO;NÃO;SIM;NÃO;SIM;SIM;SIM;;;;;;;;;
HU-UFSCAR;HU;UNEF;UNIDADE DE NEFROLOGIA;SALÃO HEMODIÁLISE;10022725;293281;UNI HEMODIALISE;EQUIPAMENTO;BBRAUN;DIALOG +;LABORATÓRIOS B. BRAUN S.A;71543,66;07/04/2026;23763.002443/2026-56;1059440;07/04/2029;;NÃO;NÃO;SIM;NÃO;NÃO;NÃO;SIM;NOTA DE EMPENHO 2025NE001563 - REFORÇO B BRAUN (55603352);;;;;;;;
HU-UFSCAR;HU;UTIA;UTI ADULTO_INATIVO;UTI;PREF-HEMO-003;9VCAPB15;UNI HEMODIALISE;EQUIPAMENTO;FRESENIUS KABI;4008-S V-10;MEDSYSTEM EQUIPAMENTOS MEDICOS LTDA;37000;09/08/2020;;*;09/08/2021;;SIM;NÃO;NÃO;NÃO;NÃO;NÃO;SIM;;;;;;;;;
HU-UFSCAR;HU;SFHC;FARMÁCIA HOSPITALAR CENTRAL;FRACIONAMENTO;501422/UFCD0001;MUE0161529;UNITARIZADOR MEDICAMENTO PROGRAMAVEL;EQUIPAMENTO;OPUSPAC;OPUS-30-X;OPUSPAC INDUSTRIA E COMERCIO DE MAQUINAS LTDA;190000;18/07/2019;;19697;18/07/2021;;NÃO;NÃO;SIM;NÃO;NÃO;NÃO;SIM;;;;;;;;;
HU-UFSCAR;HU;CC;CENTRO CIRÚRGICO;CC;7817918;DKJ57631610;VAPORIZADOR UNI ANESTESIA;EQUIPAMENTO;MINDRAY;V-60-SEVO;HOSPCOM EQUIPAMENTOS HOSPITALARES LTDA;5600;26/02/2026;23763.001410/2026-99;51601;26/02/2029;;NÃO;NÃO;SIM;NÃO;NÃO;NÃO;SIM;"ORDEM DE SERVIÇO OU DE FORNECIMENTO DE BENS - SEI 32 (57136552)

NOTA DE EMPENHO 2025NE000584 (SEI Nº 55741096)

NOTA DE EMPENHO 2025NE000585 (SEI Nº 55741117)";;;;;;;;
HU-UFSCAR;HU;CC;CENTRO CIRÚRGICO;CC;7817919;DKJ57631614;VAPORIZADOR UNI ANESTESIA;EQUIPAMENTO;MINDRAY;V-60-SEVO;HOSPCOM EQUIPAMENTOS HOSPITALARES LTDA;5600;26/02/2026;23763.001410/2026-99;51601;26/02/2029;;NÃO;NÃO;SIM;NÃO;NÃO;NÃO;SIM;"ORDEM DE SERVIÇO OU DE FORNECIMENTO DE BENS - SEI 32 (57136552)

NOTA DE EMPENHO 2025NE000584 (SEI Nº 55741096)

NOTA DE EMPENHO 2025NE000585 (SEI Nº 55741117)";;;;;;;;
HU-UFSCAR;HU;CC;CENTRO CIRÚRGICO;CC- SALA 02;PREF-VAP-003;SQBY-06413;VAPORIZADOR UNI ANESTESIA;ACESSÓRIO;GE HEALTHCARE;TEC-850;GE HEALTHCARE DO BRASIL COMÉRCIO E SERVIÇOS PARA EQUIPAMENTOS MÉDICO-HOSPITALARES;3167,59;26/03/2020;;5305;29/09/2023;;NÃO;NÃO;SIM;NÃO;NÃO;NÃO;SIM;;;;;;;;;
HU-UFSCAR;HU;CC;CENTRO CIRÚRGICO;CC-SALA 03;PREF-VAP-004;SQBY-06569;VAPORIZADOR UNI ANESTESIA;EQUIPAMENTO;GE HEALTHCARE;TEC-850;GE HEALTHCARE DO BRASIL COMÉRCIO E SERVIÇOS PARA EQUIPAMENTOS MÉDICO-HOSPITALARES;3167,59;26/03/2020;;5305;29/09/2023;;NÃO;NÃO;SIM;NÃO;NÃO;NÃO;SIM;;;;;;;;;
HU-UFSCAR;HU;CC;CENTRO CIRÚRGICO;CC- SALA 04;PREF-VAP-001;SQBY-06415;VAPORIZADOR UNI ANESTESIA;ACESSÓRIO;GE HEALTHCARE;TEC-850;GE HEALTHCARE DO BRASIL COMÉRCIO E SERVIÇOS PARA EQUIPAMENTOS MÉDICO-HOSPITALARES;3167,59;26/03/2020;;5305;29/09/2023;;NÃO;NÃO;SIM;NÃO;NÃO;NÃO;SIM;;;;;;;;;
HU-UFSCAR;HU;CC;CENTRO CIRÚRGICO;CC - SALA 05;PREF-VAP-002;SQBY-06433;VAPORIZADOR UNI ANESTESIA;ACESSÓRIO;GE HEALTHCARE;TEC-850;GE HEALTHCARE DO BRASIL COMÉRCIO E SERVIÇOS PARA EQUIPAMENTOS MÉDICO-HOSPITALARES;3167,59;26/03/2020;;5305;29/09/2023;;NÃO;NÃO;SIM;NÃO;NÃO;NÃO;SIM;;;;;;;;;
HU-UFSCAR;HU;STEC;SETOR DE ENGENHARIA CLÍNICA;SALA DISTRIBUIÇÃO;;DKJ3B468376;VAPORIZADOR UNI ANESTESIA;EQUIPAMENTO;MINDRAY;V-60;HOSPCOM EQUIPAMENTOS HOSPITALARES LTDA;5600;26/03/2026;23763.002154/2026-57;51091;26/03/2027;;NÃO;NÃO;SIM;NÃO;NÃO;NÃO;SIM;NOTA DE EMPENHO 2025NE001920 - HOSPCOM (56806519);;;;;;;;
HU-UFSCAR;HU;PAA;PA ADULTO;;0010022163;B3C24803052;VENTILADOR BIPAP/CPAP;EQUIPAMENTO;BMC;G-3-B-30-VT;ABSOLUTA SAUDE IMP. EXP. E COMERCIO DE PRODUT;5498,98;15/01/2025;;16917;15/01/2026;;NÃO;NÃO;SIM;NÃO;NÃO;NÃO;SIM;;;;;;;;;
HU-UFSCAR;HU;PAA;PA ADULTO;;0010022164;B3C24803055;VENTILADOR BIPAP/CPAP;EQUIPAMENTO;BMC;G-3-B-30-VT;ABSOLUTA SAUDE IMP. EXP. E COMERCIO DE PRODUT;5498,98;15/01/2025;;16917;15/01/2026;;NÃO;NÃO;SIM;NÃO;NÃO;NÃO;SIM;;;;;;;;;
HU-UFSCAR;HU;UCMC;CLÍNICA MÉDICA E CIRÚRGICA;;0010022134/UCM0048;B3C24425015;VENTILADOR BIPAP/CPAP;EQUIPAMENTO;BMC;G-3-B-30-VT;BAUMER SA;0;01/12/2022;;0;01/12/2023;;NÃO;NÃO;SIM;NÃO;NÃO;NÃO;SIM;;;;;;;;;
HU-UFSCAR;HU;UCMC;CLÍNICA MÉDICA E CIRÚRGICA;;0010022135/UCM0047;B3C24425030;VENTILADOR BIPAP/CPAP;EQUIPAMENTO;BMC;G-3-B-30-VT;BAUMER SA;0;01/12/2022;;0;01/12/2023;;NÃO;NÃO;SIM;NÃO;NÃO;NÃO;SIM;;;;;;;;;
HU-UFSCAR;HU;UCMC;CLÍNICA MÉDICA E CIRÚRGICA;POSTO DE ENFERMAGEM CLÍNICA MÉDICA;10020592;B3C21B04289;VENTILADOR BIPAP/CPAP;EQUIPAMENTO;BMC;G-3-B-30-VT;LUMIAR HEALTH BUILDERS EQUIPAMENTOS HOSPITALARES LTDA;6000;13/12/2022;;651941;13/12/2023;;NÃO;NÃO;SIM;NÃO;NÃO;NÃO;SIM;;;;;;;;;
HU-UFSCAR;HU;UCMC;CLÍNICA MÉDICA E CIRÚRGICA;SALA MULTIPROFISSIONAL;10020591;B3C21B04162;VENTILADOR BIPAP/CPAP;EQUIPAMENTO;BMC;G-3-B-30-VT;LUMIAR HEALTH BUILDERS EQUIPAMENTOS HOSPITALARES LTDA;6000;13/12/2022;;651941;13/12/2023;;NÃO;NÃO;SIM;NÃO;NÃO;NÃO;SIM;;;;;;;;;
HU-UFSCAR;HU;UTIA;UTI ADULTO;;0010022133/UTIA0050;B3C24425027;VENTILADOR BIPAP/CPAP;EQUIPAMENTO;BMC;G-3-B-30-VT;BAUMER SA;0;01/12/2022;;0;01/12/2023;;NÃO;NÃO;SIM;NÃO;NÃO;NÃO;SIM;;;;;;;;;
HU-UFSCAR;HU;UTIA;UTI ADULTO;;0010022136/UTIA0049;B3C24425018;VENTILADOR BIPAP/CPAP;EQUIPAMENTO;BMC;G-3-B-30-VT;BAUMER SA;0;01/12/2022;;0;01/12/2023;;NÃO;NÃO;SIM;NÃO;NÃO;NÃO;SIM;;;;;;;;;
HU-UFSCAR;HU;UTIPED;UTI PEDIÁTRICA;;10022477;H373066868B17;VENTILADOR BIPAP/CPAP;EQUIPAMENTO;PHILIPS-RESPIRONICS;TRILOGY EVO;ZANATTA EQUIPAMENTOS MEDICOS LTDA;65010;19/01/2026;23763.006880/2025-68;6251;19/01/2029;;NÃO;NÃO;SIM;NÃO;NÃO;NÃO;SIM;;;;;;;;;
HU-UFSCAR;HU;UTIPED;UTI PEDIÁTRICA;;10022478;H37306693C562;VENTILADOR BIPAP/CPAP;EQUIPAMENTO;PHILIPS-RESPIRONICS;TRILOGY EVO;ZANATTA EQUIPAMENTOS MEDICOS LTDA;65010;19/01/2026;23763.006880/2025-68;6251;19/01/2029;;NÃO;NÃO;SIM;NÃO;NÃO;NÃO;SIM;;;;;;;;;
HU-UFSCAR;HU;PAA;PA ADULTO;SALA VERMELHA PA;10020092/500588/PA0011;76600;VENTILADOR TRANSPORTE;EQUIPAMENTO;MAGNAMED;OXYMAG;MAGNAMED TECNOLOGIA MEDICA S A;46500;16/12/2021;;16688;11/02/2025;;NÃO;NÃO;SIM;NÃO;NÃO;NÃO;SIM;;;;;;;;;
HU-UFSCAR;HU;STEC;SETOR DE ENGENHARIA CLÍNICA;3 ANDAR;;C8006;VENTILADOR TRANSPORTE;EQUIPAMENTO;LEISTUNG;PR-4-G;TESTE/ AGUARDANDO CADASTRO DE FORNECEDOR;5833,33;15/04/2008;;975;15/04/2009;21/01/2026;SIM;SIM;NÃO;NÃO;NÃO;NÃO;SIM;AVALIAR EQUIPAMENTO PARA DESFAZIMENTO;;;;;;17 ANOS, 9 MESES E 6 DIAS;;
HU-UFSCAR;HU;STEC;SETOR DE ENGENHARIA CLÍNICA;3 ANDAR;;C8008;VENTILADOR TRANSPORTE;EQUIPAMENTO;LEISTUNG;PR-4-G;TESTE/ AGUARDANDO CADASTRO DE FORNECEDOR;5833,33;15/04/2008;;975;15/04/2009;21/01/2026;SIM;SIM;NÃO;NÃO;NÃO;NÃO;SIM;AVALIAR EQUIPAMENTO PARA DESFAZIMENTO;;;;;;17 ANOS, 9 MESES E 6 DIAS;;
HU-UFSCAR;HU;UTIA;UTI ADULTO;UTI ADULTO;500235/UTIA0012;14478;VENTILADOR TRANSPORTE;EQUIPAMENTO;MAGNAMED;OXYMAG;MAGNAMED TECNOLOGIA MEDICA S A;29500;09/10/2020;;12406;09/10/2023;;NÃO;NÃO;SIM;NÃO;NÃO;NÃO;SIM;;;;;;;;;
HU-UFSCAR;HU;UTIA;UTI ADULTO;UTI ADULTO;501488;14785;VENTILADOR TRANSPORTE;EQUIPAMENTO;MAGNAMED;OXYMAG;MAGNAMED TECNOLOGIA MEDICA S A;29500;09/10/2020;;12406;09/10/2023;;NÃO;NÃO;SIM;NÃO;NÃO;NÃO;SIM;;;;;;;;;
HU-UFSCAR;HU;CC;CENTRO CIRÚRGICO;CENTRO CIRURGICO;497628/CC0040;IP5-2006-11-01981;VENTILADOR UTI;EQUIPAMENTO;INTERMED;INTER-5-PLUS;A C PON LAU COMERCIO DE EQUIPAMENTOS ELETRO-ELETRONICOS;33318,65;22/12/2006;;61942;21/12/2007;;NÃO;NÃO;SIM;NÃO;NÃO;NÃO;SIM;;;;;;;;;
HU-UFSCAR;HU;PAA;PA ADULTO;;497990/PA0008;IP5-2006-10-01956;VENTILADOR UTI;EQUIPAMENTO;INTERMED;INTER-5-PLUS;A C PON LAU COMERCIO DE EQUIPAMENTOS ELETRO-ELETRONICOS;33318,65;22/12/2006;;61942;21/12/2007;;NÃO;NÃO;SIM;NÃO;NÃO;NÃO;SIM;;;;;;;;;
HU-UFSCAR;HU;PAA;PA ADULTO;;PA0037/10022410;GB-52088001;VENTILADOR UTI;EQUIPAMENTO;MINDRAY;SV-300;MHEDICA SERVICE COMERCIO E MANUTENCAO LTDA;50928,23;27/05/2025;23763.002742/2025-18;53489;27/05/2028;;NÃO;NÃO;SIM;NÃO;NÃO;NÃO;SIM;"ANEXO 2024NE001621 - MHEDICA SERVICE (45648077)

EMPRESTADO UUE

";;;;;;;;
HU-UFSCAR;HU;PAA;PA ADULTO;PRONTO ATENDIMENTO ADULTO;501403/PA0034;190440081083A2V;VENTILADOR UTI;EQUIPAMENTO;TECME;GRAPHNET TS+;LIFEMED INDUSTRIAL DE EQUIPAMENTOS E ARTIGOS MEDICOS E HOSPITALARES S.A.;63635;31/05/2019;;79690;26/08/2021;;NÃO;NÃO;SIM;NÃO;NÃO;NÃO;SIM;;;;;;;;;
HU-UFSCAR;HU;PAA;PA ADULTO;UTI ADULTO;501164;190440111083A2V;VENTILADOR UTI;EQUIPAMENTO;TECME;GRAPHNET TS+;LIFEMED INDUSTRIAL DE EQUIPAMENTOS E ARTIGOS MEDICOS E HOSPITALARES S.A.;65120;31/05/2019;;79690;23/03/2022;;NÃO;NÃO;SIM;NÃO;NÃO;NÃO;SIM;;;;;;;;;
HU-UFSCAR;HU;PAI;PA INFANTIL;P.A INFANTIL ;501402/UCA0005;190440151083A2V;VENTILADOR UTI;EQUIPAMENTO;TECME;GRAPHNET TS+;LIFEMED INDUSTRIAL DE EQUIPAMENTOS E ARTIGOS MEDICOS E HOSPITALARES S.A.;63635;31/05/2019;;79690;23/03/2022;;NÃO;NÃO;SIM;NÃO;NÃO;NÃO;SIM;;;;;;;;;
HU-UFSCAR;HU;PAI;PA INFANTIL;PA INFANTIL ;PREF-VENT-012/UCA0009;190440101083A2V;VENTILADOR UTI;EQUIPAMENTO;TECME;GRAPHNET TS+;LIFEMED INDUSTRIAL DE EQUIPAMENTOS E ARTIGOS MEDICOS E HOSPITALARES S.A.;65120;31/05/2019;;79690;23/03/2022;;NÃO;NÃO;SIM;NÃO;NÃO;NÃO;SIM;;;;;;;;;
HU-UFSCAR;HU;SEGE;SETOR DE GESTÃO DO ENSINO;;7817927;GB-58091676;VENTILADOR UTI;EQUIPAMENTO;MINDRAY;SV-300;HOSPCOM EQUIPAMENTOS HOSPITALARES LTDA;64800;26/02/2026;23763.001410/2026-99;51601;26/02/2029;;NÃO;NÃO;SIM;NÃO;NÃO;NÃO;SIM;"ORDEM DE SERVIÇO OU DE FORNECIMENTO DE BENS - SEI 32 (57136552)

NOTA DE EMPENHO 2025NE000584 (SEI Nº 55741096)

NOTA DE EMPENHO 2025NE000585 (SEI Nº 55741117)";;;;;;;;
HU-UFSCAR;HU;STEC;SETOR DE ENGENHARIA CLÍNICA;SALA DISTRIBUIÇÃO;10022712;GB-5C094374;VENTILADOR UTI;EQUIPAMENTO;MINDRAY;SV-300;HOSPCOM EQUIPAMENTOS HOSPITALARES LTDA;64800;09/04/2026;23763.002152/2026-68;53065;09/04/2029;;NÃO;NÃO;SIM;NÃO;NÃO;NÃO;SIM;NOTA DE EMPENHO 2025NE001729 - HOSPCOM (55387881);;;;;;;;
HU-UFSCAR;HU;STEC;SETOR DE ENGENHARIA CLÍNICA;SALA UCO;7817920;GB-58091285;VENTILADOR UTI;EQUIPAMENTO;MINDRAY;SV-300;HOSPCOM EQUIPAMENTOS HOSPITALARES LTDA;64800;26/02/2026;23763.001410/2026-99;51601;26/02/2029;;NÃO;NÃO;SIM;NÃO;NÃO;NÃO;SIM;"ORDEM DE SERVIÇO OU DE FORNECIMENTO DE BENS - SEI 32 (57136552)

NOTA DE EMPENHO 2025NE000584 (SEI Nº 55741096)

NOTA DE EMPENHO 2025NE000585 (SEI Nº 55741117)";;;;;;;;
HU-UFSCAR;HU;STEC;SETOR DE ENGENHARIA CLÍNICA;SALA UCO;7817921;GB-58091294;VENTILADOR UTI;EQUIPAMENTO;MINDRAY;SV-300;HOSPCOM EQUIPAMENTOS HOSPITALARES LTDA;64800;26/02/2026;23763.001410/2026-99;51601;26/02/2029;;NÃO;NÃO;SIM;NÃO;NÃO;NÃO;SIM;"ORDEM DE SERVIÇO OU DE FORNECIMENTO DE BENS - SEI 32 (57136552)

NOTA DE EMPENHO 2025NE000584 (SEI Nº 55741096)

NOTA DE EMPENHO 2025NE000585 (SEI Nº 55741117)";;;;;;;;
HU-UFSCAR;HU;STEC;SETOR DE ENGENHARIA CLÍNICA;SALA UCO;7817922;GB-58091424;VENTILADOR UTI;EQUIPAMENTO;MINDRAY;SV-300;HOSPCOM EQUIPAMENTOS HOSPITALARES LTDA;64800;26/02/2026;23763.001410/2026-99;51601;26/02/2029;;NÃO;NÃO;SIM;NÃO;NÃO;NÃO;SIM;"ORDEM DE SERVIÇO OU DE FORNECIMENTO DE BENS - SEI 32 (57136552)

NOTA DE EMPENHO 2025NE000584 (SEI Nº 55741096)

NOTA DE EMPENHO 2025NE000585 (SEI Nº 55741117)";;;;;;;;
HU-UFSCAR;HU;STEC;SETOR DE ENGENHARIA CLÍNICA;SALA UCO;7817923;GB-58091429;VENTILADOR UTI;EQUIPAMENTO;MINDRAY;SV-300;HOSPCOM EQUIPAMENTOS HOSPITALARES LTDA;64800;26/02/2026;23763.001410/2026-99;51601;26/02/2029;;NÃO;NÃO;SIM;NÃO;NÃO;NÃO;SIM;"ORDEM DE SERVIÇO OU DE FORNECIMENTO DE BENS - SEI 32 (57136552)

NOTA DE EMPENHO 2025NE000584 (SEI Nº 55741096)

NOTA DE EMPENHO 2025NE000585 (SEI Nº 55741117)";;;;;;;;
HU-UFSCAR;HU;STEC;SETOR DE ENGENHARIA CLÍNICA;SALA UCO;7817924;GB-58091451;VENTILADOR UTI;EQUIPAMENTO;MINDRAY;SV-300;HOSPCOM EQUIPAMENTOS HOSPITALARES LTDA;64800;26/02/2026;23763.001410/2026-99;51601;26/02/2029;;NÃO;NÃO;SIM;NÃO;NÃO;NÃO;SIM;"ORDEM DE SERVIÇO OU DE FORNECIMENTO DE BENS - SEI 32 (57136552)

NOTA DE EMPENHO 2025NE000584 (SEI Nº 55741096)

NOTA DE EMPENHO 2025NE000585 (SEI Nº 55741117)";;;;;;;;
HU-UFSCAR;HU;STEC;SETOR DE ENGENHARIA CLÍNICA;SALA UCO;7817925;GB-58091464;VENTILADOR UTI;EQUIPAMENTO;MINDRAY;SV-300;HOSPCOM EQUIPAMENTOS HOSPITALARES LTDA;64800;26/02/2026;23763.001410/2026-99;51601;26/02/2029;;NÃO;NÃO;SIM;NÃO;NÃO;NÃO;SIM;"ORDEM DE SERVIÇO OU DE FORNECIMENTO DE BENS - SEI 32 (57136552)

NOTA DE EMPENHO 2025NE000584 (SEI Nº 55741096)

NOTA DE EMPENHO 2025NE000585 (SEI Nº 55741117)";;;;;;;;
HU-UFSCAR;HU;STEC;SETOR DE ENGENHARIA CLÍNICA;SALA UCO;7817926;GB-58091644;VENTILADOR UTI;EQUIPAMENTO;MINDRAY;SV-300;HOSPCOM EQUIPAMENTOS HOSPITALARES LTDA;64800;26/02/2026;23763.001410/2026-99;51601;26/02/2029;;NÃO;NÃO;SIM;NÃO;NÃO;NÃO;SIM;"ORDEM DE SERVIÇO OU DE FORNECIMENTO DE BENS - SEI 32 (57136552)

NOTA DE EMPENHO 2025NE000584 (SEI Nº 55741096)

NOTA DE EMPENHO 2025NE000585 (SEI Nº 55741117)";;;;;;;;
HU-UFSCAR;HU;STEC;SETOR DE ENGENHARIA CLÍNICA;SALA UCO;7817928;GB-58091679;VENTILADOR UTI;EQUIPAMENTO;MINDRAY;SV-300;HOSPCOM EQUIPAMENTOS HOSPITALARES LTDA;64800;26/02/2026;23763.001410/2026-99;51601;26/02/2029;;NÃO;NÃO;SIM;NÃO;NÃO;NÃO;SIM;"ORDEM DE SERVIÇO OU DE FORNECIMENTO DE BENS - SEI 32 (57136552)

NOTA DE EMPENHO 2025NE000584 (SEI Nº 55741096)

NOTA DE EMPENHO 2025NE000585 (SEI Nº 55741117)";;;;;;;;
HU-UFSCAR;HU;STEC;SETOR DE ENGENHARIA CLÍNICA;SALA UCO;7817929;GB-58091690;VENTILADOR UTI;EQUIPAMENTO;MINDRAY;SV-300;HOSPCOM EQUIPAMENTOS HOSPITALARES LTDA;64800;26/02/2026;23763.001410/2026-99;51601;26/02/2029;;NÃO;NÃO;SIM;NÃO;NÃO;NÃO;SIM;"ORDEM DE SERVIÇO OU DE FORNECIMENTO DE BENS - SEI 32 (57136552)

NOTA DE EMPENHO 2025NE000584 (SEI Nº 55741096)

NOTA DE EMPENHO 2025NE000585 (SEI Nº 55741117)";;;;;;;;
HU-UFSCAR;HU;UCMC;CLÍNICA MÉDICA E CIRÚRGICA;CLÍNICA MÉDICA;497621;IP5-2006-11-02014;VENTILADOR UTI;EQUIPAMENTO;INTERMED;INTER-5-PLUS;A C PON LAU COMERCIO DE EQUIPAMENTOS ELETRO-ELETRONICOS;33318,65;22/12/2006;;61942;21/12/2007;21/11/2024;SIM;SIM;NÃO;NÃO;NÃO;NÃO;SIM;;;;;;;17 ANOS, 10 MESES E 30 DIAS;;
HU-UFSCAR;HU;UCMC;CLÍNICA MÉDICA E CIRÚRGICA;CLÍNICA MÉDICA;497622;IP5-2006-08-01909;VENTILADOR UTI;EQUIPAMENTO;INTERMED;INTER-5-PLUS;A C PON LAU COMERCIO DE EQUIPAMENTOS ELETRO-ELETRONICOS;33318,65;22/12/2006;;61942;21/12/2007;;NÃO;NÃO;SIM;NÃO;NÃO;NÃO;SIM;;;;;;;;;
HU-UFSCAR;HU;UCMC;CLÍNICA MÉDICA E CIRÚRGICA;CLÍNICA MÉDICA;497630;IP5-2006-11-02011;VENTILADOR UTI;EQUIPAMENTO;INTERMED;INTER-5-PLUS;A C PON LAU COMERCIO DE EQUIPAMENTOS ELETRO-ELETRONICOS;33318,7;22/12/2006;;61942;21/12/2007;;NÃO;NÃO;SIM;NÃO;NÃO;NÃO;SIM;;;;;;;;;
HU-UFSCAR;HU;UTIA;UTI ADULTO;;0010022140/UTIA0055;GB-46083118;VENTILADOR UTI;EQUIPAMENTO;MINDRAY;SV-300;MHEDICA SERVICE COMERCIO E MANUTENCAO LTDA;54059,526;04/10/2024;;48634;04/10/2025;;NÃO;NÃO;SIM;NÃO;NÃO;NÃO;SIM;;;;;;;;;
HU-UFSCAR;HU;UTIA;UTI ADULTO;;0010022141/UTIA0054;GB-33073845;VENTILADOR UTI;EQUIPAMENTO;MINDRAY;SV-300;MHEDICA SERVICE COMERCIO E MANUTENCAO LTDA;53696,54;04/10/2024;;48635;04/10/2025;;NÃO;NÃO;SIM;NÃO;NÃO;NÃO;SIM;;;;;;;;;
HU-UFSCAR;HU;UTIA;UTI ADULTO;;0010022142/UTIA0053;GB-33073855;VENTILADOR UTI;EQUIPAMENTO;MINDRAY;SV-300;MHEDICA SERVICE COMERCIO E MANUTENCAO LTDA;54059,53;04/10/2024;;48634;04/10/2025;;NÃO;NÃO;SIM;NÃO;NÃO;NÃO;SIM;;;;;;;;;
HU-UFSCAR;HU;UTIA;UTI ADULTO;;0010022144/UTIA0052;GB-46083113;VENTILADOR UTI;EQUIPAMENTO;MINDRAY;SV-300;MHEDICA SERVICE COMERCIO E MANUTENCAO LTDA;54059,526;04/10/2024;;48634;04/10/2025;;NÃO;NÃO;SIM;NÃO;NÃO;NÃO;SIM;;;;;;;;;
HU-UFSCAR;HU;UTIA;UTI ADULTO;;10022143/UTIA0051;GB-33073862;VENTILADOR UTI;EQUIPAMENTO;MINDRAY;SV-300;MHEDICA SERVICE COMERCIO E MANUTENCAO LTDA;54059,526;04/10/2024;;48634;04/10/2025;;NÃO;NÃO;SIM;NÃO;NÃO;NÃO;SIM;;;;;;;;;
HU-UFSCAR;HU;UTIA;UTI ADULTO;;501267;190440061083A2V;VENTILADOR UTI;EQUIPAMENTO;TECME;GRAPHNET TS+;LIFEMED INDUSTRIAL DE EQUIPAMENTOS E ARTIGOS MEDICOS E HOSPITALARES S.A.;65120;31/05/2019;;79690;26/08/2021;;NÃO;NÃO;SIM;NÃO;NÃO;NÃO;SIM;;;;;;;;;
HU-UFSCAR;HU;UTIA;UTI ADULTO;ENG. CLINICA ;10022413;GB-52088022;VENTILADOR UTI;EQUIPAMENTO;MINDRAY;SV-300;MHEDICA SERVICE COMERCIO E MANUTENCAO LTDA;50928,23;09/06/2025;23763.002742/2025-18;53489;09/06/2028;;NÃO;NÃO;SIM;NÃO;NÃO;NÃO;SIM;"ANEXO 2024NE001621 - MHEDICA SERVICE (45648077)



EQUIPAMENTO EMPRESTADO UUE";;;;;;;;
HU-UFSCAR;HU;UTIA;UTI ADULTO;UTI;501493/UTIA0001;190440141083A2V;VENTILADOR UTI;EQUIPAMENTO;TECME;GRAPHNET TS+;LIFEMED INDUSTRIAL DE EQUIPAMENTOS E ARTIGOS MEDICOS E HOSPITALARES S.A.;63635;31/05/2019;;79690;23/03/2022;;NÃO;NÃO;SIM;NÃO;NÃO;NÃO;SIM;;;;;;;;;
HU-UFSCAR;HU;UTIA;UTI ADULTO;UTI ADULTO;10022412;GB-52088007;VENTILADOR UTI;EQUIPAMENTO;MINDRAY;SV-300;MHEDICA SERVICE COMERCIO E MANUTENCAO LTDA;50928,232;27/05/2025;23763.002742/2025-18;53489;27/05/2028;;NÃO;NÃO;SIM;NÃO;NÃO;NÃO;SIM;" ANEXO 2024NE001621 - MHEDICA SERVICE (45648077) 







";;;;;;;;
HU-UFSCAR;HU;UTIA;UTI ADULTO;UTI ADULTO;501489;190440091083A2V;VENTILADOR UTI;EQUIPAMENTO;TECME;GRAPHNET TS+;LIFEMED INDUSTRIAL DE EQUIPAMENTOS E ARTIGOS MEDICOS E HOSPITALARES S.A.;65120;31/05/2019;;79690;26/08/2021;;NÃO;NÃO;SIM;NÃO;NÃO;NÃO;SIM;;;;;;;;;
HU-UFSCAR;HU;UTIA;UTI ADULTO;UTI ADULTO;PREF-VENT-005/UTIA0033;190440071083A2V;VENTILADOR UTI;EQUIPAMENTO;TECME;GRAPHNET TS+;LIFEMED INDUSTRIAL DE EQUIPAMENTOS E ARTIGOS MEDICOS E HOSPITALARES S.A.;63635;31/05/2019;;79690;26/08/2021;;NÃO;NÃO;SIM;NÃO;NÃO;NÃO;SIM;;;;;;;;;
HU-UFSCAR;HU;UTIA;UTI ADULTO;UTI ADULTO;PREF-VENT-011;190440171083A2V;VENTILADOR UTI;EQUIPAMENTO;TECME;GRAPHNET TS+;LIFEMED INDUSTRIAL DE EQUIPAMENTOS E ARTIGOS MEDICOS E HOSPITALARES S.A.;63635;31/05/2019;;79690;23/03/2022;;NÃO;NÃO;SIM;NÃO;NÃO;NÃO;SIM;;;;;;;;;
HU-UFSCAR;HU;UTIA;UTI ADULTO;UTI ADULTO;PREF-VENT-015/UTIA0027;190440131083A2V;VENTILADOR UTI;EQUIPAMENTO;TECME;GRAPHNET TS+;LIFEMED INDUSTRIAL DE EQUIPAMENTOS E ARTIGOS MEDICOS E HOSPITALARES S.A.;63635;31/05/2019;;79690;23/03/2022;;NÃO;NÃO;SIM;NÃO;NÃO;NÃO;SIM;;;;;;;;;
HU-UFSCAR;HU;UTIA;UTI ADULTO;UTI ADULTO;UTIA0058/10022411;GB-52088005;VENTILADOR UTI;EQUIPAMENTO;MINDRAY;SV-300;MHEDICA SERVICE COMERCIO E MANUTENCAO LTDA;50928,23;09/06/2025;23763.002742/2025-18;53489;09/06/2028;;NÃO;NÃO;SIM;NÃO;NÃO;NÃO;SIM;" ANEXO 2024NE001621 - MHEDICA SERVICE (45648077) 







";;;;;;;;
HU-UFSCAR;HU;UTIPED;UTI PEDIÁTRICA;;UTIP0046;190440051083A2V;VENTILADOR UTI;EQUIPAMENTO;TECME;GRAPHNET TS+;LIFEMED INDUSTRIAL DE EQUIPAMENTOS E ARTIGOS MEDICOS E HOSPITALARES S.A.;63635;31/05/2019;;79690;28/06/2021;;NÃO;NÃO;SIM;NÃO;NÃO;NÃO;SIM;EQUIPAMENTO PASSOU POR MANUTENÇÃO E CALIBRAÇÃO EM 07/08/2023;;;;;;;;
HU-UFSCAR;HU;UTIPED;UTI PEDIÁTRICA;UTI PED;497619;IP5-2006-11-02008;VENTILADOR UTI;EQUIPAMENTO;INTERMED;INTER-5-PLUS;A C PON LAU COMERCIO DE EQUIPAMENTOS ELETRO-ELETRONICOS;33318,65;22/12/2006;;61942;21/12/2007;23/01/2026;SIM;SIM;NÃO;NÃO;NÃO;NÃO;SIM;;;;;;;19 ANOS, 1 MÊS E 1 DIA;;
HU-UFSCAR;HU;UTIPED;UTI PEDIÁTRICA;UTI PED;497620;IP5-2006-11-02000;VENTILADOR UTI;EQUIPAMENTO;INTERMED;INTER-5-PLUS;A C PON LAU COMERCIO DE EQUIPAMENTOS ELETRO-ELETRONICOS;33318,65;22/12/2006;;61942;21/12/2007;23/01/2026;SIM;SIM;NÃO;NÃO;NÃO;NÃO;SIM;;;;;;;19 ANOS, 1 MÊS E 1 DIA;;
HU-UFSCAR;HU;UTIPED;UTI PEDIÁTRICA;UTI PED;501261/UTIP0009;190440031083A2V;VENTILADOR UTI;EQUIPAMENTO;TECME;GRAPHNET TS+;LIFEMED INDUSTRIAL DE EQUIPAMENTOS E ARTIGOS MEDICOS E HOSPITALARES S.A.;63635;31/05/2019;;79690;28/06/2021;;NÃO;NÃO;SIM;NÃO;NÃO;NÃO;SIM;;;;;;;;;
HU-UFSCAR;HU;UTIPED;UTI PEDIÁTRICA;UTI PED;501492/UTIP0014;190440181083A2V;VENTILADOR UTI;EQUIPAMENTO;TECME;GRAPHNET TS+;LIFEMED INDUSTRIAL DE EQUIPAMENTOS E ARTIGOS MEDICOS E HOSPITALARES S.A.;63635;31/05/2019;;79690;23/03/2022;;NÃO;NÃO;SIM;NÃO;NÃO;NÃO;SIM;;;;;;;;;
HU-UFSCAR;HU;UTIPED;UTI PEDIÁTRICA;UTI PED;PREF-VENT-003/UTIP0004;190440041083A2V;VENTILADOR UTI;EQUIPAMENTO;TECME;GRAPHNET TS+;LIFEMED INDUSTRIAL DE EQUIPAMENTOS E ARTIGOS MEDICOS E HOSPITALARES S.A.;65120;31/05/2019;;79690;26/08/2021;;NÃO;NÃO;SIM;NÃO;NÃO;NÃO;SIM;;;;;;;;;
HU-UFSCAR;HU;UTIPED;UTI PEDIÁTRICA;UTI PED;PREF-VENT-008/UTIP0038;190440201083A2V;VENTILADOR UTI;EQUIPAMENTO;TECME;GRAPHNET TS+;LIFEMED INDUSTRIAL DE EQUIPAMENTOS E ARTIGOS MEDICOS E HOSPITALARES S.A.;63635;31/05/2019;;79690;23/03/2022;;NÃO;NÃO;SIM;NÃO;NÃO;NÃO;SIM;;;;;;;;;
HU-UFSCAR;HU;UTIPED;UTI PEDIÁTRICA;UTI PED;PREF-VENT-009/UTIP0024;190440191083A2V;VENTILADOR UTI;EQUIPAMENTO;TECME;GRAPHNET TS+;LIFEMED INDUSTRIAL DE EQUIPAMENTOS E ARTIGOS MEDICOS E HOSPITALARES S.A.;65120;31/05/2019;;79690;23/03/2022;;NÃO;NÃO;SIM;NÃO;NÃO;NÃO;SIM;;;;;;;;;
HU-UFSCAR;HU;UTIA;UTI ADULTO;UTI ADULTO;PMSC-024269;47175;VENTILOMETRO;EQUIPAMENTO;NSPIRE;WRIGHT MARK-8;HOSPLIFE COMERCIO DE EQUIPAMENTOS HOSPITALARES LTDA;19999,5;07/12/2017;;2004;07/12/2018;;NÃO;NÃO;SIM;NÃO;NÃO;NÃO;SIM;;;;;;;;;
HU-UFSCAR;HU;BRONCO;BRONCOSCOPIA;ENDOSCOPIA;;H-111603;VIDEO BRONCOSCOPIO;EQUIPAMENTO;PENTAX;EB-1570-K;ENDOTECH COMÉRCIO IMPORTAÇÃO EXPORTAÇÃO E SERVIÇOS LTDA;0;23/11/2002;23763.001147/2021-23;0000;23/11/2002;;NÃO;NÃO;SIM;NÃO;NÃO;SIM;SIM;EQUIPAMENTO RECEBIDO POR DOAÇÃO.;;;;;;;;
HU-UFSCAR;HU;BRONCO;BRONCOSCOPIA;UDI-ENDOSCOPIA;10019839/500035;N-110024;VIDEO BRONCOSCOPIO;ACESSÓRIO;PENTAX;EB-19-J-10;ENDOTECH COMÉRCIO IMPORTAÇÃO EXPORTAÇÃO E SERVIÇOS LTDA;79000;16/12/2019;;2918;13/05/2023;;NÃO;NÃO;SIM;NÃO;NÃO;SIM;SIM;;;;;;;;;
HU-UFSCAR;HU;ENDO;ENDOSCOPIA;;;H-110779;VIDEO COLONOSCOPIO;EQUIPAMENTO;PENTAX;EC-380-LKP;ENDOTECH COMÉRCIO IMPORTAÇÃO EXPORTAÇÃO E SERVIÇOS LTDA;40000;21/03/2025;23763.000815/2025-29;2252;25/02/2030;;NÃO;NÃO;SIM;NÃO;NÃO;NÃO;NÃO;;;;;;;;;
HU-UFSCAR;HU;ENDO;ENDOSCOPIA;UDI-ENDOSCOPIA;PMS-24159;H-110710;VIDEO COLONOSCOPIO;ACESSÓRIO;PENTAX;EC-3490-LK;ENDOTECH COMÉRCIO IMPORTAÇÃO EXPORTAÇÃO E SERVIÇOS LTDA;145000;17/10/2017;;20792;17/10/2020;;NÃO;NÃO;SIM;NÃO;NÃO;NÃO;SIM;;;;;;;;;
HU-UFSCAR;HU;ENDO;ENDOSCOPIA;UDI-ENDOSCOPIA;PMS-24160;H-110702;VIDEO COLONOSCOPIO;ACESSÓRIO;PENTAX;EC-3490-LK;ENDOTECH COMÉRCIO IMPORTAÇÃO EXPORTAÇÃO E SERVIÇOS LTDA;145000;17/10/2017;;20792;17/10/2020;;NÃO;NÃO;SIM;NÃO;NÃO;NÃO;SIM;;;;;;;;;
HU-UFSCAR;HU;ENDO;ENDOSCOPIA;UDI-ENDOSCOPIA;PMS-24161;H-110711;VIDEO COLONOSCOPIO;ACESSÓRIO;PENTAX;EC-3490-LK;ENDOTECH COMÉRCIO IMPORTAÇÃO EXPORTAÇÃO E SERVIÇOS LTDA;145000;17/10/2017;;20792;17/10/2020;;NÃO;NÃO;SIM;NÃO;NÃO;NÃO;SIM;;;;;;;;;
HU-UFSCAR;HU;AMB;AMBULATÓRIO DE ESPECIALIDADES MÉDICAS;CONSULTÓRIO 1 AMBULATÓRIO;499573/10018738/AMB0003;180893;VIDEO COLPOSCOPIO;EQUIPAMENTO;MEDPEJ;PE-7000-Z;RAPHAEL GONCALVES NICESIO - EPP ;16305,8;04/12/2018;;6876;06/02/2020;;NÃO;NÃO;SIM;NÃO;NÃO;NÃO;SIM;;;;;;;;;
HU-UFSCAR;HU;ENDO;ENDOSCOPIA;;;H-110736;VIDEO GASTROSCOPIO;EQUIPAMENTO;PENTAX;EG-290-KP;ENDOTECH COMÉRCIO IMPORTAÇÃO EXPORTAÇÃO E SERVIÇOS LTDA;40000;21/03/2025;23763.000815/2025-29;2252;24/02/2030;;NÃO;NÃO;SIM;NÃO;NÃO;NÃO;NÃO;;;;;;;;;
HU-UFSCAR;HU;ENDO;ENDOSCOPIA;UDIDE;;A110297;VIDEO GASTROSCOPIO;EQUIPAMENTO;PENTAX;EG-1690-K;FIRST MEDICAL SERVICE LTDA;40000;25/03/2025;;27095;24/02/2026;;NÃO;NÃO;SIM;NÃO;NÃO;NÃO;NÃO;"FISCALIZAÇÃO DO CONTRATO Nº 08/2025 - FIRST

LOCAÇÃO DE ENDOSCÓPIOS FLEXÍVEIS

PROCESSO: 23763.003062/2024-22

NOTA DE EMPENHO 2025NE000143 - FIRST (SEI Nº 47000261)

INICIO 03/2025

DURAÇÃO 12 MESES

";;;;;;;;
HU-UFSCAR;HU;ENDO;ENDOSCOPIA;UDI-ENDOSCOPIA;PMS-24167;H-110932;VIDEO GASTROSCOPIO;ACESSÓRIO;PENTAX;EG-290-KP;ENDOTECH COMÉRCIO IMPORTAÇÃO EXPORTAÇÃO E SERVIÇOS LTDA;82800;26/10/2017;;20890;26/10/2020;;NÃO;NÃO;SIM;NÃO;NÃO;SIM;SIM;;;;;;;;;
HU-UFSCAR;HU;ENDO;ENDOSCOPIA;UDI-ENDOSCOPIA;PMS-24168;H-110952;VIDEO GASTROSCOPIO;EQUIPAMENTO;PENTAX;EG-290-KP;ENDOTECH COMÉRCIO IMPORTAÇÃO EXPORTAÇÃO E SERVIÇOS LTDA;82800;26/10/2017;;20890;26/10/2020;;NÃO;NÃO;SIM;NÃO;NÃO;SIM;SIM;;;;;;;;;
HU-UFSCAR;HU;ENDO;ENDOSCOPIA;UDI-ENDOSCOPIA;PMS-24169;H-110930;VIDEO GASTROSCOPIO;ACESSÓRIO;PENTAX;EG-290-KP;ENDOTECH COMÉRCIO IMPORTAÇÃO EXPORTAÇÃO E SERVIÇOS LTDA;82800;26/10/2017;;20890;26/10/2020;;NÃO;NÃO;SIM;NÃO;NÃO;SIM;SIM;;;;;;;;;
HU-UFSCAR;HU;ENDO;ENDOSCOPIA;UDI-ENDOSCOPIA;PMS-24170;H-110940;VIDEO GASTROSCOPIO;EQUIPAMENTO;PENTAX;EG-290-KP;ENDOTECH COMÉRCIO IMPORTAÇÃO EXPORTAÇÃO E SERVIÇOS LTDA;82800;26/10/2017;;20890;26/10/2020;;NÃO;NÃO;SIM;NÃO;NÃO;SIM;SIM;;;;;;;;;
HU-UFSCAR;HU;ENDO;ENDOSCOPIA;UDI-ENDOSCOPIA;PMS-24171;H-110155;VIDEO GASTROSCOPIO;ACESSÓRIO;PENTAX;EG-3890-TK;ENDOTECH COMÉRCIO IMPORTAÇÃO EXPORTAÇÃO E SERVIÇOS LTDA;135000;26/10/2017;;20890;26/10/2020;;NÃO;NÃO;SIM;NÃO;NÃO;NÃO;SIM;;;;;;;;;
HU-UFSCAR;HU;ENDO;ENDOSCOPIA;UDI-ENDOSCOPIA;PMS-24172;H-110199;VIDEO GASTROSCOPIO;EQUIPAMENTO;PENTAX;EG-3890-TK;ENDOTECH COMÉRCIO IMPORTAÇÃO EXPORTAÇÃO E SERVIÇOS LTDA;135000;26/10/2017;;20890;26/10/2020;;NÃO;NÃO;SIM;NÃO;NÃO;NÃO;SIM;;;;;;;;;
HU-UFSCAR;HU;ENDO;ENDOSCOPIA;UDI-ENDOSCOPIA;PMS-24173;H-110198;VIDEO GASTROSCOPIO;ACESSÓRIO;PENTAX;EG-3890-TK;ENDOTECH COMÉRCIO IMPORTAÇÃO EXPORTAÇÃO E SERVIÇOS LTDA;135000;26/10/2017;;20890;26/10/2020;;NÃO;NÃO;SIM;NÃO;NÃO;NÃO;SIM;;;;;;;;;
HU-UFSCAR;HU;ENDO;ENDOSCOPIA;UDI-ENDOSCOPIA;PMS-24174;H-110200;VIDEO GASTROSCOPIO;EQUIPAMENTO;PENTAX;EG-3890-TK;ENDOTECH COMÉRCIO IMPORTAÇÃO EXPORTAÇÃO E SERVIÇOS LTDA;135000;26/10/2017;;20890;26/10/2020;;NÃO;NÃO;SIM;NÃO;NÃO;NÃO;SIM;;;;;;;;;
HU-UFSCAR;HU;CC;CENTRO CIRÚRGICO;;0010020657;CA0216019;VIDEO LARINGOSCOPIO;EQUIPAMENTO;INSIGHTERS;IS-3-L;TOP CARE PRODUTOS E SERVIÇOS HOSPITALARES EIRELI - ME;16000;18/11/2022;;000.001.359;18/11/2023;;NÃO;NÃO;SIM;NÃO;NÃO;NÃO;SIM;;;;;;;;;
HU-UFSCAR;HU;RAD;RADIOLOGIA;DIGITALIZAÇÃO DE RAIOS-X;497726A;26813113;WORKSTATION;ACESSÓRIO;AGFA;NX MIXED;AGFA HEALTHCARE;0;01/12/2014;;;01/12/2015;;NÃO;NÃO;SIM;NÃO;NÃO;NÃO;SIM;;;;;;;;;
HU-UFSCAR;HU;RAD;RADIOLOGIA;DIGITALIZAÇÃO DE RAIOS-X;501466;11197;WORKSTATION;ACESSÓRIO;AGFA;CRUS;AGFA HEALTHCARE;0;01/12/2014;;;01/12/2015;;NÃO;NÃO;SIM;NÃO;NÃO;NÃO;SIM;;;;;;;;;
HU-UFSCAR;HU;RAD;RADIOLOGIA;DIGITALIZAÇÃO DE RAIOS-X;PMSC-025879A;NX222-12192;WORKSTATION;ACESSÓRIO;AGFA;NX MIXED;AGFA HEALTHCARE;5450;14/03/2018;;351654;03/04/2021;;NÃO;NÃO;SIM;NÃO;NÃO;NÃO;SIM;;;;;;;;;
HU-UFSCAR;HU;RAD;RADIOLOGIA;DIGITALIZAÇÃO DE RAIOS-X;PMSC-025879B;25814;WORKSTATION;ACESSÓRIO;AGFA;CRUS;AGFA HEALTHCARE;3950;14/03/2018;;351654;03/04/2021;;NÃO;NÃO;SIM;NÃO;NÃO;NÃO;SIM;;;;;;;;;
HU-UFSCAR;HU;TOMO;TOMOGRAFIA;SALA DE LAUDOS;498048;;WORKSTATION;ACESSÓRIO;PHILIPS;EBW;PHILIPS MEDICAL SYSTEMS;0;15/05/2007;;;15/05/2008;;NÃO;NÃO;SIM;NÃO;NÃO;NÃO;SIM;;;;;;;;;
